ID,genus_curated,qualifier_curated,qualifier_number,species_curated,binom_curated
0e4de98a69506cfbb884ab533fb1b4fbcae80b6f,Agaricales,sp,,,Agaricales 
37ab898a3263aead5e03cfe812fb519053089d67,Agaricales,sp,,,Agaricales 
b2607ded8f8f2d3ba6dc9eb12c1364bb79d0fb6a,Agaricales,sp,,,Agaricales 
02e627bb4df4e1f524eaf31f52795bbeae91d8d6,Agaricales,sp,2,,Agaricales 
044f0c3798495fa75273334838dd1e09b2740dfb,Agaricales,sp,2,,Agaricales 
177a7362a790de96e4b422c1b57b05be3803741c,Agaricales,sp,2,,Agaricales 
1c7e7af30c11e8ec51e358c96cd6e6b8fde85ed8,Agaricales,sp,2,,Agaricales 
2282b8958fd315a47d513413a9b1efa3b56cec03,Agaricales,sp,2,,Agaricales 
29e85a121c36a5a7692ea68532564b3437d5f4bd,Agaricales,sp,2,,Agaricales 
4d7b1b7849de0e8d45e97056253d844fb4a7bbfe,Agaricales,sp,2,,Agaricales 
613fdecd2e91246e507a949b61bd20c382a40c96,Agaricales,sp,2,,Agaricales 
7cad6ebf670ba8be04ca016a8dec0e16b17767d2,Agaricales,sp,2,,Agaricales 
814a6edeed6552d5a8e9383e3226278cbb1e34c8,Agaricales,sp,2,,Agaricales 
8f453c182c343534142a4bb93db7439cac098bbc,Agaricales,sp,2,,Agaricales 
946f3ddbd300bef7a74aed24817127b0b541a2db,Agaricales,sp,2,,Agaricales 
bbdc8d804f8db66ee9402b92e70b4ce6343e70f7,Agaricales,sp,2,,Agaricales 
f4929d19889a5ef927cb8917b3e21ede507ae570,Agaricales,sp,2,,Agaricales 
2572a97b0ec93b64d8b3059f6d84be0b8b94ab09,Agaricales,sp,5,,Agaricales 
30f719e3da05e2d3114f19db2b2aff029c942ec8,Agaricales,sp,5,,Agaricales 
30f719e3da05e2d3114f19db2b2aff029c942ec8,Agaricales,sp,5,,Agaricales 
30f719e3da05e2d3114f19db2b2aff029c942ec8,Agaricales,sp,5,,Agaricales 
dc5558a691d27ecd0bf70ae14b473d8944140df2,Agaricales,sp,6,,Agaricales 
40591eb74753ba8c0e4d77612433838853168abd,Agaricales,sp,7,,Agaricales 
f1c668d3c4aa37757a4bc7f1b791d14df6336882,Agaricales,sp,7,,Agaricales 
f1c668d3c4aa37757a4bc7f1b791d14df6336882,Agaricales,sp,7,,Agaricales 
bf0afa97a1f23af32a370f7120114644a0675bf4,Agaricales,sp,8,,Agaricales 
c34b79532833a10707e32a6c4cf9116b70d216d9,Agaricus,,,jacobi,Agaricus jacobi
e02ade7b50e1911c22837a464897c6d3257fc078,Agaricus,,,jacobi,Agaricus jacobi
35009af3fb08c8eecb2a93bee2dcf3d7a0e87737,Agaricus,aff,2,xanthodermus,Agaricus xanthodermus
ad36bb7e4eda6dabda1ab6d62bad24f796613e18,Agaricus,aff,,xanthodermus,Agaricus xanthodermus
e897bab884b54391e11ccfd119168a4c3cbdbff2,Agaricus,,,xanthodermus,Agaricus xanthodermus
05cc6dbfdfa146709f781b178de6d5f724dffadc,Agrocybe,,,praecox,Agrocybe praecox
15daf2ac9d1b746f7d5fb9a48557658296f40a1e,Agrocybe,,,praecox,Agrocybe praecox
15daf2ac9d1b746f7d5fb9a48557658296f40a1e,Agrocybe,,,praecox,Agrocybe praecox
15daf2ac9d1b746f7d5fb9a48557658296f40a1e,Agrocybe,,,praecox,Agrocybe praecox
15daf2ac9d1b746f7d5fb9a48557658296f40a1e,Agrocybe,,,praecox,Agrocybe praecox
1b451a4ee4b41567ce81627b71edc0166839975d,Agrocybe,,,praecox,Agrocybe praecox
23fc7089cf2696a0cdab2eae8d70342188d32918,Agrocybe,,,praecox,Agrocybe praecox
2521bc537c6e2301311e4a8b567d72634eace57f,Agrocybe,,,praecox,Agrocybe praecox
3238b08df737915dac7bc064b7971ed0d9051675,Agrocybe,,,praecox,Agrocybe praecox
358386d3ef6525ebbae73e65a3b1df3e9713cfd9,Agrocybe,,,praecox,Agrocybe praecox
399f1032ddf9c0f343710d5bc2876dac67940850,Agrocybe,,,praecox,Agrocybe praecox
57e1c9b62107469bf5afa193dc20735f234bf7ad,Agrocybe,,,praecox,Agrocybe praecox
8d082e072d6702f58dd1dfcae767f88b2ae24beb,Agrocybe,,,praecox,Agrocybe praecox
a4aff2ec4d8ffd8a9b9b6baca5b2831f393bce8a,Agrocybe,,,praecox,Agrocybe praecox
d88f5753bf452d1daca1cb4d381aecfe226a156d,Agrocybe,,,praecox,Agrocybe praecox
ecbc05851a97e6a385c2d24ab87d964a9d38e9d1,Agrocybe,,,praecox,Agrocybe praecox
ecbc05851a97e6a385c2d24ab87d964a9d38e9d1,Agrocybe,,,praecox,Agrocybe praecox
ecbc05851a97e6a385c2d24ab87d964a9d38e9d1,Agrocybe,,,praecox,Agrocybe praecox
ecbc05851a97e6a385c2d24ab87d964a9d38e9d1,Agrocybe,,,praecox,Agrocybe praecox
ecbc05851a97e6a385c2d24ab87d964a9d38e9d1,Agrocybe,,,praecox,Agrocybe praecox
f3426d2b586815d271860d2f4585c922ec30770c,Agrocybe,,,praecox,Agrocybe praecox
f3426d2b586815d271860d2f4585c922ec30770c,Agrocybe,,,praecox,Agrocybe praecox
f3426d2b586815d271860d2f4585c922ec30770c,Agrocybe,,,praecox,Agrocybe praecox
fffaa5536d3b3ab6b1cacda306e195ecc463fb2d,Agrocybe,,,praecox,Agrocybe praecox
fffaa5536d3b3ab6b1cacda306e195ecc463fb2d,Agrocybe,,,praecox,Agrocybe praecox
fffaa5536d3b3ab6b1cacda306e195ecc463fb2d,Agrocybe,,,praecox,Agrocybe praecox
08082b694198cfa80aac5c21ae5cd94f36a20ee7,Alnicola,aff,,amarescens,Alnicola amarescens
0a9f9c9508f7687c378403fb612f1dcbe56aaa1a,Alnicola,aff,,amarescens,Alnicola amarescens
0a9f9c9508f7687c378403fb612f1dcbe56aaa1a,Alnicola,aff,,amarescens,Alnicola amarescens
0a9f9c9508f7687c378403fb612f1dcbe56aaa1a,Alnicola,aff,,amarescens,Alnicola amarescens
0a9f9c9508f7687c378403fb612f1dcbe56aaa1a,Alnicola,aff,,amarescens,Alnicola amarescens
0a9f9c9508f7687c378403fb612f1dcbe56aaa1a,Alnicola,aff,,amarescens,Alnicola amarescens
0b37a41719a1ba4b26c73acd9a1f15497c9ffd97,Alnicola,,,amarescens,Alnicola amarescens
12510208e7834118002a9cc37978a9d1626c0b7b,Alnicola,,,amarescens,Alnicola amarescens
13bea963a25155ea71cb6b33fcc7f3fad6185977,Alnicola,,,amarescens,Alnicola amarescens
1df084ee2867f31c91df266f765a1e80f0b6631d,Alnicola,,,amarescens,Alnicola amarescens
20ac059bb8845be4578f9aa5c6dda641884e5557,Alnicola,aff,,amarescens,Alnicola amarescens
2443c13f2e0d6333865e525d2239a90214b99663,Alnicola,aff,,amarescens,Alnicola amarescens
2bc48ea722aafe3acdc40d12302a9beed9db76ae,Alnicola,,,amarescens,Alnicola amarescens
2bc48ea722aafe3acdc40d12302a9beed9db76ae,Alnicola,,,amarescens,Alnicola amarescens
2bc48ea722aafe3acdc40d12302a9beed9db76ae,Alnicola,,,amarescens,Alnicola amarescens
2bc48ea722aafe3acdc40d12302a9beed9db76ae,Alnicola,,,amarescens,Alnicola amarescens
2bc48ea722aafe3acdc40d12302a9beed9db76ae,Alnicola,,,amarescens,Alnicola amarescens
2bc48ea722aafe3acdc40d12302a9beed9db76ae,Alnicola,,,amarescens,Alnicola amarescens
2bc48ea722aafe3acdc40d12302a9beed9db76ae,Alnicola,,,amarescens,Alnicola amarescens
2fc2bc5c2ef0f926327c1e2e5428a21abc4f9700,Alnicola,,,amarescens,Alnicola amarescens
399bc5df49e3802a8bd47e766ccf6b15c11b9221,Alnicola,,,amarescens,Alnicola amarescens
3dff532f1ad92aea3122b2fe5d6bf5df269d62ca,Alnicola,,,amarescens,Alnicola amarescens
4160f221ef2f020cd36759b4a282e1c212be79c6,Alnicola,aff,,amarescens,Alnicola amarescens
4e0887f4cc739ee72e3d01f8fff730921a5f0ed3,Alnicola,aff,,amarescens,Alnicola amarescens
5522a9637a19203e1a7772220a2b09020893d095,Alnicola,aff,,amarescens,Alnicola amarescens
5f7aac4a23942ea718773208729f3ad07136198d,Alnicola,aff,,amarescens,Alnicola amarescens
7577b90964e8728a9020741f00e5a0ba598f7dae,Alnicola,aff,,amarescens,Alnicola amarescens
82079d6a61f8131cae0640e570f453a64d7dc5f0,Alnicola,aff,,amarescens,Alnicola amarescens
98fddf692896ec69dc35eced5242a1e8f7f0047c,Alnicola,,,amarescens,Alnicola amarescens
9c2d5187ecf86a343e070eb682cc03bf859e4c98,Alnicola,,,amarescens,Alnicola amarescens
9c2d5187ecf86a343e070eb682cc03bf859e4c98,Alnicola,,,amarescens,Alnicola amarescens
9c2d5187ecf86a343e070eb682cc03bf859e4c98,Alnicola,,,amarescens,Alnicola amarescens
a83d4dfcfdf8f2de9c4c7310b4c3bf27d063b3e5,Alnicola,,,amarescens,Alnicola amarescens
a86aa38b8f1da414da851866ab8e59aad17331e6,Alnicola,,,amarescens,Alnicola amarescens
afa27f00055e9666fb8289972975137bc49e99fc,Alnicola,aff,,amarescens,Alnicola amarescens
bbb318a955505313a28b5ed693e3df749ba91d86,Alnicola,aff,,amarescens,Alnicola amarescens
bbb318a955505313a28b5ed693e3df749ba91d86,Alnicola,aff,,amarescens,Alnicola amarescens
e170db77fbbb21c9d1a603f00907c8d2b7401dcf,Alnicola,aff,,amarescens,Alnicola amarescens
e6b0fb157ac903308848ac5d0bfe9ef0dda0f3e2,Alnicola,,,amarescens,Alnicola amarescens
efcfeeb21f954ad8e1d241c7e1e4ebe48a6130a8,Alnicola,aff,,amarescens,Alnicola amarescens
efcfeeb21f954ad8e1d241c7e1e4ebe48a6130a8,Alnicola,aff,,amarescens,Alnicola amarescens
efcfeeb21f954ad8e1d241c7e1e4ebe48a6130a8,Alnicola,aff,,amarescens,Alnicola amarescens
f6d782cbd1e623daa5b23f4aabc53e586fc6ce6d,Alnicola,aff,,amarescens,Alnicola amarescens
fa1d0e66ff2e748163d39eb26e7c741598da9348,Alnicola,,,amarescens,Alnicola amarescens
fa1d0e66ff2e748163d39eb26e7c741598da9348,Alnicola,,,amarescens,Alnicola amarescens
fa1d0e66ff2e748163d39eb26e7c741598da9348,Alnicola,,,amarescens,Alnicola amarescens
fba9569c2d4a5a67ba7c59e0be22c257c5323148,Alnicola,aff,,amarescens,Alnicola amarescens
310a4e36976f100f7b6dc29e545dfbde5955a332,Alnicola,cf,,silvaenovae,Alnicola silvaenovae
36b8f3dd129ee7dd34a024c18700e4d2f81e9600,Alnicola,,,spectabilis,Alnicola spectabilis
5506b6a4955f0bcb8b382cf4004d8967e44ea664,Alnicola,cf,,sphagneti,Alnicola sphagneti
033207203726e1d52aab5cc8525dcbf915780819,Alnicola,,,tantilla,Alnicola tantilla
0507e6f77304117e08bfb29870140b0fc8570b86,Alnicola,,,tantilla,Alnicola tantilla
0507e6f77304117e08bfb29870140b0fc8570b86,Alnicola,,,tantilla,Alnicola tantilla
0507e6f77304117e08bfb29870140b0fc8570b86,Alnicola,,,tantilla,Alnicola tantilla
0507e6f77304117e08bfb29870140b0fc8570b86,Alnicola,,,tantilla,Alnicola tantilla
0507e6f77304117e08bfb29870140b0fc8570b86,Alnicola,,,tantilla,Alnicola tantilla
0507e6f77304117e08bfb29870140b0fc8570b86,Alnicola,,,tantilla,Alnicola tantilla
0507e6f77304117e08bfb29870140b0fc8570b86,Alnicola,,,tantilla,Alnicola tantilla
0507e6f77304117e08bfb29870140b0fc8570b86,Alnicola,,,tantilla,Alnicola tantilla
0507e6f77304117e08bfb29870140b0fc8570b86,Alnicola,,,tantilla,Alnicola tantilla
0507e6f77304117e08bfb29870140b0fc8570b86,Alnicola,,,tantilla,Alnicola tantilla
0507e6f77304117e08bfb29870140b0fc8570b86,Alnicola,,,tantilla,Alnicola tantilla
0507e6f77304117e08bfb29870140b0fc8570b86,Alnicola,,,tantilla,Alnicola tantilla
0507e6f77304117e08bfb29870140b0fc8570b86,Alnicola,,,tantilla,Alnicola tantilla
0507e6f77304117e08bfb29870140b0fc8570b86,Alnicola,,,tantilla,Alnicola tantilla
0507e6f77304117e08bfb29870140b0fc8570b86,Alnicola,,,tantilla,Alnicola tantilla
0507e6f77304117e08bfb29870140b0fc8570b86,Alnicola,,,tantilla,Alnicola tantilla
0507e6f77304117e08bfb29870140b0fc8570b86,Alnicola,,,tantilla,Alnicola tantilla
0507e6f77304117e08bfb29870140b0fc8570b86,Alnicola,,,tantilla,Alnicola tantilla
0507e6f77304117e08bfb29870140b0fc8570b86,Alnicola,,,tantilla,Alnicola tantilla
0507e6f77304117e08bfb29870140b0fc8570b86,Alnicola,,,tantilla,Alnicola tantilla
0507e6f77304117e08bfb29870140b0fc8570b86,Alnicola,,,tantilla,Alnicola tantilla
0507e6f77304117e08bfb29870140b0fc8570b86,Alnicola,,,tantilla,Alnicola tantilla
0507e6f77304117e08bfb29870140b0fc8570b86,Alnicola,,,tantilla,Alnicola tantilla
0507e6f77304117e08bfb29870140b0fc8570b86,Alnicola,,,tantilla,Alnicola tantilla
07d3f2538e1db7e92ea362d55df3308b603e091f,Alnicola,,,tantilla,Alnicola tantilla
086653c8f4736cc6b6a0ffbad6034d7e235ad313,Alnicola,,,tantilla,Alnicola tantilla
08819cea93fb13630d4e5a1c8001fdbe848a390c,Alnicola,,,tantilla,Alnicola tantilla
088df8028e7b0dc684f4cadcff4464f67dd122f3,Alnicola,,,tantilla,Alnicola tantilla
088df8028e7b0dc684f4cadcff4464f67dd122f3,Alnicola,,,tantilla,Alnicola tantilla
088df8028e7b0dc684f4cadcff4464f67dd122f3,Alnicola,,,tantilla,Alnicola tantilla
088df8028e7b0dc684f4cadcff4464f67dd122f3,Alnicola,,,tantilla,Alnicola tantilla
088df8028e7b0dc684f4cadcff4464f67dd122f3,Alnicola,,,tantilla,Alnicola tantilla
088df8028e7b0dc684f4cadcff4464f67dd122f3,Alnicola,,,tantilla,Alnicola tantilla
088df8028e7b0dc684f4cadcff4464f67dd122f3,Alnicola,,,tantilla,Alnicola tantilla
088df8028e7b0dc684f4cadcff4464f67dd122f3,Alnicola,,,tantilla,Alnicola tantilla
088df8028e7b0dc684f4cadcff4464f67dd122f3,Alnicola,,,tantilla,Alnicola tantilla
088df8028e7b0dc684f4cadcff4464f67dd122f3,Alnicola,,,tantilla,Alnicola tantilla
088df8028e7b0dc684f4cadcff4464f67dd122f3,Alnicola,,,tantilla,Alnicola tantilla
088df8028e7b0dc684f4cadcff4464f67dd122f3,Alnicola,,,tantilla,Alnicola tantilla
088df8028e7b0dc684f4cadcff4464f67dd122f3,Alnicola,,,tantilla,Alnicola tantilla
0a9f9c9508f7687c378403fb612f1dcbe56aaa1a,Alnicola,,,tantilla,Alnicola tantilla
10a05544d6cbe2edf53af33e9e0b18b151b0279e,Alnicola,,,tantilla,Alnicola tantilla
19251e21d9020a97dbe26b31a181cbe16b800bfe,Alnicola,,,tantilla,Alnicola tantilla
20202b54fc1ea527474d9bab6c5532014efac860,Alnicola,,,tantilla,Alnicola tantilla
2035ef846ec89466ac7f06cf73a2de351707f077,Alnicola,,,tantilla,Alnicola tantilla
21798215b46e0a897e12dd41a690be10fefd283a,Alnicola,,,tantilla,Alnicola tantilla
3544e50df5871e900ebd3585d447fe1ee76ac2f4,Alnicola,,,tantilla,Alnicola tantilla
3544e50df5871e900ebd3585d447fe1ee76ac2f4,Alnicola,,,tantilla,Alnicola tantilla
41edc9778cb1efd7c02139ef5ce65037b0efb204,Alnicola,,,tantilla,Alnicola tantilla
4669cc211ad9784643e475678380afa037b634db,Alnicola,,,tantilla,Alnicola tantilla
4b7cc63d651dc12faea61648aa744d199679f405,Alnicola,,,tantilla,Alnicola tantilla
572ed2a98c8f9f1602a5a1effdd373bf717200d1,Alnicola,,,tantilla,Alnicola tantilla
69f4372b21b08eb43a8197c8996dc24f9a12dc1f,Alnicola,,,tantilla,Alnicola tantilla
7af0ad792a5b5669076dedbb0a699dca9be59946,Alnicola,,,tantilla,Alnicola tantilla
87ed1af810f013f5e10b91ec5b9c04c98e2f06f7,Alnicola,,,tantilla,Alnicola tantilla
8b26899be464915fcb67530d27ecb68eff571a6d,Alnicola,,,tantilla,Alnicola tantilla
93afd06c23dd1b9fc121610922a0ddff45f70c19,Alnicola,,,tantilla,Alnicola tantilla
94503696b00c2a3bcafc3b765db293daa6a5dfad,Alnicola,,,tantilla,Alnicola tantilla
99f078191a527738f00ee1d5d731680a47a92f3d,Alnicola,,,tantilla,Alnicola tantilla
b11a4aeb40aa896d827713d1c1e46df37110a6ac,Alnicola,,,tantilla,Alnicola tantilla
bc5e754c5cbe034e6b2482418ce12137e710485c,Alnicola,,,tantilla,Alnicola tantilla
bcea862ebdc04004f6ed44962f9ac396fdaf9cca,Alnicola,,,tantilla,Alnicola tantilla
c8529e77404bdbc4e7c587b5cafc2147dae44211,Alnicola,,,tantilla,Alnicola tantilla
e9adb482921951efe39cfb17ce2a3043335a0231,Alnicola,,,tantilla,Alnicola tantilla
e9adb482921951efe39cfb17ce2a3043335a0231,Alnicola,,,tantilla,Alnicola tantilla
e9adb482921951efe39cfb17ce2a3043335a0231,Alnicola,,,tantilla,Alnicola tantilla
e9adb482921951efe39cfb17ce2a3043335a0231,Alnicola,,,tantilla,Alnicola tantilla
e9adb482921951efe39cfb17ce2a3043335a0231,Alnicola,,,tantilla,Alnicola tantilla
e9adb482921951efe39cfb17ce2a3043335a0231,Alnicola,,,tantilla,Alnicola tantilla
e9adb482921951efe39cfb17ce2a3043335a0231,Alnicola,,,tantilla,Alnicola tantilla
f8449e947c39a00d2e89d4ee34956bf7713a487c,Alnicola,,,tantilla,Alnicola tantilla
f8449e947c39a00d2e89d4ee34956bf7713a487c,Alnicola,,,tantilla,Alnicola tantilla
f8449e947c39a00d2e89d4ee34956bf7713a487c,Alnicola,,,tantilla,Alnicola tantilla
54551ae25cf6160fb719fa09b8169878adb59f76,Alpova,sp,,,Alpova 
97ea18b8178291ffd69145ef3226e02ab7a6a7c8,Alpova,sp,,,Alpova 
b8d30fa74a47aafc89202485a7d45b9174b905de,Alpova,sp,,,Alpova 
05414828bdd13f81801e5c674429b2a9bb72dea7,Amanita,sp,1,,Amanita 
08ede034da82f12b9411e3fa2aaef49b6c6cb27f,Amanita,sp,1,,Amanita 
08ede034da82f12b9411e3fa2aaef49b6c6cb27f,Amanita,sp,1,,Amanita 
292d8a68a7c9e7607264367b64d25a178d7c4be8,Amanita,sp,1,,Amanita 
d0bee397025bcdd23ef446b373505d3173ef2116,Amanita,sp,1,,Amanita 
7efadae8f1ba6fb955aa51ad569975b509f108bd,Amanita,sp,2,,Amanita 
7efadae8f1ba6fb955aa51ad569975b509f108bd,Amanita,sp,2,,Amanita 
7efadae8f1ba6fb955aa51ad569975b509f108bd,Amanita,sp,2,,Amanita 
8f7f312c8333f64f4a5a9104bcbc88ee3b13a81e,Amanita,sp,2,,Amanita 
e7967a363acce771fb44ab0a8c47955ee53fd9d8,Amanita,sp,2,,Amanita 
0564e999a52ebfb948b9d84268952e6aa551c3e0,Amanita,,,betulae,Amanita betulae
0564e999a52ebfb948b9d84268952e6aa551c3e0,Amanita,,,betulae,Amanita betulae
066b6cc19cd429b0b5df1aaec9d9e5d41a63c94c,Amanita,,,betulae,Amanita betulae
1f3cdb3f15b7a71e4ea976ce3d8af54fb58bcd78,Amanita,,,betulae,Amanita betulae
1f3cdb3f15b7a71e4ea976ce3d8af54fb58bcd78,Amanita,,,betulae,Amanita betulae
1f3cdb3f15b7a71e4ea976ce3d8af54fb58bcd78,Amanita,,,betulae,Amanita betulae
1f3cdb3f15b7a71e4ea976ce3d8af54fb58bcd78,Amanita,,,betulae,Amanita betulae
1f3cdb3f15b7a71e4ea976ce3d8af54fb58bcd78,Amanita,,,betulae,Amanita betulae
1bf243a75dbaf249fe5283b00e094e81acd325eb,Amanita,,,coryli,Amanita coryli
1bf243a75dbaf249fe5283b00e094e81acd325eb,Amanita,,,coryli,Amanita coryli
1bf243a75dbaf249fe5283b00e094e81acd325eb,Amanita,,,coryli,Amanita coryli
1bf243a75dbaf249fe5283b00e094e81acd325eb,Amanita,,,coryli,Amanita coryli
74440ebacbc2063b2a9b037207b73c7a869f297c,Amanita,,,coryli,Amanita coryli
74440ebacbc2063b2a9b037207b73c7a869f297c,Amanita,,,coryli,Amanita coryli
74440ebacbc2063b2a9b037207b73c7a869f297c,Amanita,,,coryli,Amanita coryli
74440ebacbc2063b2a9b037207b73c7a869f297c,Amanita,,,coryli,Amanita coryli
969633d4d583213c2acf47d36c1c632e2b5411ab,Amanita,,,coryli,Amanita coryli
fbd44126b0228c2c9f5c1aefe03e7e7820c380b9,Amanita,aff,,crocea,Amanita crocea
fbd44126b0228c2c9f5c1aefe03e7e7820c380b9,Amanita,aff,,crocea,Amanita crocea
fbd44126b0228c2c9f5c1aefe03e7e7820c380b9,Amanita,aff,,crocea,Amanita crocea
160ccc0f3d96f80b6e5c0cc4bed02cdc2027540c,Amanita,,,friabilis,Amanita friabilis
18145e44a978a7863f7ec6d0ac0b98cf5be7c433,Amanita,,,fulva,Amanita fulva
18145e44a978a7863f7ec6d0ac0b98cf5be7c433,Amanita,,,fulva,Amanita fulva
18145e44a978a7863f7ec6d0ac0b98cf5be7c433,Amanita,,,fulva,Amanita fulva
59308d2a38d6b381eb8ca00f1da22f52f896dc8c,Amanita,,,fulva,Amanita fulva
6555c2f6770c5a21dada1636a443b0b55ebb191f,Amanita,,,fulva,Amanita fulva
66df6f4fdf74d3db0edc7e083f8eafd89a6356a7,Amanita,,,fulva,Amanita fulva
84a41cf6b756a36808a780f09107b70ba5dcdfe4,Amanita,,,fulva,Amanita fulva
905280d1563d6a5b5aa01ded89e957aeaa7f2ea4,Amanita,,,fulva,Amanita fulva
a0c7766123e56503afa489f77dc154e7b6297186,Amanita,,,fulva,Amanita fulva
a0c7766123e56503afa489f77dc154e7b6297186,Amanita,,,fulva,Amanita fulva
a0c7766123e56503afa489f77dc154e7b6297186,Amanita,,,fulva,Amanita fulva
a0c7766123e56503afa489f77dc154e7b6297186,Amanita,,,fulva,Amanita fulva
a0c7766123e56503afa489f77dc154e7b6297186,Amanita,,,fulva,Amanita fulva
a0c7766123e56503afa489f77dc154e7b6297186,Amanita,,,fulva,Amanita fulva
a0c7766123e56503afa489f77dc154e7b6297186,Amanita,,,fulva,Amanita fulva
a0c7766123e56503afa489f77dc154e7b6297186,Amanita,,,fulva,Amanita fulva
a0c7766123e56503afa489f77dc154e7b6297186,Amanita,,,fulva,Amanita fulva
a0c7766123e56503afa489f77dc154e7b6297186,Amanita,,,fulva,Amanita fulva
a0c7766123e56503afa489f77dc154e7b6297186,Amanita,,,fulva,Amanita fulva
a0c7766123e56503afa489f77dc154e7b6297186,Amanita,,,fulva,Amanita fulva
a0c7766123e56503afa489f77dc154e7b6297186,Amanita,,,fulva,Amanita fulva
a0c7766123e56503afa489f77dc154e7b6297186,Amanita,,,fulva,Amanita fulva
a0c7766123e56503afa489f77dc154e7b6297186,Amanita,,,fulva,Amanita fulva
a0c7766123e56503afa489f77dc154e7b6297186,Amanita,,,fulva,Amanita fulva
a0c7766123e56503afa489f77dc154e7b6297186,Amanita,,,fulva,Amanita fulva
e9e32558b837cf97452a632e12d086bff4d6fa2d,Amanita,,,fulva,Amanita fulva
111b5ad4a1d6a8e0462bb1453872de68d65b2af3,Amanita,,,muscaria,Amanita muscaria
4699ca873aed93bb5c9d4fb0543d48ca90768196,Amanita,,,muscaria,Amanita muscaria
4cdc3ce7fbcdbc60bb9d01a6d9451b9d92961e50,Amanita,,,muscaria,Amanita muscaria
4de291b3d57e0c11d439e15503a246c4e97a1dd0,Amanita,,,muscaria,Amanita muscaria
4de291b3d57e0c11d439e15503a246c4e97a1dd0,Amanita,,,muscaria,Amanita muscaria
4de291b3d57e0c11d439e15503a246c4e97a1dd0,Amanita,,,muscaria,Amanita muscaria
521c7bcc4fc01977c886687c250d6cf768ef1312,Amanita,,,muscaria,Amanita muscaria
9d32845af981e48e9a50f05eba26e1201ca1604b,Amanita,,,muscaria,Amanita muscaria
9e205eae7f30c25f355d8442c49fcd068c879e11,Amanita,,,muscaria,Amanita muscaria
c0d3238795ea9a48af65e98cc78a4775a3719834,Amanita,,,muscaria,Amanita muscaria
c0d3238795ea9a48af65e98cc78a4775a3719834,Amanita,,,muscaria,Amanita muscaria
c0d3238795ea9a48af65e98cc78a4775a3719834,Amanita,,,muscaria,Amanita muscaria
c3b913a590a55fb39c92e5093a76ce16751e402f,Amanita,,,muscaria,Amanita muscaria
e4d36584d08caa702dabc40dac83700e6dde68e6,Amanita,,,muscaria,Amanita muscaria
268d0b20de5fd1c1c2c822419221ae8d432db289,Amanita,,,olivaceogrisea,Amanita olivaceogrisea
268d0b20de5fd1c1c2c822419221ae8d432db289,Amanita,,,olivaceogrisea,Amanita olivaceogrisea
268d0b20de5fd1c1c2c822419221ae8d432db289,Amanita,,,olivaceogrisea,Amanita olivaceogrisea
4ec3270317e93d25e7c54942131f646177b5aedb,Amanita,,,olivaceogrisea,Amanita olivaceogrisea
4ec3270317e93d25e7c54942131f646177b5aedb,Amanita,,,olivaceogrisea,Amanita olivaceogrisea
4ec3270317e93d25e7c54942131f646177b5aedb,Amanita,,,olivaceogrisea,Amanita olivaceogrisea
4ec3270317e93d25e7c54942131f646177b5aedb,Amanita,,,olivaceogrisea,Amanita olivaceogrisea
4ec3270317e93d25e7c54942131f646177b5aedb,Amanita,,,olivaceogrisea,Amanita olivaceogrisea
4ec3270317e93d25e7c54942131f646177b5aedb,Amanita,,,olivaceogrisea,Amanita olivaceogrisea
bfc2a156dd9096a2e5ef26bd166e4d041c4e30ff,Amanita,,,pantherina,Amanita pantherina
4a4ec55beaf647b44b6a629c8da32635e4d46f23,Amanita,,,porphyria,Amanita porphyria
4a4ec55beaf647b44b6a629c8da32635e4d46f23,Amanita,,,porphyria,Amanita porphyria
e353ee38a9289ad6e83ea75138e98a26bcbf6495,Amphinema,sp,,,Amphinema 
0c06e1f9e14bdd44494fe95c79528f64e0eb9a50,Apioperdon,,,pyriforme,Apioperdon pyriforme
3e8ce039c595d8cacb3e0e657a4b934b4da25d51,Apioperdon,,,pyriforme,Apioperdon pyriforme
512e1082524685629ec25b9bd7ea9c5b6e0b8989,Apioperdon,,,pyriforme,Apioperdon pyriforme
59b738d464795440ec3fa7db54c40bacd5b0cd3e,Apioperdon,,,pyriforme,Apioperdon pyriforme
5dab15703edcb92b0587c5fae2a8b83769646c31,Apioperdon,,,pyriforme,Apioperdon pyriforme
63444c035111b7819fac9f9109d1cddb858c07cf,Apioperdon,,,pyriforme,Apioperdon pyriforme
7d34649ed299fe60bfad725215862c1811a12073,Apioperdon,,,pyriforme,Apioperdon pyriforme
7ebc663c49ecdc7e794ae10ddde12da8794b9c93,Apioperdon,,,pyriforme,Apioperdon pyriforme
8273755ac881f3a9cfb210625ccb89a8c66a9058,Apioperdon,,,pyriforme,Apioperdon pyriforme
8b848632864724e63a79a09b01b2f1af5827bc18,Apioperdon,,,pyriforme,Apioperdon pyriforme
8faa58fd25e72f5bf38435a8eda93aa48a53e451,Apioperdon,,,pyriforme,Apioperdon pyriforme
a7ec9e34c8630e301cde64a8c4528ac305f986ba,Apioperdon,,,pyriforme,Apioperdon pyriforme
a7ec9e34c8630e301cde64a8c4528ac305f986ba,Apioperdon,,,pyriforme,Apioperdon pyriforme
b4d93c025cecadffb617671c8b8fcf1617406aae,Apioperdon,,,pyriforme,Apioperdon pyriforme
b5d5dac55f67c3ba87a6d25c37fc357854af3d53,Apioperdon,,,pyriforme,Apioperdon pyriforme
c3fb9e7bd7d03e39b4f76a866c96d30810fb556d,Apioperdon,,,pyriforme,Apioperdon pyriforme
c3fb9e7bd7d03e39b4f76a866c96d30810fb556d,Apioperdon,,,pyriforme,Apioperdon pyriforme
c3fb9e7bd7d03e39b4f76a866c96d30810fb556d,Apioperdon,,,pyriforme,Apioperdon pyriforme
c3fb9e7bd7d03e39b4f76a866c96d30810fb556d,Apioperdon,,,pyriforme,Apioperdon pyriforme
c3fb9e7bd7d03e39b4f76a866c96d30810fb556d,Apioperdon,,,pyriforme,Apioperdon pyriforme
c42523a09debfd05ba6dfaf4ebd954a1c15e02be,Apioperdon,,,pyriforme,Apioperdon pyriforme
c42523a09debfd05ba6dfaf4ebd954a1c15e02be,Apioperdon,,,pyriforme,Apioperdon pyriforme
c42523a09debfd05ba6dfaf4ebd954a1c15e02be,Apioperdon,,,pyriforme,Apioperdon pyriforme
c42523a09debfd05ba6dfaf4ebd954a1c15e02be,Apioperdon,,,pyriforme,Apioperdon pyriforme
c42523a09debfd05ba6dfaf4ebd954a1c15e02be,Apioperdon,,,pyriforme,Apioperdon pyriforme
d40d63a393a0eb5fbcdda1bd05efb5a2ac0e5670,Apioperdon,,,pyriforme,Apioperdon pyriforme
dd4c92f95ff29108f58edc6b270bf181957a987e,Apioperdon,,,pyriforme,Apioperdon pyriforme
dd8487d0aec01b2d0453bd5f429fa3fb1389c6fb,Apioperdon,,,pyriforme,Apioperdon pyriforme
df6775cd250553ca38d2941f2c9315c227cc79af,Apioperdon,,,pyriforme,Apioperdon pyriforme
6192930e9602b11bd006ef91c41f86b75267c520,Arrhenia,sp,,,Arrhenia 
3e060c0d070fababbd7773e81d2e467c1c38f487,Arrhenia,sp,2,,Arrhenia 
1b19cc51e6745ee49437a3e66817af6c19e30073,Arrhenia,,,bigelowii,Arrhenia bigelowii
1b19cc51e6745ee49437a3e66817af6c19e30073,Arrhenia,,,bigelowii,Arrhenia bigelowii
1b19cc51e6745ee49437a3e66817af6c19e30073,Arrhenia,,,bigelowii,Arrhenia bigelowii
1b19cc51e6745ee49437a3e66817af6c19e30073,Arrhenia,,,bigelowii,Arrhenia bigelowii
1b19cc51e6745ee49437a3e66817af6c19e30073,Arrhenia,,,bigelowii,Arrhenia bigelowii
1b19cc51e6745ee49437a3e66817af6c19e30073,Arrhenia,,,bigelowii,Arrhenia bigelowii
1b19cc51e6745ee49437a3e66817af6c19e30073,Arrhenia,,,bigelowii,Arrhenia bigelowii
2cd536563188164f538326f516f0b47040ff772c,Arrhenia,,,bigelowii,Arrhenia bigelowii
363b0e58e89bf8023b094b60bca75d2c4bcd562c,Arrhenia,,,bigelowii,Arrhenia bigelowii
6f29f912fbaae0afd915d8e4a5f23ce4dc684ec4,Arrhenia,,,bigelowii,Arrhenia bigelowii
035e2dd2de232487a75885736b32ff9dde45d239,Arrhenia,,,fusconigra,Arrhenia fusconigra
2153e810caab0c3c6b4726338b01a03e99e018c5,Arrhenia,,,fusconigra,Arrhenia fusconigra
5e9e4a8300495107b9008d3a4cf4c9f2c0406095,Arrhenia,,,fusconigra,Arrhenia fusconigra
0c0df13799895e7f38b8eb632da6ee2db463e9db,Arrhenia,,,gerardiana,Arrhenia gerardiana
1a2779755ff8a2e2a6f081b535c025ae79b8cfce,Arrhenia,,,gerardiana,Arrhenia gerardiana
392f70298c2c9cb83f4ba8584210211ea16a9676,Arrhenia,,,gerardiana,Arrhenia gerardiana
3d7ad25813a9b6172a9546ccb7825bcec06628ac,Arrhenia,,,gerardiana,Arrhenia gerardiana
53ed284c769fae5fa95421cd2b03954577d577e7,Arrhenia,,,gerardiana,Arrhenia gerardiana
7899aac163404c70f187f684bcbbfe90572a523f,Arrhenia,,,gerardiana,Arrhenia gerardiana
b606f64aeb260e731c6acd6646c748ce7b7c8aeb,Arrhenia,,,gerardiana,Arrhenia gerardiana
eb59074d8c7323dffa0246507936e0f192d55d48,Arrhenia,,,gerardiana,Arrhenia gerardiana
eb59074d8c7323dffa0246507936e0f192d55d48,Arrhenia,,,gerardiana,Arrhenia gerardiana
eb59074d8c7323dffa0246507936e0f192d55d48,Arrhenia,,,gerardiana,Arrhenia gerardiana
eb59074d8c7323dffa0246507936e0f192d55d48,Arrhenia,,,gerardiana,Arrhenia gerardiana
eb59074d8c7323dffa0246507936e0f192d55d48,Arrhenia,,,gerardiana,Arrhenia gerardiana
eb59074d8c7323dffa0246507936e0f192d55d48,Arrhenia,,,gerardiana,Arrhenia gerardiana
5f8e26e0fb5ac68de4824a148933e85a87643e54,Ascocoryne,sp,2,,Ascocoryne 
479d29b02d595cf145687b7c6357ea39aa74752a,Ascomycetes,sp,,,Ascomycetes 
8be772eea8a603dea94406fd044cc177beaf1448,Ascomycetes,sp,,,Ascomycetes 
ff628a3994e1096e655cefa381fd0ee46c9108a5,Ascomycetes,sp,,,Ascomycetes 
01484ae9deef474dfff4088c36b37ea33235f225,Ascomycota,sp,2,,Ascomycota 
1174fc28339358741d93ead11e38db2cc55ed80f,Ascomycota,sp,1,,Ascomycota 
1191cd7fbc5c8f9ef2a97c326bc338e1847dbdde,Ascomycota,sp,1,,Ascomycota 
b5ec8d1fe0ccc08b0a5408f7fc33bbbf7c43eff9,Ascomycota,sp,1,,Ascomycota 
954de3832f3d7f132f016f66cbc86a87ba4512ac,Asterochloris,sp,,,Asterochloris 
c435f530932d7a78a1cd4167f323ddfa27620d7b,Asterophora,,,lycoperdoides,Asterophora lycoperdoides
ee09ef88e0a98db0fa92b8558f739cc6ebe9e900,Asterophora,,,lycoperdoides,Asterophora lycoperdoides
0402a23fe17d818b59fccf908cc9fecd616fa6b7,Athelia,sp,,,Athelia 
1f7e71167bf45990087f8102637c1f79e9bb247b,Athelia,sp,,,Athelia 
2cec4541ba677147de9e05eccbbab87ef95d8b60,Athelia,sp,,,Athelia 
42982e4240f7b30a16d44672d7153290170c52d5,Athelia,sp,,,Athelia 
6a291a0c0c3f34d0bb8c9f16166712431cf9cc72,Athelia,sp,,,Athelia 
71b7efad6d6c240dc3947f4b7cc711e4c19c1cd4,Athelia,sp,,,Athelia 
360a3b45af96d6631daa1741854bf1d1ead10126,Athelia,sp,3,,Athelia 
87424b639a58947895ac8b4bb319af1af6399eda,Athelia,sp,3,,Athelia 
6ded1cbd607d0146b72972931726c6bcd5cf5521,Atheniella,aff,,adonis,Atheniella adonis
074325886d1424ab7a627c8ff2da40d09d9c0e09,Atheniella,,,delectabilis,Atheniella delectabilis
090253d28dfdf1d1a557dc2d8f488a055efc4f2f,Atheniella,,,delectabilis,Atheniella delectabilis
0aa775ad615108a7be66eff94568d4bfb731c8ce,Atheniella,,,delectabilis,Atheniella delectabilis
11a24d9910a2e9bbe10e4542515305225f21a8b0,Atheniella,,,delectabilis,Atheniella delectabilis
1736683372138c930a622b022da61ded7db208c0,Atheniella,,,delectabilis,Atheniella delectabilis
1cee951621fbb5dc21d1996f56c6d3d3e9505e8b,Atheniella,,,delectabilis,Atheniella delectabilis
1de6a111cac6b5ba34ef4e881aa9ffd92cad730c,Atheniella,,,delectabilis,Atheniella delectabilis
2081a37f6e381d2074e9a272436341107fafd069,Atheniella,,,delectabilis,Atheniella delectabilis
2254cfd07c18f4b018117eba556bf45d48b51e09,Atheniella,,,delectabilis,Atheniella delectabilis
23a78ff104e4c2e76df85418baf3178cd4981660,Atheniella,,,delectabilis,Atheniella delectabilis
2ccbe72794bfc051626c0891ecd1463a6ca106d3,Atheniella,,,delectabilis,Atheniella delectabilis
2e09c39093f9ce7431c7acc2ca9be0dd8422974c,Atheniella,,,delectabilis,Atheniella delectabilis
2e6d63c75c6aee35396ffc107e5a81b762c33864,Atheniella,,,delectabilis,Atheniella delectabilis
2f77578f7f03323cdbe3cd24ae261c6a8a2d5f2a,Atheniella,,,delectabilis,Atheniella delectabilis
2f77578f7f03323cdbe3cd24ae261c6a8a2d5f2a,Atheniella,,,delectabilis,Atheniella delectabilis
2f77578f7f03323cdbe3cd24ae261c6a8a2d5f2a,Atheniella,,,delectabilis,Atheniella delectabilis
3805dcdca9a30feefcb9f7f032e8a4644804c8db,Atheniella,,,delectabilis,Atheniella delectabilis
38281b96abcc02648f8921634728c63772448c07,Atheniella,,,delectabilis,Atheniella delectabilis
41e3d1cf63f32cf870d6bda0f0eb4ea7b046e727,Atheniella,,,delectabilis,Atheniella delectabilis
4af0236bca545fc5db35b979f41209cb71a346f6,Atheniella,,,delectabilis,Atheniella delectabilis
5932aeba13853a55c6f58329a4490350a5e5538a,Atheniella,,,delectabilis,Atheniella delectabilis
5dafe6fb5cbed345891443022020f8bfa59069d7,Atheniella,,,delectabilis,Atheniella delectabilis
634d3aafd3652e7461ad6508f4426342ed7c081a,Atheniella,,,delectabilis,Atheniella delectabilis
67c2a4cdb0d81244f74b3abcee22627234f68885,Atheniella,,,delectabilis,Atheniella delectabilis
78dfea3ee3b1d43b76189cf493f6a13f47699317,Atheniella,,,delectabilis,Atheniella delectabilis
7a7fa20aaa6eac82c856e92552ea5975008d1eb7,Atheniella,,,delectabilis,Atheniella delectabilis
7a7fa20aaa6eac82c856e92552ea5975008d1eb7,Atheniella,,,delectabilis,Atheniella delectabilis
7a7fa20aaa6eac82c856e92552ea5975008d1eb7,Atheniella,,,delectabilis,Atheniella delectabilis
7a7fa20aaa6eac82c856e92552ea5975008d1eb7,Atheniella,,,delectabilis,Atheniella delectabilis
7a7fa20aaa6eac82c856e92552ea5975008d1eb7,Atheniella,,,delectabilis,Atheniella delectabilis
7a7fa20aaa6eac82c856e92552ea5975008d1eb7,Atheniella,,,delectabilis,Atheniella delectabilis
7a7fa20aaa6eac82c856e92552ea5975008d1eb7,Atheniella,,,delectabilis,Atheniella delectabilis
7a7fa20aaa6eac82c856e92552ea5975008d1eb7,Atheniella,,,delectabilis,Atheniella delectabilis
7a7fa20aaa6eac82c856e92552ea5975008d1eb7,Atheniella,,,delectabilis,Atheniella delectabilis
7a7fa20aaa6eac82c856e92552ea5975008d1eb7,Atheniella,,,delectabilis,Atheniella delectabilis
7a7fa20aaa6eac82c856e92552ea5975008d1eb7,Atheniella,,,delectabilis,Atheniella delectabilis
7a7fa20aaa6eac82c856e92552ea5975008d1eb7,Atheniella,,,delectabilis,Atheniella delectabilis
7a7fa20aaa6eac82c856e92552ea5975008d1eb7,Atheniella,,,delectabilis,Atheniella delectabilis
7a7fa20aaa6eac82c856e92552ea5975008d1eb7,Atheniella,,,delectabilis,Atheniella delectabilis
7a7fa20aaa6eac82c856e92552ea5975008d1eb7,Atheniella,,,delectabilis,Atheniella delectabilis
7a7fa20aaa6eac82c856e92552ea5975008d1eb7,Atheniella,,,delectabilis,Atheniella delectabilis
7ef684e37422c6c07807bba8ceb474716e080eb8,Atheniella,,,delectabilis,Atheniella delectabilis
8bd08a007482aec3988d37facded095aab249c80,Atheniella,,,delectabilis,Atheniella delectabilis
adb4e2f7ec9cbc552e55a2fd46c4d65f2566a126,Atheniella,,,delectabilis,Atheniella delectabilis
b95ac4a454dd2fa9f6ce725b994cb2d2369fe5cd,Atheniella,,,delectabilis,Atheniella delectabilis
ccf0a53c92aea01d30bb44119260aa2f74d370b3,Atheniella,,,delectabilis,Atheniella delectabilis
df1a47367a7709dc45382a6316fd120ace2c51d0,Atheniella,,,delectabilis,Atheniella delectabilis
df1a47367a7709dc45382a6316fd120ace2c51d0,Atheniella,,,delectabilis,Atheniella delectabilis
df1a47367a7709dc45382a6316fd120ace2c51d0,Atheniella,,,delectabilis,Atheniella delectabilis
df1a47367a7709dc45382a6316fd120ace2c51d0,Atheniella,,,delectabilis,Atheniella delectabilis
df1a47367a7709dc45382a6316fd120ace2c51d0,Atheniella,,,delectabilis,Atheniella delectabilis
df1a47367a7709dc45382a6316fd120ace2c51d0,Atheniella,,,delectabilis,Atheniella delectabilis
df1a47367a7709dc45382a6316fd120ace2c51d0,Atheniella,,,delectabilis,Atheniella delectabilis
df1a47367a7709dc45382a6316fd120ace2c51d0,Atheniella,,,delectabilis,Atheniella delectabilis
df1a47367a7709dc45382a6316fd120ace2c51d0,Atheniella,,,delectabilis,Atheniella delectabilis
f6c9335940158a737b45d15d21605dd87fff3ec0,Atheniella,,,delectabilis,Atheniella delectabilis
fb34b00312e9db8621d8ce4f98126819f6a087f6,Atheniella,,,delectabilis,Atheniella delectabilis
00088071b372a6052ec74808c416d8648216ea13,Auriculariales,sp,1,,Auriculariales 
5a309ca1c6c779b6f52499ca77c71f621c9ec80f,Basidiomycetes,sp,,,Basidiomycetes 
6fe14cc9a723f6c240cad2cd92745e6889f96770,Basidiomycota,sp,,,Basidiomycota 
1ee35afbba1f0de3af7dac82a190cb6690500747,Basidiomycota,sp,2,,Basidiomycota 
5fc75ce55978c60236112a8c3384a0fe7333681c,Basidiomycota,sp,2,,Basidiomycota 
bc446aca7fe38f6f5bc8ace13e4bae15ccf1cc29,Basidiomycota,sp,2,,Basidiomycota 
bc446aca7fe38f6f5bc8ace13e4bae15ccf1cc29,Basidiomycota,sp,2,,Basidiomycota 
15bec67e46717bbca6eae178feb82d5a1d170191,Basidiomycota,sp,3,,Basidiomycota 
d2ff99dded001f1a39bb15fb723c38274fe34d7a,Basidiomycota,sp,3,,Basidiomycota 
1a6cfc258497000cbaac88c231e7932b6fd6e81b,Basidiomycota,sp,4,,Basidiomycota 
21b08bc1429ffe4c40888e833377bb308e453351,Basidiomycota,sp,4,,Basidiomycota 
3f70c80d02fd7f2808bade681ada3ee98d039173,Basidiomycota,sp,4,,Basidiomycota 
454070d095076e5206c57272127b82e1047b1b54,Basidiomycota,sp,4,,Basidiomycota 
5f7d1609307f79001a807c192b176bd34ea2a7d9,Basidiomycota,sp,4,,Basidiomycota 
7833f28e41e68e7c504a9cedf4f6e46da6c4e1fc,Basidiomycota,sp,4,,Basidiomycota 
7ad0a8c1ab178c5d4f1733155594cc640eb2c0c1,Basidiomycota,sp,4,,Basidiomycota 
89036c897e0402ef5ccdc8d2db2d1b2b5147c413,Basidiomycota,sp,4,,Basidiomycota 
b67a5a564f3ffa0a04ebe64c94ff189ce409e692,Basidiomycota,sp,4,,Basidiomycota 
d81f5f2f1f1c959268c4048293ac6db0e9c77cbb,Basidiomycota,sp,4,,Basidiomycota 
e1a20cf41d23aa8ceda037ab0a4e2870a3f2e7c9,Basidiomycota,sp,4,,Basidiomycota 
b75e2ea477f06c6ccc71ffb231fb828c86c9f32a,Bolbitius,cf,,titubans,Bolbitius titubans
06989bb7ddb1a05a2092d168c1ff676ca0a04a18,Boletus,,,pinophilus,Boletus pinophilus
0af4fab96c87feb3209dc55aa32de43d555714dd,Boletus,,,pinophilus,Boletus pinophilus
95142648d7283f04af106e09dadd026cfd4a8d17,Boletus,,,pinophilus,Boletus pinophilus
a20620793ab428d99d9b91236c07f136f1cdd2a9,Boletus,,,pinophilus,Boletus pinophilus
a111016ddc7e27585720d20c347d33e4b2c7956f,Bourdotigloea,sp,,,Bourdotigloea 
97a90ca816edfcd4886f8853db48db1800fc0933,Bovista,sp,1,,Bovista 
01c174152d77933a39304581558db30c491d5e99,Bovista,cf,,aestivalis,Bovista aestivalis
4cdc84a24cd1a99a7486597257d58d7e5871ef36,Bovista,cf,,aestivalis,Bovista aestivalis
6abf10b8a8412b78d6485a363b9417921556b23d,Bovista,cf,,aestivalis,Bovista aestivalis
684fb2d801524916bb6f3c38141b9c883df8d5f7,Calocybe,cf,,gambosa,Calocybe gambosa
684fb2d801524916bb6f3c38141b9c883df8d5f7,Calocybe,cf,,gambosa,Calocybe gambosa
684fb2d801524916bb6f3c38141b9c883df8d5f7,Calocybe,cf,,gambosa,Calocybe gambosa
684fb2d801524916bb6f3c38141b9c883df8d5f7,Calocybe,cf,,gambosa,Calocybe gambosa
716be2f2d9264000cc9539c92d8dbaca18bbbfb4,Calocybe,cf,,gambosa,Calocybe gambosa
716be2f2d9264000cc9539c92d8dbaca18bbbfb4,Calocybe,cf,,gambosa,Calocybe gambosa
a2b9b5cd354dfe7741be1797e4275f2240ec994f,Calocybe,aff,,naucoria,Calocybe naucoria
97acd75b9d206f7748850c7d113118513d7d09e1,Calvatia,,,turneri,Calvatia turneri
301ccc3ec75894d0380cfe68c4bc296f7f40329e,Cantarellales,sp,,,Cantarellales 
87f960654ba0d666f4f69d17b4cd5ed79037d674,Cantarellales,sp,,,Cantarellales 
a26c305417f727b44cbbfc6366808369d4ab78b9,Cantarellales,sp,,,Cantarellales 
b37e5343e3a284dba5de66ea4ed287149c9ff359,Cantarellales,sp,,,Cantarellales 
bc9718fcd13f739444d5aaef9a47d9ac283a8bf5,Cantarellales,sp,,,Cantarellales 
53ac05df89e25616f467ca38aaf93d9d66540cda,Cantarellales,sp,2,,Cantarellales 
53ac05df89e25616f467ca38aaf93d9d66540cda,Cantarellales,sp,2,,Cantarellales 
5670ad9c3b39d325068ecadef11c1be40ddc5bb8,Cantarellales,sp,2,,Cantarellales 
5b0ff65ff146fd9e2c743c62ac0396c32c628b84,Cantarellales,sp,2,,Cantarellales 
7aec4f6ea79cd9670e7ee25f393608e12409db51,Cantarellales,sp,2,,Cantarellales 
9af6481940993058917fc0b7fab8acbe8dde8bba,Cantarellales,sp,2,,Cantarellales 
a9c159c8644f59d6832f961a0e3290adfb4575c8,Cantarellales,sp,2,,Cantarellales 
ca24797b58b5808cabd430b6cea53c02825015b6,Cantarellales,sp,2,,Cantarellales 
01c73a8ebefd93917b5b07ceb5ffa1df0cef2788,Cantharellus,sp,,,Cantharellus 
02ee98a64d386ec15c271bfc98c9f69279a300b0,Cantharellus,sp,,,Cantharellus 
0e3a1ccd4ef9c63c48509971948562879c784dd4,Cantharellus,sp,,,Cantharellus 
175ad97656fb24c55246e50b7fb295f2be9d84fe,Cantharellus,sp,,,Cantharellus 
251eb88196724684b0586fefa0194b161054a8c0,Cantharellus,sp,,,Cantharellus 
3a2d9416072b53de4add07bba0ef3cc3a59af087,Cantharellus,sp,,,Cantharellus 
91a1ab754ce246d65a83b7c928c82946f2467af7,Cantharellus,sp,,,Cantharellus 
fe5b2a0e05e68b4356cdba4a0ae92d992be8f946,Cantharellus,sp,,,Cantharellus 
0c4f8629d391e1b59f665e4eb1b2c41fbf64d882,Chroogomphus,sp,,,Chroogomphus 
f920c690601936744c7681e5fb561cdf100abdc1,Chroogomphus,sp,,,Chroogomphus 
56afa6631aef45dd254b421f286a90bb105ee316,Chroogomphus,sp,3,,Chroogomphus 
8fe276d04e2ed521e46064fb3d318e234dc351df,Chroogomphus,aff,,pakistanicus,Chroogomphus pakistanicus
d986e53943610c77664866de9cc33ba3487c193e,Chroogomphus,aff,,pakistanicus,Chroogomphus pakistanicus
f910def4bfb9b44b0901259da87720b654aea376,Chroogomphus,aff,,pakistanicus,Chroogomphus pakistanicus
1e5753a6756f42683350d545a3594c4dd52b3932,Chroogomphus,,,rutilus,Chroogomphus rutilus
1e5753a6756f42683350d545a3594c4dd52b3932,Chroogomphus,,,rutilus,Chroogomphus rutilus
e66ad0ddcb8dd2a4f0c37f32d9ae4a583a25d1d9,Chroogomphus,,,rutilus,Chroogomphus rutilus
905c38b363ef32c1f8c11d249497afb87faee0cb,Chytridiomycota,sp,,,Chytridiomycota 
3517588948f5288ce26f6a897860e98745463086,Clavaria,sp,,,Clavaria 
3e088ba9d3b323d8ba173ded3db58a5ce5c10724,Clavaria,sp,,,Clavaria 
3eb8288499caacbadfb9f0736c9775cd617bed30,Clavaria,sp,,,Clavaria 
3eb8288499caacbadfb9f0736c9775cd617bed30,Clavaria,sp,,,Clavaria 
6340e16c7c0d03d63c1fb1e7c1d1d3dc9c7c88a9,Clavaria,sp,,,Clavaria 
8e9c4064a87a5819e7d819c041805071f4f75190,Clavaria,sp,,,Clavaria 
ebebdcfd2189aedbc1290499e08ec5e46b1292fe,Clavaria,sp,,,Clavaria 
001d488d635b97c1aabb2a3329fbe2ed525378ff,Clavaria,sp,2,,Clavaria 
4a35fb6f8af368be1b0bc76dda23165a31a4e4f0,Clavaria,sp,2,,Clavaria 
5e7da1b23812a483c8d3abe11990994b6153e803,Clavaria,sp,2,,Clavaria 
bdd0f26ad522c78a501b4f88dde251f80f096de0,Clavaria,sp,3,,Clavaria 
1136035d05267aa216515c748db6f545e1c7c4fc,Clavaria,sp,4,,Clavaria 
25554cff643ab00db04242912685ed14c591e45b,Clavaria,sp,4,,Clavaria 
3e7824d0d2013eff48e93687563281ce210691b2,Clavaria,sp,4,,Clavaria 
abca00addd8d4e45642a3b8f5ba618573b8e7772,Clavaria,sp,4,,Clavaria 
b6d6dc81a4597c14bb280682190774045d8d39cc,Clavaria,sp,4,,Clavaria 
775d648ff3c0755c5abb670ceadb35d41f007aa4,Clavaria,sp,5,,Clavaria 
2fd95f061d35e96744c34425734120b26c322169,Clavaria,sp,6,,Clavaria 
86d93b95aa5a3b617b69fb1f398c1a688725332c,Clavaria,sp,6,,Clavaria 
8e1bf4ddabf4957b447d04495850095d88812da3,Clavaria,sp,6,,Clavaria 
388b0de551bc3d1001ed246d2df6ff403a8d4e63,Clavaria,sp,7,,Clavaria 
6ecce291303717683b65b2454457a9fbc7051809,Clavaria,sp,7,,Clavaria 
0535e3ff54dbfab1ef62621dea2f0a87a9e9dd41,Clavaria,aff,,acuta,Clavaria acuta
102a8a958a373e7958ca0b73ad893f5068135eaf,Clavariaceae,sp,,,Clavariaceae 
102a8a958a373e7958ca0b73ad893f5068135eaf,Clavariaceae,sp,,,Clavariaceae 
102a8a958a373e7958ca0b73ad893f5068135eaf,Clavariaceae,sp,,,Clavariaceae 
159c0f4ad768865bc18bdbc36d0a1145cc9475c3,Clavariaceae,sp,,,Clavariaceae 
25971c3e1bbab69d251ac12e4579cbe2d087804b,Clavariaceae,sp,2,,Clavariaceae 
84b72f38f042a27fafd064f0a04a039821beaf76,Clavariaceae,sp,2,,Clavariaceae 
8ea00f8d692be95583abeb8647bf4c6691ee2116,Clavariaceae,sp,2,,Clavariaceae 
93f3ede82312faf59a9dcf4913629fd5e5e0b8fc,Clavariaceae,sp,2,,Clavariaceae 
99bb7381b941ee8d13abe59ae184682061d1157b,Clavariaceae,sp,2,,Clavariaceae 
02795b8a4f011c5eab27335c0fd32adb83a0b18a,Clavariaceae,sp,3,,Clavariaceae 
21dd70974a50b014c8dc9ea4771d611ec91c432b,Clavariaceae,sp,3,,Clavariaceae 
3e000c7e90dfc698d10fe03a0e5d34d43b6f0c84,Clavariaceae,sp,3,,Clavariaceae 
836e5e94d423d8c8d0b511e6861b47a728ea5506,Clavariaceae,sp,3,,Clavariaceae 
b555d4b475425e701c8e27da4365212a42258c74,Clavariaceae,sp,3,,Clavariaceae 
b555d4b475425e701c8e27da4365212a42258c74,Clavariaceae,sp,3,,Clavariaceae 
56f0c4f5eca14fd7c3b0810a87fa89207084dec7,Clavariadelphus,sp,,,Clavariadelphus 
87ceb832342554deda94a7d6aad7867a8f58dc5d,Clavariadelphus,,,ligula,Clavariadelphus ligula
9361eff808073c157b99ae51cd62ba7684df3174,Clavariadelphus,,,ligula,Clavariadelphus ligula
acaa06a3b3e875b4525a227fcd41837bbb62cb78,Clavariadelphus,,,ligula,Clavariadelphus ligula
03c8f8f88213bce60970d2482771e8b26207f24d,Clitcybaceae,sp,,,Clitcybaceae 
2a7fe718aaeaf17f63a95def894f84671787e494,Clitcybaceae,sp,,,Clitcybaceae 
2a7fe718aaeaf17f63a95def894f84671787e494,Clitcybaceae,sp,,,Clitcybaceae 
2a7fe718aaeaf17f63a95def894f84671787e494,Clitcybaceae,sp,,,Clitcybaceae 
b1f38a841473494788ca578829183be33fb3715e,Clitcybaceae,sp,,,Clitcybaceae 
01affc4b53d155653f806408544ebc1a57e3f30d,Clitocybe,sp,,,Clitocybe 
13d5da1d10c782c52380f1107a6b54e26b70a47c,Clitocybe,sp,,,Clitocybe 
4c26810e81a8299ce1203ee2afdf3fbecc35fb5e,Clitocybe,sp,,,Clitocybe 
fa0126c81c793a5fd3ece65d8a4217aff1e2f2d1,Clitocybe,sp,,,Clitocybe 
0f84937dbb5731831d38c2c3742dc0ca3792fe57,Clitocybe,sp,1,,Clitocybe 
1c718799ca6e909c5686a388816c6612856aa4b8,Clitocybe,sp,1,,Clitocybe 
2610d7760db84ada37e492a8b19faa82160680b1,Clitocybe,sp,1,,Clitocybe 
64532a1a0fa1e7ba5da30932e543a4707c670fd9,Clitocybe,sp,1,,Clitocybe 
6bd33456f667fdfffd576556e4a02f8450913832,Clitocybe,sp,1,,Clitocybe 
923513846336fce2717f065ba4841e63ecd6efd4,Clitocybe,sp,1,,Clitocybe 
1f28a927ced55785a586ee898246b5b0dc352992,Clitocybe,sp,2,,Clitocybe 
2894e39b0f9d4894bd0e65d6dccdf88e26a7c65b,Clitocybe,sp,3,,Clitocybe 
336ce3d61be3d75fccbe6af791ecc71018aee732,Clitocybe,sp,4,,Clitocybe 
6610156f0892569a3ef0295d32bdc2354600f3b1,Clitocybe,sp,,,Clitocybe 
2860baf52fbabd06195d9c784625079cc03ceadc,Clitocybe,,,foetens,Clitocybe foetens
2860baf52fbabd06195d9c784625079cc03ceadc,Clitocybe,,,foetens,Clitocybe foetens
3a82de6774b2c975cac4bb5d197ed022aab38c70,Clitocybe,,,foetens,Clitocybe foetens
eb9710ab2a9bab69ac2b6dc3a221d6c7ad5d8c2a,Clitocybe,,,nebularis,Clitocybe nebularis
f14ff559d13e2dc615d302f9285f740f67944c06,Clitocybe,,,nebularis,Clitocybe nebularis
4fb1403fda0aab685c9f636325506bc73d4c004f,Clitocybe,,,odora,Clitocybe odora
e5362c1ead765761283733fd50b8ecbd483b9907,Clitocybe,,,odora,Clitocybe odora
44158320e150347af3f5c0211fd54cc474944be8,Clitopilus,sp,1,,Clitopilus 
5632d5d2600924b4794b70eb42b72e73dd48c0d1,Clitopilus,sp,1,,Clitopilus 
0e0891ee90bc23513116a4d9636fa1b0866b9466,Clitopilus,,,hobsonii,Clitopilus hobsonii
325ae8d26e9a7da7d4334533cafa3e749ea9ce45,Clitopilus,,,hobsonii,Clitopilus hobsonii
3548314f69530a56849281d4a9b9a07dc38ffa98,Clitopilus,,,hobsonii,Clitopilus hobsonii
3548314f69530a56849281d4a9b9a07dc38ffa98,Clitopilus,,,hobsonii,Clitopilus hobsonii
3f74bd2257da986ba0157798f235424d56075285,Clitopilus,,,hobsonii,Clitopilus hobsonii
7218e18533c960595d294719402f2eb23bdf20fc,Clitopilus,,,hobsonii,Clitopilus hobsonii
7218e18533c960595d294719402f2eb23bdf20fc,Clitopilus,,,hobsonii,Clitopilus hobsonii
aaca8d92c1b0068e05a2cef6782d9a9b6ab8b611,Clitopilus,,,hobsonii,Clitopilus hobsonii
190071490aa1a23457c212487108c33582ef65b6,Clitopilus,,,prunulus,Clitopilus prunulus
9417da00727f2ae3195a78dc1f770036eaa60afa,Clitopilus,,,prunulus,Clitopilus prunulus
a2f3a9c76c8f9457fb61a9a424496877f25700d7,Clitopilus,,,prunulus,Clitopilus prunulus
be92b6c7289f3115ffdee1e8523523e23f513369,Collybia,cf,,pannosa,Collybia pannosa
494bc19681d69682e6e529b85e2d93c87f2a85d7,Collybia,aff,,pannosa,Collybia pannosa
2c24eb5a6a98b998b30106ceb34291e1ac079a71,Collybia,cf,,phyllophila,Collybia phyllophila
46c2304d2d6fa70962be31d535412dceb04ee9b4,Collybia,cf,,phyllophila,Collybia phyllophila
6e11d3b543b9a9df0d1f1ac30c092d47553a23e9,Collybia,cf,,phyllophila,Collybia phyllophila
708bc4c6cbf735d86f3ccc3ed71451bf5a0a3e7c,Collybia,cf,,phyllophila,Collybia phyllophila
e55e9fdab167c7e149b0042cb90a0dc539bc418e,Collybia,cf,,phyllophila,Collybia phyllophila
7fcf984a03c273f82913ad7eaa4b4570001fd1eb,Coltricia,sp,1,,Coltricia 
7fcf984a03c273f82913ad7eaa4b4570001fd1eb,Coltricia,sp,1,,Coltricia 
6e7d8fc9ee0495691f682c0a6ac210af41ad4246,Conocybe,sp,1,,Conocybe 
802dc437f15e33e8c2b38e503dbf86de7febe637,Conocybe,sp,2,,Conocybe 
3e56960a576b4a83b73ceb68f950b5b1c05bc962,Conocybe,,,gigasperma,Conocybe gigasperma
0ec7fc46e116c007da9cb631f3f3b4676a5831a8,Conocybula,,,longistipitata,Conocybula longistipitata
828981f0cc44497ad9eda36ae70683320327fe84,Coprinellus,sp,,,Coprinellus 
9a5a4aad852a21ddb9b97a212c8b9cff0b6d6479,Coprinellus,,,angulatus,Coprinellus angulatus
43e4ab0a42b1fe97b25e7b7c7f69577d3bb94958,Coprinellus,,,micaceus,Coprinellus micaceus
288b1386837935acbdd87f09cfee2e4b85550725,Coprinellus,cf,2,radians,Coprinellus radians
5e9b322a8d84943204380520a0449ef19acbc5a1,Coprinellus,cf,2,radians,Coprinellus radians
c1afa8884db87978d6c7ee8d4b1f63f155305019,Coprinellus,cf,2,radians,Coprinellus radians
d8ba9023c53c5832a497e108aaeee8e3d2097646,Coprinellus,cf,2,radians,Coprinellus radians
f5ddbcda84bea9d456c75a7428678d81e11f10bf,Coprinellus,cf,2,radians,Coprinellus radians
192466f913ad095a32e9f341b8a30a3b4e2c0aa9,Coprinellus,cf,3,radians,Coprinellus radians
065dd1e54697c03cbce9df6561f546178e8c9be1,Coprinellus,cf,,radians,Coprinellus radians
07705b3510808791aac3c5afd78b7a51fde35f86,Coprinellus,cf,,radians,Coprinellus radians
07c186a00d99cdb9502b310ae74723a3a6c3f30c,Coprinellus,cf,,radians,Coprinellus radians
0864d2f4f3d1b1c3a4e871eb781f14a895294a1d,Coprinellus,cf,,radians,Coprinellus radians
0864d2f4f3d1b1c3a4e871eb781f14a895294a1d,Coprinellus,cf,,radians,Coprinellus radians
0864d2f4f3d1b1c3a4e871eb781f14a895294a1d,Coprinellus,cf,,radians,Coprinellus radians
0864d2f4f3d1b1c3a4e871eb781f14a895294a1d,Coprinellus,cf,,radians,Coprinellus radians
0864d2f4f3d1b1c3a4e871eb781f14a895294a1d,Coprinellus,cf,,radians,Coprinellus radians
0864d2f4f3d1b1c3a4e871eb781f14a895294a1d,Coprinellus,cf,,radians,Coprinellus radians
0864d2f4f3d1b1c3a4e871eb781f14a895294a1d,Coprinellus,cf,,radians,Coprinellus radians
0864d2f4f3d1b1c3a4e871eb781f14a895294a1d,Coprinellus,cf,,radians,Coprinellus radians
0864d2f4f3d1b1c3a4e871eb781f14a895294a1d,Coprinellus,cf,,radians,Coprinellus radians
0864d2f4f3d1b1c3a4e871eb781f14a895294a1d,Coprinellus,cf,,radians,Coprinellus radians
0864d2f4f3d1b1c3a4e871eb781f14a895294a1d,Coprinellus,cf,,radians,Coprinellus radians
0864d2f4f3d1b1c3a4e871eb781f14a895294a1d,Coprinellus,cf,,radians,Coprinellus radians
0864d2f4f3d1b1c3a4e871eb781f14a895294a1d,Coprinellus,cf,,radians,Coprinellus radians
0864d2f4f3d1b1c3a4e871eb781f14a895294a1d,Coprinellus,cf,,radians,Coprinellus radians
0864d2f4f3d1b1c3a4e871eb781f14a895294a1d,Coprinellus,cf,,radians,Coprinellus radians
0864d2f4f3d1b1c3a4e871eb781f14a895294a1d,Coprinellus,cf,,radians,Coprinellus radians
0864d2f4f3d1b1c3a4e871eb781f14a895294a1d,Coprinellus,cf,,radians,Coprinellus radians
08f3a75995db7e017c5e5992da9273f82d3a39b3,Coprinellus,cf,,radians,Coprinellus radians
0962c1cc4b8e710d98c9d1b757eeabb7a452af23,Coprinellus,cf,,radians,Coprinellus radians
0962c1cc4b8e710d98c9d1b757eeabb7a452af23,Coprinellus,cf,,radians,Coprinellus radians
0962c1cc4b8e710d98c9d1b757eeabb7a452af23,Coprinellus,cf,,radians,Coprinellus radians
0962c1cc4b8e710d98c9d1b757eeabb7a452af23,Coprinellus,cf,,radians,Coprinellus radians
0962c1cc4b8e710d98c9d1b757eeabb7a452af23,Coprinellus,cf,,radians,Coprinellus radians
0962c1cc4b8e710d98c9d1b757eeabb7a452af23,Coprinellus,cf,,radians,Coprinellus radians
0962c1cc4b8e710d98c9d1b757eeabb7a452af23,Coprinellus,cf,,radians,Coprinellus radians
0962c1cc4b8e710d98c9d1b757eeabb7a452af23,Coprinellus,cf,,radians,Coprinellus radians
0962c1cc4b8e710d98c9d1b757eeabb7a452af23,Coprinellus,cf,,radians,Coprinellus radians
0962c1cc4b8e710d98c9d1b757eeabb7a452af23,Coprinellus,cf,,radians,Coprinellus radians
0962c1cc4b8e710d98c9d1b757eeabb7a452af23,Coprinellus,cf,,radians,Coprinellus radians
0962c1cc4b8e710d98c9d1b757eeabb7a452af23,Coprinellus,cf,,radians,Coprinellus radians
0962c1cc4b8e710d98c9d1b757eeabb7a452af23,Coprinellus,cf,,radians,Coprinellus radians
0962c1cc4b8e710d98c9d1b757eeabb7a452af23,Coprinellus,cf,,radians,Coprinellus radians
0962c1cc4b8e710d98c9d1b757eeabb7a452af23,Coprinellus,cf,,radians,Coprinellus radians
0962c1cc4b8e710d98c9d1b757eeabb7a452af23,Coprinellus,cf,,radians,Coprinellus radians
0962c1cc4b8e710d98c9d1b757eeabb7a452af23,Coprinellus,cf,,radians,Coprinellus radians
0962c1cc4b8e710d98c9d1b757eeabb7a452af23,Coprinellus,cf,,radians,Coprinellus radians
0962c1cc4b8e710d98c9d1b757eeabb7a452af23,Coprinellus,cf,,radians,Coprinellus radians
0962c1cc4b8e710d98c9d1b757eeabb7a452af23,Coprinellus,cf,,radians,Coprinellus radians
0962c1cc4b8e710d98c9d1b757eeabb7a452af23,Coprinellus,cf,,radians,Coprinellus radians
0962c1cc4b8e710d98c9d1b757eeabb7a452af23,Coprinellus,cf,,radians,Coprinellus radians
0962c1cc4b8e710d98c9d1b757eeabb7a452af23,Coprinellus,cf,,radians,Coprinellus radians
0962c1cc4b8e710d98c9d1b757eeabb7a452af23,Coprinellus,cf,,radians,Coprinellus radians
0962c1cc4b8e710d98c9d1b757eeabb7a452af23,Coprinellus,cf,,radians,Coprinellus radians
0962c1cc4b8e710d98c9d1b757eeabb7a452af23,Coprinellus,cf,,radians,Coprinellus radians
0962c1cc4b8e710d98c9d1b757eeabb7a452af23,Coprinellus,cf,,radians,Coprinellus radians
0962c1cc4b8e710d98c9d1b757eeabb7a452af23,Coprinellus,cf,,radians,Coprinellus radians
0962c1cc4b8e710d98c9d1b757eeabb7a452af23,Coprinellus,cf,,radians,Coprinellus radians
0962c1cc4b8e710d98c9d1b757eeabb7a452af23,Coprinellus,cf,,radians,Coprinellus radians
0962c1cc4b8e710d98c9d1b757eeabb7a452af23,Coprinellus,cf,,radians,Coprinellus radians
0962c1cc4b8e710d98c9d1b757eeabb7a452af23,Coprinellus,cf,,radians,Coprinellus radians
0962c1cc4b8e710d98c9d1b757eeabb7a452af23,Coprinellus,cf,,radians,Coprinellus radians
0962c1cc4b8e710d98c9d1b757eeabb7a452af23,Coprinellus,cf,,radians,Coprinellus radians
0962c1cc4b8e710d98c9d1b757eeabb7a452af23,Coprinellus,cf,,radians,Coprinellus radians
0962c1cc4b8e710d98c9d1b757eeabb7a452af23,Coprinellus,cf,,radians,Coprinellus radians
0962c1cc4b8e710d98c9d1b757eeabb7a452af23,Coprinellus,cf,,radians,Coprinellus radians
0962c1cc4b8e710d98c9d1b757eeabb7a452af23,Coprinellus,cf,,radians,Coprinellus radians
0962c1cc4b8e710d98c9d1b757eeabb7a452af23,Coprinellus,cf,,radians,Coprinellus radians
0962c1cc4b8e710d98c9d1b757eeabb7a452af23,Coprinellus,cf,,radians,Coprinellus radians
0962c1cc4b8e710d98c9d1b757eeabb7a452af23,Coprinellus,cf,,radians,Coprinellus radians
0962c1cc4b8e710d98c9d1b757eeabb7a452af23,Coprinellus,cf,,radians,Coprinellus radians
0962c1cc4b8e710d98c9d1b757eeabb7a452af23,Coprinellus,cf,,radians,Coprinellus radians
0962c1cc4b8e710d98c9d1b757eeabb7a452af23,Coprinellus,cf,,radians,Coprinellus radians
0962c1cc4b8e710d98c9d1b757eeabb7a452af23,Coprinellus,cf,,radians,Coprinellus radians
0962c1cc4b8e710d98c9d1b757eeabb7a452af23,Coprinellus,cf,,radians,Coprinellus radians
0962c1cc4b8e710d98c9d1b757eeabb7a452af23,Coprinellus,cf,,radians,Coprinellus radians
0962c1cc4b8e710d98c9d1b757eeabb7a452af23,Coprinellus,cf,,radians,Coprinellus radians
0962c1cc4b8e710d98c9d1b757eeabb7a452af23,Coprinellus,cf,,radians,Coprinellus radians
0962c1cc4b8e710d98c9d1b757eeabb7a452af23,Coprinellus,cf,,radians,Coprinellus radians
0962c1cc4b8e710d98c9d1b757eeabb7a452af23,Coprinellus,cf,,radians,Coprinellus radians
0962c1cc4b8e710d98c9d1b757eeabb7a452af23,Coprinellus,cf,,radians,Coprinellus radians
0962c1cc4b8e710d98c9d1b757eeabb7a452af23,Coprinellus,cf,,radians,Coprinellus radians
0962c1cc4b8e710d98c9d1b757eeabb7a452af23,Coprinellus,cf,,radians,Coprinellus radians
0962c1cc4b8e710d98c9d1b757eeabb7a452af23,Coprinellus,cf,,radians,Coprinellus radians
0962c1cc4b8e710d98c9d1b757eeabb7a452af23,Coprinellus,cf,,radians,Coprinellus radians
0962c1cc4b8e710d98c9d1b757eeabb7a452af23,Coprinellus,cf,,radians,Coprinellus radians
0962c1cc4b8e710d98c9d1b757eeabb7a452af23,Coprinellus,cf,,radians,Coprinellus radians
0962c1cc4b8e710d98c9d1b757eeabb7a452af23,Coprinellus,cf,,radians,Coprinellus radians
0962c1cc4b8e710d98c9d1b757eeabb7a452af23,Coprinellus,cf,,radians,Coprinellus radians
0962c1cc4b8e710d98c9d1b757eeabb7a452af23,Coprinellus,cf,,radians,Coprinellus radians
0962c1cc4b8e710d98c9d1b757eeabb7a452af23,Coprinellus,cf,,radians,Coprinellus radians
0962c1cc4b8e710d98c9d1b757eeabb7a452af23,Coprinellus,cf,,radians,Coprinellus radians
0962c1cc4b8e710d98c9d1b757eeabb7a452af23,Coprinellus,cf,,radians,Coprinellus radians
0962c1cc4b8e710d98c9d1b757eeabb7a452af23,Coprinellus,cf,,radians,Coprinellus radians
0962c1cc4b8e710d98c9d1b757eeabb7a452af23,Coprinellus,cf,,radians,Coprinellus radians
0962c1cc4b8e710d98c9d1b757eeabb7a452af23,Coprinellus,cf,,radians,Coprinellus radians
0962c1cc4b8e710d98c9d1b757eeabb7a452af23,Coprinellus,cf,,radians,Coprinellus radians
0962c1cc4b8e710d98c9d1b757eeabb7a452af23,Coprinellus,cf,,radians,Coprinellus radians
0962c1cc4b8e710d98c9d1b757eeabb7a452af23,Coprinellus,cf,,radians,Coprinellus radians
0962c1cc4b8e710d98c9d1b757eeabb7a452af23,Coprinellus,cf,,radians,Coprinellus radians
0962c1cc4b8e710d98c9d1b757eeabb7a452af23,Coprinellus,cf,,radians,Coprinellus radians
0962c1cc4b8e710d98c9d1b757eeabb7a452af23,Coprinellus,cf,,radians,Coprinellus radians
0962c1cc4b8e710d98c9d1b757eeabb7a452af23,Coprinellus,cf,,radians,Coprinellus radians
0962c1cc4b8e710d98c9d1b757eeabb7a452af23,Coprinellus,cf,,radians,Coprinellus radians
0962c1cc4b8e710d98c9d1b757eeabb7a452af23,Coprinellus,cf,,radians,Coprinellus radians
0962c1cc4b8e710d98c9d1b757eeabb7a452af23,Coprinellus,cf,,radians,Coprinellus radians
0962c1cc4b8e710d98c9d1b757eeabb7a452af23,Coprinellus,cf,,radians,Coprinellus radians
0962c1cc4b8e710d98c9d1b757eeabb7a452af23,Coprinellus,cf,,radians,Coprinellus radians
0962c1cc4b8e710d98c9d1b757eeabb7a452af23,Coprinellus,cf,,radians,Coprinellus radians
0962c1cc4b8e710d98c9d1b757eeabb7a452af23,Coprinellus,cf,,radians,Coprinellus radians
0962c1cc4b8e710d98c9d1b757eeabb7a452af23,Coprinellus,cf,,radians,Coprinellus radians
0962c1cc4b8e710d98c9d1b757eeabb7a452af23,Coprinellus,cf,,radians,Coprinellus radians
0962c1cc4b8e710d98c9d1b757eeabb7a452af23,Coprinellus,cf,,radians,Coprinellus radians
139defc504ae701e1f27055f1e47a4e1de11cedd,Coprinellus,cf,,radians,Coprinellus radians
14353b48134943e3f9565b6a72d64873157c3034,Coprinellus,cf,,radians,Coprinellus radians
16c67b2046def564a13d9319f80227432001e1e8,Coprinellus,cf,,radians,Coprinellus radians
16c67b2046def564a13d9319f80227432001e1e8,Coprinellus,cf,,radians,Coprinellus radians
16c67b2046def564a13d9319f80227432001e1e8,Coprinellus,cf,,radians,Coprinellus radians
16c67b2046def564a13d9319f80227432001e1e8,Coprinellus,cf,,radians,Coprinellus radians
16c67b2046def564a13d9319f80227432001e1e8,Coprinellus,cf,,radians,Coprinellus radians
16c67b2046def564a13d9319f80227432001e1e8,Coprinellus,cf,,radians,Coprinellus radians
16c67b2046def564a13d9319f80227432001e1e8,Coprinellus,cf,,radians,Coprinellus radians
16c67b2046def564a13d9319f80227432001e1e8,Coprinellus,cf,,radians,Coprinellus radians
16c67b2046def564a13d9319f80227432001e1e8,Coprinellus,cf,,radians,Coprinellus radians
16c67b2046def564a13d9319f80227432001e1e8,Coprinellus,cf,,radians,Coprinellus radians
16c67b2046def564a13d9319f80227432001e1e8,Coprinellus,cf,,radians,Coprinellus radians
16c67b2046def564a13d9319f80227432001e1e8,Coprinellus,cf,,radians,Coprinellus radians
16c67b2046def564a13d9319f80227432001e1e8,Coprinellus,cf,,radians,Coprinellus radians
16c67b2046def564a13d9319f80227432001e1e8,Coprinellus,cf,,radians,Coprinellus radians
16c67b2046def564a13d9319f80227432001e1e8,Coprinellus,cf,,radians,Coprinellus radians
16c67b2046def564a13d9319f80227432001e1e8,Coprinellus,cf,,radians,Coprinellus radians
16c67b2046def564a13d9319f80227432001e1e8,Coprinellus,cf,,radians,Coprinellus radians
16c67b2046def564a13d9319f80227432001e1e8,Coprinellus,cf,,radians,Coprinellus radians
16c67b2046def564a13d9319f80227432001e1e8,Coprinellus,cf,,radians,Coprinellus radians
16c67b2046def564a13d9319f80227432001e1e8,Coprinellus,cf,,radians,Coprinellus radians
16c67b2046def564a13d9319f80227432001e1e8,Coprinellus,cf,,radians,Coprinellus radians
16c67b2046def564a13d9319f80227432001e1e8,Coprinellus,cf,,radians,Coprinellus radians
16c67b2046def564a13d9319f80227432001e1e8,Coprinellus,cf,,radians,Coprinellus radians
16c67b2046def564a13d9319f80227432001e1e8,Coprinellus,cf,,radians,Coprinellus radians
16c67b2046def564a13d9319f80227432001e1e8,Coprinellus,cf,,radians,Coprinellus radians
16c67b2046def564a13d9319f80227432001e1e8,Coprinellus,cf,,radians,Coprinellus radians
16c67b2046def564a13d9319f80227432001e1e8,Coprinellus,cf,,radians,Coprinellus radians
16c67b2046def564a13d9319f80227432001e1e8,Coprinellus,cf,,radians,Coprinellus radians
16c67b2046def564a13d9319f80227432001e1e8,Coprinellus,cf,,radians,Coprinellus radians
19340e3dff6d837917927f52cbfad54c8baec213,Coprinellus,cf,,radians,Coprinellus radians
196d73321b5387bca638eed5c1cfcee4534cd2da,Coprinellus,cf,,radians,Coprinellus radians
196d73321b5387bca638eed5c1cfcee4534cd2da,Coprinellus,cf,,radians,Coprinellus radians
196d73321b5387bca638eed5c1cfcee4534cd2da,Coprinellus,cf,,radians,Coprinellus radians
197cb2051ab42e0667bbc2bc440aa097f991058c,Coprinellus,cf,,radians,Coprinellus radians
2010ffe909b03328f3c114379b9e1d4684cc6694,Coprinellus,cf,,radians,Coprinellus radians
202bedaf651d1d7c5704d60cab6bb203279a4bc5,Coprinellus,cf,,radians,Coprinellus radians
23b92c08342c03b8f7bff837dd3edfb7ecc172c0,Coprinellus,cf,,radians,Coprinellus radians
257d25b2c76fdf6520e8740e8c58fa4082697ce5,Coprinellus,cf,,radians,Coprinellus radians
269f7bf4e1595b8fe8b96001695edafbdad7db85,Coprinellus,cf,,radians,Coprinellus radians
3181c5624d1b50cf73b0374efb5fdd18609a96db,Coprinellus,cf,,radians,Coprinellus radians
3759503887c3c439c908090b5e78064220c3dd01,Coprinellus,cf,,radians,Coprinellus radians
3abb03d36055930895fc6b818ce3debe49f76590,Coprinellus,cf,,radians,Coprinellus radians
429302cbb15e941e1e0f6630518491b21d3b4fec,Coprinellus,cf,,radians,Coprinellus radians
45bf178f7ef8f751ed08ae7ab560feaa16beb009,Coprinellus,cf,,radians,Coprinellus radians
4a4a3f8d0056c982354c2f2f5653bb67a0edbe33,Coprinellus,cf,,radians,Coprinellus radians
5b09568e6d62035290b5bc6ed1a5c02dedfc032c,Coprinellus,cf,,radians,Coprinellus radians
5e5753ad05f1340474c063b9fbfa004217e9fc26,Coprinellus,cf,,radians,Coprinellus radians
67d6cb7a9fc57f1361f2d4e3e5c3caa1c4ce9b1e,Coprinellus,cf,,radians,Coprinellus radians
698afbfa4efc813950a3400d1d96502e197d0fba,Coprinellus,cf,,radians,Coprinellus radians
755e8b7799da15757df220aaca52d3f345202725,Coprinellus,cf,,radians,Coprinellus radians
7b32c07792b031d9e8c357e478874c988b056d86,Coprinellus,cf,,radians,Coprinellus radians
81924b6b89b2a8e0639eac80d4794cf8a16e4530,Coprinellus,cf,,radians,Coprinellus radians
8c98a6abb35c036cfed104fa72ce81832548017b,Coprinellus,cf,,radians,Coprinellus radians
91fa94cf131c1a122e9f29ef0ed0b98b18335455,Coprinellus,cf,,radians,Coprinellus radians
96ecdb44d45b42a96fcac4de0ee501ea851ef0dc,Coprinellus,cf,,radians,Coprinellus radians
96ecdb44d45b42a96fcac4de0ee501ea851ef0dc,Coprinellus,cf,,radians,Coprinellus radians
9730db4bbdf97beeca1620a6967428f44406728f,Coprinellus,cf,,radians,Coprinellus radians
9e84e51ff506428f1d66e3325bddbb3a76bc0d6b,Coprinellus,cf,,radians,Coprinellus radians
b77a7568c9cc925d3c2d8faeec3ac5857212f7d2,Coprinellus,cf,,radians,Coprinellus radians
bc1d22225ad4e5393ec43e4e43aaa665c064269e,Coprinellus,cf,,radians,Coprinellus radians
c6533827521eca9a33416a5606ca2fd48c9d1c64,Coprinellus,cf,,radians,Coprinellus radians
c84dcf513fbe71ac90fc23fd6723ffa495867c6e,Coprinellus,cf,,radians,Coprinellus radians
ca311d369aeb7b0ef9035f80279d6cb06b17e92c,Coprinellus,cf,,radians,Coprinellus radians
cede81b4c4b200f3ba50e86002402330e5499b09,Coprinellus,cf,,radians,Coprinellus radians
db58191fc49d6d8686e85bd12a9e33924987cee8,Coprinellus,cf,,radians,Coprinellus radians
de049e59494cd7a5944c6e10a7fbd2c38b0fafb3,Coprinellus,cf,,radians,Coprinellus radians
dfe1c4ae152df8c9eb464b8cb44c008de6277157,Coprinellus,cf,,radians,Coprinellus radians
fc28e458382ba9a4877a609087f666f9cf796be0,Coprinellus,cf,,radians,Coprinellus radians
0fe4eb418df71836457088c45da6a1e39375a3a5,Coprinopsis,sp,1,,Coprinopsis 
faa196dd6b49ab5f99708280128e1b3500c86ab0,Coprinopsis,sp,2,,Coprinopsis 
1e0d93f2fda6d4ec6a5a604bd9c958dad35b3213,Coprinopsis,cf,,jonesii,Coprinopsis jonesii
207a41dc3b47b3f34232b7821348b8e87f55bb20,Coprinopsis,cf,,jonesii,Coprinopsis jonesii
945040ccfb1ddf38a3a9c61c6f418c0acf669253,Coprinopsis,cf,,jonesii,Coprinopsis jonesii
bf685a1688babe59db5524290daec5ec913e13f1,Coprinopsis,cf,,jonesii,Coprinopsis jonesii
1f4002e61a7faf4ffa5c58b0b80d24fd48b40358,Coprinopsis,,,siepei,Coprinopsis siepei
23740e84909cb1408d103ceb8f63972af61c3926,Coprinopsis,,,siepei,Coprinopsis siepei
26deddff03932883bad198caade72cac62e21f4f,Coprinopsis,,,siepei,Coprinopsis siepei
40b304ef15846b48731693c59afba11ec957d6a7,Coprinopsis,,,siepei,Coprinopsis siepei
42fb20e391c6b866376f47c3482dcb0ea93e63dd,Coprinopsis,,,siepei,Coprinopsis siepei
498f2a0a17cc30a67f975ef6b88b9f9f77094503,Coprinopsis,,,siepei,Coprinopsis siepei
5804d8186f17b92e43976b03abc993526967190d,Coprinopsis,,,siepei,Coprinopsis siepei
727ad0896fd9ff987eaf6f753f1242ff225704b0,Coprinopsis,,,siepei,Coprinopsis siepei
868dd42428e62b7b114a4ba6bd0130cd1f0cdebb,Coprinopsis,,,siepei,Coprinopsis siepei
af6175e3aa069e1598b718b887c29d47b0d81d19,Coprinopsis,,,siepei,Coprinopsis siepei
376728ee859a426c3da5ff739a27f67885cdc284,Corticium,sp,,,Corticium 
52d909091deceebd2cd0fc1dc486109fcb58b1f2,Corticium,sp,2,,Corticium 
0f8f8dcc139dbfe15751759072952c1dda4d4bb6,Cortinarius,sp,,,Cortinarius 
0f8f8dcc139dbfe15751759072952c1dda4d4bb6,Cortinarius,sp,,,Cortinarius 
9e98750bdff13ad33f709644c9126a8152a1cdf0,Cortinarius,sp,1,,Cortinarius 
2c2fd518be306b210b216e0fbd32243ec712451b,Cortinarius,sp,10,,Cortinarius 
481debbc4844644b8832d3c843ff3e1f8d0fc3fd,Cortinarius,sp,11,,Cortinarius 
494f8c42894bedc361d8d6704ff25f90b8e6a042,Cortinarius,sp,11,,Cortinarius 
5391cc3bb95abe9c355703478ac5f516eebde07d,Cortinarius,sp,11,,Cortinarius 
54973e913f064477140c1efd710ff8efee753ada,Cortinarius,sp,11,,Cortinarius 
20673cfc3ab40bfe196d285ad5f2abab79f2fa9d,Cortinarius,sp,12,,Cortinarius 
084d8fba7f671bf2807cfd69c6c96f65f829dae7,Cortinarius,sp,13,,Cortinarius 
342daf29ec296242b08ca43c283a6dad885641bd,Cortinarius,sp,13,,Cortinarius 
3b3cee1edc78828250064cdd5741efd27a61a121,Cortinarius,sp,13,,Cortinarius 
3fffdc5433f8838ebe94f0df7df9c8d349d7fc71,Cortinarius,sp,14,,Cortinarius 
cea4386d3c9a56b3dff7f975e88603d08e719237,Cortinarius,sp,14,,Cortinarius 
f18af51b5c0f59b83a91d079b6c4d5ac8d55b858,Cortinarius,sp,14,,Cortinarius 
f18af51b5c0f59b83a91d079b6c4d5ac8d55b858,Cortinarius,sp,14,,Cortinarius 
97ee9b3993e52e058c12fc9dd625a3e60015d227,Cortinarius,sp,16,,Cortinarius 
37f6875cd4ba1c8494b41f4ed155c2fb5138fb5e,Cortinarius,sp,17,,Cortinarius 
8934d52c49558b32490ac27dcf423ac3dc68ec99,Cortinarius,sp,18,,Cortinarius 
44162e2888a50225c4a6a916ad85c791e57cb355,Cortinarius,sp,19,,Cortinarius 
80ab79928dc38a679c873a32a56bc93c03a09bee,Cortinarius,sp,19,,Cortinarius 
a92d1e6d0d5450cf157e1bdc405cd85bc989b45a,Cortinarius,sp,19,,Cortinarius 
13f9951a4fd054322c24d36db3a41b799a72668f,Cortinarius,sp,2,,Cortinarius 
1c82f18a0020f213eb6e31d8e7d197d64e0aa079,Cortinarius,sp,2,,Cortinarius 
233428e6738fa366fb45ef9309fc4aa24523d85b,Cortinarius,sp,2,,Cortinarius 
53c84734d0891fb548d954ded44cd2f1df6b59b5,Cortinarius,sp,2,,Cortinarius 
5f4fb71afc63126ea70e3167d5354aa31125ba8f,Cortinarius,sp,2,,Cortinarius 
6a957ed9e875f397f95645aa95a648e0968e4a97,Cortinarius,sp,2,,Cortinarius 
8a11ca4fa304a99eade22962739a27e68f4fd1b9,Cortinarius,sp,2,,Cortinarius 
be78d91ed27943bd91f082896c6adab117a7b30e,Cortinarius,sp,2,,Cortinarius 
be78d91ed27943bd91f082896c6adab117a7b30e,Cortinarius,sp,2,,Cortinarius 
e033fa54434e17d2821e01658d3261f0689c0d5a,Cortinarius,sp,2,,Cortinarius 
e13cee73f7ba8e1677823c462c69f2d8d7cff599,Cortinarius,sp,2,,Cortinarius 
e13cee73f7ba8e1677823c462c69f2d8d7cff599,Cortinarius,sp,2,,Cortinarius 
e13cee73f7ba8e1677823c462c69f2d8d7cff599,Cortinarius,sp,2,,Cortinarius 
e13cee73f7ba8e1677823c462c69f2d8d7cff599,Cortinarius,sp,2,,Cortinarius 
e13cee73f7ba8e1677823c462c69f2d8d7cff599,Cortinarius,sp,2,,Cortinarius 
e13cee73f7ba8e1677823c462c69f2d8d7cff599,Cortinarius,sp,2,,Cortinarius 
80e1d4e801f9f4de98ece96838c648cde7afef1d,Cortinarius,sp,21,,Cortinarius 
3d1b592f029cac9ac807ea3a158402b05f3b9290,Cortinarius,sp,22,,Cortinarius 
715a6b7b9fe3575d6b1e33dad957608b1dbd4182,Cortinarius,sp,23,,Cortinarius 
6a0450acc4c0628484395f4b7829c5a6afd3eea6,Cortinarius,sp,24,,Cortinarius 
34f370e8095957ff56483d3a7dad30a7bc1d6c99,Cortinarius,sp,25,,Cortinarius 
15aad5e73766f727b3ca89f6700042ab6efa16fa,Cortinarius,sp,26,,Cortinarius 
9b0d7f62aeeb5b490f06b9c28aaf96bfcd2db09f,Cortinarius,sp,27,,Cortinarius 
bcdcb20ec936d0e5a2bf485e41ad8db85901600f,Cortinarius,sp,27,,Cortinarius 
e2d7ad1796bcd47b6591081a6f17e76c7cbff501,Cortinarius,sp,27,,Cortinarius 
fd28a2540e6becf3de834ee2b49d5a6b56ce2b11,Cortinarius,sp,28,,Cortinarius 
ee92e4e9e4faa126ab46a7d368f81bd568d616d7,Cortinarius,sp,29,,Cortinarius 
0cff45a20eec96a829a98607a07d0bd49d60014c,Cortinarius,sp,3,,Cortinarius 
22b12232b3cee59e18d6cde35225888aaeddcc6a,Cortinarius,sp,30,,Cortinarius 
581be22610ee0896d3af3b1112aa03a89ad3960a,Cortinarius,sp,30,,Cortinarius 
945f35050ea40b36bac4f638de4a4c357fc5f78a,Cortinarius,sp,30,,Cortinarius 
b0e2e94b5a4143ea3aa73ad4bcbac885034890b4,Cortinarius,sp,30,,Cortinarius 
d98b911fc95d6a3df7c861036c6c414f175dcdcb,Cortinarius,sp,30,,Cortinarius 
c03e8576a9a1700bfbaa00360445fcc25fc354c5,Cortinarius,sp,31,,Cortinarius 
e853a5d10fe2f1d27491d5050948b48a6e2046e5,Cortinarius,sp,32,,Cortinarius 
488a019a34ba5cd49446991a98fd8216a217b22d,Cortinarius,sp,34,,Cortinarius 
56f7610c630f1aab041c1f532b211a70d6b74f0f,Cortinarius,sp,34,,Cortinarius 
5c5e53dbbd4acdd9d484eba963f78b4859e125bd,Cortinarius,sp,34,,Cortinarius 
91e09ab0bfb36aaba508898b4b9dc56246c48d44,Cortinarius,sp,34,,Cortinarius 
9d26395d574ecc873d57da40e96e450a694dcedc,Cortinarius,sp,34,,Cortinarius 
b7cef6d4b232e4ced46aaa362a2e58558a268cca,Cortinarius,sp,34,,Cortinarius 
b92fcf9457cda0b36581868cd13d4d40dfa6f8f2,Cortinarius,sp,34,,Cortinarius 
c5dad6acdb00b330a85fde501edb9526572019d2,Cortinarius,sp,34,,Cortinarius 
ede4cf221807f3c3904fa9fe01d2957721457d2a,Cortinarius,sp,34,,Cortinarius 
efb22eef6e402fe9ad9bdf350daf1d70f6389d67,Cortinarius,sp,34,,Cortinarius 
aee7a31af050ae4b28177643c7b40b677ad9cce5,Cortinarius,sp,35,,Cortinarius 
951d5feb942c11312f86bf5b808744f5dafd7b9f,Cortinarius,sp,36,,Cortinarius 
409d89cfdbc8816407113f937b2cb79a6001c722,Cortinarius,sp,37,,Cortinarius 
8a3dd39dffe8411c95e9d5e30cff6c55bb7aa579,Cortinarius,sp,37,,Cortinarius 
8a3dd39dffe8411c95e9d5e30cff6c55bb7aa579,Cortinarius,sp,37,,Cortinarius 
8a3dd39dffe8411c95e9d5e30cff6c55bb7aa579,Cortinarius,sp,37,,Cortinarius 
b9d3740ad9fb449d7f41c995dc9b7c3906bd4de6,Cortinarius,sp,37,,Cortinarius 
06fe61dfc2d8efc2c67676f31dc23be2928f6702,Cortinarius,sp,38,,Cortinarius 
06fe61dfc2d8efc2c67676f31dc23be2928f6702,Cortinarius,sp,38,,Cortinarius 
0cef4976ec79ee5f915fdb2cefe49725897b7439,Cortinarius,sp,38,,Cortinarius 
1d5fc73ae1ce3717d5c2099daec88287657f9112,Cortinarius,sp,38,,Cortinarius 
1d5fc73ae1ce3717d5c2099daec88287657f9112,Cortinarius,sp,38,,Cortinarius 
21a35762624b020493fb874ef316effa95123634,Cortinarius,sp,38,,Cortinarius 
2938a20370ae02e2983ad6f2d79c4b30c2a259a7,Cortinarius,sp,38,,Cortinarius 
b93286d27c1d8d047e46d3c08b10a73dee72ebdb,Cortinarius,sp,38,,Cortinarius 
c43d244ac5b1c54a6b48045f52ee638a0fad8046,Cortinarius,sp,38,,Cortinarius 
cf988a0c1d5e59833d52bcde34cca24bbed89e4d,Cortinarius,sp,38,,Cortinarius 
d324a48264e8e8fe537be7847b64ee08ed974908,Cortinarius,sp,38,,Cortinarius 
f7d786be35d05bf9b07b105d756d87bae73f646a,Cortinarius,sp,38,,Cortinarius 
35516f44836b5c56be2734b39f0eabcc7a388ea6,Cortinarius,sp,39,,Cortinarius 
495ca8f7aff14b23a12955908ef1f9afd1dac2bc,Cortinarius,sp,4,,Cortinarius 
f5537d1f772bd176cafb07f3227ff64238642a07,Cortinarius,sp,40,,Cortinarius 
17a69026f7de143125a81e6f4dadbd12143ab855,Cortinarius,sp,41,,Cortinarius 
27a3a969f606b81a576e70809e8f14e51d0dfe8e,Cortinarius,sp,41,,Cortinarius 
6a88855af4c63cb6aad6f424af7df1c14a50780b,Cortinarius,sp,41,,Cortinarius 
6a88855af4c63cb6aad6f424af7df1c14a50780b,Cortinarius,sp,41,,Cortinarius 
0e217dc0b38059a91ce1a1f1bf254c85c6ccad7d,Cortinarius,sp,43,,Cortinarius 
18fa3b8cdab4e07ce1bc3eb43ef0ad2ca5a55d7a,Cortinarius,sp,43,,Cortinarius 
d4aca86799968f076c9746c637a3bd229fa9b6a7,Cortinarius,sp,43,,Cortinarius 
592925abee0352b712558444936850c354776549,Cortinarius,sp,44,,Cortinarius 
92078f4c8849ecc9be83d2e4e0fb228e11279c52,Cortinarius,sp,45,,Cortinarius 
45bdd50ea39e4154626c91721c26285cf3563576,Cortinarius,sp,46,,Cortinarius 
45bdd50ea39e4154626c91721c26285cf3563576,Cortinarius,sp,46,,Cortinarius 
45bdd50ea39e4154626c91721c26285cf3563576,Cortinarius,sp,46,,Cortinarius 
45bdd50ea39e4154626c91721c26285cf3563576,Cortinarius,sp,46,,Cortinarius 
45bdd50ea39e4154626c91721c26285cf3563576,Cortinarius,sp,46,,Cortinarius 
45bdd50ea39e4154626c91721c26285cf3563576,Cortinarius,sp,46,,Cortinarius 
9380e154ef4ae35be18c664c5792ccd8c7cc0220,Cortinarius,sp,47,,Cortinarius 
28f5ecc9da995594078024e3ec4edd028719b732,Cortinarius,sp,48,,Cortinarius 
127b3955ff721a9db5ba9a191890384c4da48fa9,Cortinarius,sp,49,,Cortinarius 
127b3955ff721a9db5ba9a191890384c4da48fa9,Cortinarius,sp,49,,Cortinarius 
305c80545fd7df28dda4b771ae17e41e6195f722,Cortinarius,sp,49,,Cortinarius 
305c80545fd7df28dda4b771ae17e41e6195f722,Cortinarius,sp,49,,Cortinarius 
8b2f232237b748107099b3396ab5b9c20b328e15,Cortinarius,sp,49,,Cortinarius 
8b2f232237b748107099b3396ab5b9c20b328e15,Cortinarius,sp,49,,Cortinarius 
8b2f232237b748107099b3396ab5b9c20b328e15,Cortinarius,sp,49,,Cortinarius 
8b2f232237b748107099b3396ab5b9c20b328e15,Cortinarius,sp,49,,Cortinarius 
a173e73097fd0522a34fb168a6d9480604f5f97c,Cortinarius,sp,49,,Cortinarius 
a5110a74ae31356ebe092c3418054212e89aabe6,Cortinarius,sp,49,,Cortinarius 
c5c69d9e94141b25223303f4ee129481d2d96cf8,Cortinarius,sp,49,,Cortinarius 
238539f986e332177bf04cbd3447d251d90cadaa,Cortinarius,sp,5,,Cortinarius 
6c8c1a31bc88a27687af49b1c4b944d3b65509a5,Cortinarius,sp,5,,Cortinarius 
7a39b1818362a4f4acf0396b95dceb7d470391fb,Cortinarius,sp,5,,Cortinarius 
7a39b1818362a4f4acf0396b95dceb7d470391fb,Cortinarius,sp,5,,Cortinarius 
bff0f5c7e965fbb1d8ef5a9f430baba1b388beff,Cortinarius,sp,5,,Cortinarius 
ef7615666691b1cbcb3b9d73f007308d5df8c0dd,Cortinarius,sp,5,,Cortinarius 
72402918414a9f656697c4eb7214ccee6ae2cd93,Cortinarius,sp,50,,Cortinarius 
e396a1a1c16270a71cee4216d1ee2103dab162b5,Cortinarius,sp,51,,Cortinarius 
0c052483533cb43442bd9992cf4126b9345bc79b,Cortinarius,sp,52,,Cortinarius 
25a4eedc3a1fcdd841a65d05a705c61e613f534d,Cortinarius,sp,52,,Cortinarius 
25a4eedc3a1fcdd841a65d05a705c61e613f534d,Cortinarius,sp,52,,Cortinarius 
25a4eedc3a1fcdd841a65d05a705c61e613f534d,Cortinarius,sp,52,,Cortinarius 
25a4eedc3a1fcdd841a65d05a705c61e613f534d,Cortinarius,sp,52,,Cortinarius 
25a4eedc3a1fcdd841a65d05a705c61e613f534d,Cortinarius,sp,52,,Cortinarius 
30a3a72a141594009eb93d566b2b6ad2233b33dc,Cortinarius,sp,52,,Cortinarius 
53335c4b4254cdeb3d563899e15aa789786faaf0,Cortinarius,sp,52,,Cortinarius 
66733d4321aebfb45b1fdb112681ddd18121d169,Cortinarius,sp,52,,Cortinarius 
66733d4321aebfb45b1fdb112681ddd18121d169,Cortinarius,sp,52,,Cortinarius 
66733d4321aebfb45b1fdb112681ddd18121d169,Cortinarius,sp,52,,Cortinarius 
66733d4321aebfb45b1fdb112681ddd18121d169,Cortinarius,sp,52,,Cortinarius 
8a9813f7aaa965d1bb0c2632361e1a0eb4b1757d,Cortinarius,sp,52,,Cortinarius 
63323f571ceec60813aed6d24e8a4235177378b8,Cortinarius,sp,53,,Cortinarius 
72433f9dac119f9d0efbd4f09342c17552c1418b,Cortinarius,sp,54,,Cortinarius 
c656893b78814e2c9fadc50eb6d42314d8c5936e,Cortinarius,sp,55,,Cortinarius 
80fc178fa3faa1699f47adfafcea1b064bf3d7f7,Cortinarius,sp,56,,Cortinarius 
9195c335d285ddff853b2faedeef318a05897f21,Cortinarius,sp,57,,Cortinarius 
a9a7704f1e8986be5dd6223a0d5f0fcb5635218d,Cortinarius,sp,58,,Cortinarius 
79c783667376f522bcc6e35b9387c2e57bdb30ce,Cortinarius,sp,59,,Cortinarius 
0eb8accf28a87339f82b57f166cb1c98c619fee1,Cortinarius,sp,6,,Cortinarius 
33db94d54ab6f4523eeadce15ae7a4677ebce126,Cortinarius,sp,6,,Cortinarius 
4d072b0b22df553dabc0bf5a41a9dd939b4bc579,Cortinarius,sp,6,,Cortinarius 
6e2258f021755bd337931dabfd8f2077c07a45eb,Cortinarius,sp,6,,Cortinarius 
c719a0aabad20e0834cee9384bb375ef73763738,Cortinarius,sp,6,,Cortinarius 
cbe011fb83bab5a48208b04d759ba198d22c4084,Cortinarius,sp,60,,Cortinarius 
041b9153d1ac8addc448df394949d3e8e4716ec6,Cortinarius,sp,7,,Cortinarius 
2865e048a6274cc11fca648c4a81a4521bf4fe34,Cortinarius,sp,7,,Cortinarius 
3f4b6bde102b47581155f6fbf230ebd9592095b5,Cortinarius,sp,7,,Cortinarius 
3f4b6bde102b47581155f6fbf230ebd9592095b5,Cortinarius,sp,7,,Cortinarius 
65019030e58c3afe35aeca288a8fbf177f3b540b,Cortinarius,sp,7,,Cortinarius 
7120274e79d5862154a0bae3d1fbd4195423822e,Cortinarius,sp,7,,Cortinarius 
b14f242871c62bbfa433f955ce10a07f5e365ce5,Cortinarius,sp,7,,Cortinarius 
f9ad3e946ee801a713c2cdee735b68f30170e3b3,Cortinarius,sp,7,,Cortinarius 
67053b4cec5b5581ced7f79ca75f6d6d48534898,Cortinarius,sp,8,,Cortinarius 
561b3e29871a4467956d4a9cfcb26195c5ba225f,Cortinarius,sp,9,,Cortinarius 
56909fad68c7b4b87fc54717048b143988f4ff30,Cortinarius,sp,9,,Cortinarius 
98483c3bfd5613efbddac7d3e59e58d338959b3f,Cortinarius,sp,9,,Cortinarius 
9a11311da90e6e13ec7d59375bf50d4727908e97,Cortinarius,sp,9,,Cortinarius 
dd74b9eb584de4fb336059b02ce2762bce670607,Cortinarius,sp,9,,Cortinarius 
085e027ea3107cb694495d62c03cb55625649514,Cortinarius,,,acutus,Cortinarius acutus
0c0b25c1037042e8c2942c42ab2173d13d342d13,Cortinarius,,,acutus,Cortinarius acutus
0d28ef51873de879f225367476f14e3f92a9cd23,Cortinarius,,,acutus,Cortinarius acutus
129bd536240d89314a698afad095dbeb5ce1c9c4,Cortinarius,,,acutus,Cortinarius acutus
12ecb319510de3346211d5215af3fcbcbea7b283,Cortinarius,,,acutus,Cortinarius acutus
13bfec80af518109af0e5507be5c6f0368459390,Cortinarius,,,acutus,Cortinarius acutus
1d2b25febd4549d19161258489cdf62ed800e995,Cortinarius,,,acutus,Cortinarius acutus
1d2b25febd4549d19161258489cdf62ed800e995,Cortinarius,,,acutus,Cortinarius acutus
1f52c71e21a6d5f2068ca5ae894c2b39fe0d4313,Cortinarius,,,acutus,Cortinarius acutus
2dd702e421ba47f67d80eee93d30af121f5b9fa5,Cortinarius,,,acutus,Cortinarius acutus
2fbe8cca7267f318e310b7b2448159de33c62db5,Cortinarius,,,acutus,Cortinarius acutus
308c4b5c4d8be8dfb64e257fc6bbc1b0d8d26f68,Cortinarius,,,acutus,Cortinarius acutus
3268d5df1e0af4bf1b0ae750d5577662e8cf4064,Cortinarius,,,acutus,Cortinarius acutus
3a2a9b6f515e9383c05b3fc11b0cf1ebca4271ef,Cortinarius,,,acutus,Cortinarius acutus
40b804acae192ee82c7a1c17cbfb272a083422c5,Cortinarius,,,acutus,Cortinarius acutus
4cece3cd18ada871128d701d3df5ff538cc66874,Cortinarius,,,acutus,Cortinarius acutus
50a37db7413c1bb53e6a40a7c8f3cac6497c5b9d,Cortinarius,,,acutus,Cortinarius acutus
55a26b25464e646911837772c005c45e2f1cc03a,Cortinarius,,,acutus,Cortinarius acutus
6065ffc7928a97e09c62fb1dba5d3250dd2a6b07,Cortinarius,,,acutus,Cortinarius acutus
61eed30f021418b89750f7352ef56118e4c074b2,Cortinarius,,,acutus,Cortinarius acutus
73e82f3a67c1d4cc5a74464619ea6b7daf666dbc,Cortinarius,,,acutus,Cortinarius acutus
7512ffad4fe4e37983b112aeade93865ec57baf6,Cortinarius,,,acutus,Cortinarius acutus
8632ebf8bb427119be290cb91340688af47b488b,Cortinarius,,,acutus,Cortinarius acutus
87dd446e8d5339bdc13eebb397fe5e1f7073c0c4,Cortinarius,,,acutus,Cortinarius acutus
8941540b5c8cf552ced3da69b68f692e51519079,Cortinarius,,,acutus,Cortinarius acutus
8956dcd96a0bd96a84dd2e22f7108bef35ccdba9,Cortinarius,,,acutus,Cortinarius acutus
910f86eda1802c73021a6b965c8aaec40ce49f95,Cortinarius,,,acutus,Cortinarius acutus
95e5b4386a43a7997a11adf81f4ceaccdde1cb24,Cortinarius,,,acutus,Cortinarius acutus
960fa20b4689e40709b7c45466d58d985d4164cd,Cortinarius,,,acutus,Cortinarius acutus
960fa20b4689e40709b7c45466d58d985d4164cd,Cortinarius,,,acutus,Cortinarius acutus
ad751ea07484c5a0ef96afdd8557374f66ad03db,Cortinarius,,,acutus,Cortinarius acutus
b567d169e088c28244a14a3c621bb80391e47c2b,Cortinarius,,,acutus,Cortinarius acutus
c5ac687688cada3e0f93337bd3f598fd4c801d97,Cortinarius,,,acutus,Cortinarius acutus
c5ac687688cada3e0f93337bd3f598fd4c801d97,Cortinarius,,,acutus,Cortinarius acutus
c5ac687688cada3e0f93337bd3f598fd4c801d97,Cortinarius,,,acutus,Cortinarius acutus
c5ac687688cada3e0f93337bd3f598fd4c801d97,Cortinarius,,,acutus,Cortinarius acutus
cca57aa4205c3569a333b14ccb3f016e67812ebe,Cortinarius,,,acutus,Cortinarius acutus
ce8b7ed192a348bcc8d5c37c790aa32f74ac6f8b,Cortinarius,,,acutus,Cortinarius acutus
d6e08e0b1c86e973e53709199e02db352e12f256,Cortinarius,,,acutus,Cortinarius acutus
eff7e74e93c49bebdcb00538f343ba369bb47d60,Cortinarius,aff,,acutus,Cortinarius acutus
f64b49235f61880c0b5a51a129b5ab5bd2e7d7f1,Cortinarius,,,acutus,Cortinarius acutus
f64b49235f61880c0b5a51a129b5ab5bd2e7d7f1,Cortinarius,,,acutus,Cortinarius acutus
f64b49235f61880c0b5a51a129b5ab5bd2e7d7f1,Cortinarius,,,acutus,Cortinarius acutus
f64b49235f61880c0b5a51a129b5ab5bd2e7d7f1,Cortinarius,,,acutus,Cortinarius acutus
fb20adb0d1f5c856abfbed38ed2f4dd1c8812fc0,Cortinarius,,,acutus,Cortinarius acutus
fb55d994d036516549012e72a6ad05585c09c6b7,Cortinarius,,,acutus,Cortinarius acutus
4b8edb266c65c5b36598fd68dd28bafa09347f17,Cortinarius,,,albidipes,Cortinarius albidipes
cc7b7c0aa5aee34aed7dc149096065e5c2615be9,Cortinarius,,,albidipes,Cortinarius albidipes
1c973374e295282ecb3d330173fecfb2a92d6e16,Cortinarius,,,albidoavellaneus,Cortinarius albidoavellaneus
261cd948f9bd1a5e8ed691c78d01bf052dcbf1fc,Cortinarius,,,albidoavellaneus,Cortinarius albidoavellaneus
303e3b1e3395fc187c02330018146beb12689912,Cortinarius,,,albidoavellaneus,Cortinarius albidoavellaneus
5102ced5c4a54e8e38d025c6a2e104e64eaaf571,Cortinarius,,,albidoavellaneus,Cortinarius albidoavellaneus
5102ced5c4a54e8e38d025c6a2e104e64eaaf571,Cortinarius,,,albidoavellaneus,Cortinarius albidoavellaneus
5102ced5c4a54e8e38d025c6a2e104e64eaaf571,Cortinarius,,,albidoavellaneus,Cortinarius albidoavellaneus
5102ced5c4a54e8e38d025c6a2e104e64eaaf571,Cortinarius,,,albidoavellaneus,Cortinarius albidoavellaneus
66ed84342e33736a5056e01a85b82c4fd6cdad7a,Cortinarius,,,albidoavellaneus,Cortinarius albidoavellaneus
6c1c3083a25e1265066839cb005da2060e904a99,Cortinarius,,,albidoavellaneus,Cortinarius albidoavellaneus
87c7aeb39da07908eb95890f451b3d9af8e9a1b2,Cortinarius,,,albidoavellaneus,Cortinarius albidoavellaneus
8e81741b63d93cc0cdd73cb6951aa04de878c019,Cortinarius,,,albidoavellaneus,Cortinarius albidoavellaneus
9585fd8241a7c9178ea912336939d58cd6f314ea,Cortinarius,,,albidoavellaneus,Cortinarius albidoavellaneus
aeedac27ded861465675e8bdebd41ed90f2544e3,Cortinarius,,,albidoavellaneus,Cortinarius albidoavellaneus
0a5b7a33dff5485d7b6de12222a8817a023987b4,Cortinarius,,,albogaudis,Cortinarius albogaudis
11602920b4fe3a8625b200e465bca7c0b93e6dc9,Cortinarius,,,albogaudis,Cortinarius albogaudis
3969287bd21ec933b0a8dfda5db29df83f05ed76,Cortinarius,,,albogaudis,Cortinarius albogaudis
450122d15ab771e19d2b767726d7882aa643bcdb,Cortinarius,,,albogaudis,Cortinarius albogaudis
450122d15ab771e19d2b767726d7882aa643bcdb,Cortinarius,,,albogaudis,Cortinarius albogaudis
58b311f62c27e255f40a7a5d9e77ec972963268a,Cortinarius,,,albogaudis,Cortinarius albogaudis
58b311f62c27e255f40a7a5d9e77ec972963268a,Cortinarius,,,albogaudis,Cortinarius albogaudis
58b311f62c27e255f40a7a5d9e77ec972963268a,Cortinarius,,,albogaudis,Cortinarius albogaudis
5bd7762eccba9ebb81902a572586ac49bb69dc22,Cortinarius,,,albogaudis,Cortinarius albogaudis
7d64feb76f2306eacc736790771774d7b467865a,Cortinarius,,,albogaudis,Cortinarius albogaudis
9777783ab0ccea4317735a11069c712c92f8245b,Cortinarius,,,albogaudis,Cortinarius albogaudis
cbb4118531dd0d7bc4daeb97eeba5b4317de2b84,Cortinarius,,,albogaudis,Cortinarius albogaudis
0d12b53bceb0affb09e86dadde43ec31b9efdedd,Cortinarius,,,alnetorum,Cortinarius alnetorum
09f03721b03639d75a0f139b30974b1e080066b2,Cortinarius,,,anisatus,Cortinarius anisatus
83ddf8f326b3d896654d9217d975115ce7525374,Cortinarius,cf,,annae-maritae,Cortinarius annae-maritae
cb0ccdf13bbe69f41ac18e26e07ee18564e1d2c2,Cortinarius,cf,,annae-maritae,Cortinarius annae-maritae
2832cc8bc415961f275971d64a77567411aa3fce,Cortinarius,,,argutus,Cortinarius argutus
9eaeab6eb0d2fc463e110e1d4d3b8947ff0f4974,Cortinarius,aff,,argutus,Cortinarius argutus
0adb722de32a18985fc7a73ee928a038a78e03e9,Cortinarius,,,armeniacus,Cortinarius armeniacus
0c2e1f13737dfb70c8d967fa7b8e0bdd33eb9cdf,Cortinarius,,,armeniacus,Cortinarius armeniacus
10ebab870cc6ad998e254369cdbf7f3c4fce598d,Cortinarius,,,armeniacus,Cortinarius armeniacus
1223f14ae210bed66703eb538da0ac58b87d707d,Cortinarius,,,armeniacus,Cortinarius armeniacus
255781a67ba05bf1a989d60634e20d08425e1858,Cortinarius,,,armeniacus,Cortinarius armeniacus
37496b98ba987689325c3d956f23fc87a4de23ee,Cortinarius,,,armeniacus,Cortinarius armeniacus
4cb1dab8986598239b47f4832301402c2f52b04b,Cortinarius,,,armeniacus,Cortinarius armeniacus
52b24878e7581cb81e5483402ab25e43fb829683,Cortinarius,,,armeniacus,Cortinarius armeniacus
5487c05055b6cd620f756a780acf1ec158b87b48,Cortinarius,,,armeniacus,Cortinarius armeniacus
5c4bae40c853efcdba96c381453bdd61eced3413,Cortinarius,,,armeniacus,Cortinarius armeniacus
89be919889a6269eb8c329188a800568b3528fe0,Cortinarius,,,armeniacus,Cortinarius armeniacus
969ad8c642fde3f01cdfe7a0a3c2ebc0ff6ee1d9,Cortinarius,,,armeniacus,Cortinarius armeniacus
c1bc834d4a1cf21089f2013540354e62e558418d,Cortinarius,,,armeniacus,Cortinarius armeniacus
dc9ed4c4a67d238c4a63dbec39e2dcf1f4f20742,Cortinarius,,,armeniacus,Cortinarius armeniacus
e27254058e9df665f4fd3ac1deed929c7b9ba65f,Cortinarius,,,armeniacus,Cortinarius armeniacus
f2f945671b2607f6aef82c90ea45657a5fe24eed,Cortinarius,,,armeniacus,Cortinarius armeniacus
00430ae072b0d6b968ba2c443bc589d44cb86f72,Cortinarius,,,armillatus,Cortinarius armillatus
024c38cfe743b9a23e4eea2295c1fa627d787f5f,Cortinarius,,,armillatus,Cortinarius armillatus
04287a93eb99a3c31d56ec58c7d743c18be3abb7,Cortinarius,,,armillatus,Cortinarius armillatus
08c4403f9436dcbe025a88972543908cb6a33a3f,Cortinarius,,,armillatus,Cortinarius armillatus
093aa1aa18c7fc37c6059fb79cd507cfdc1ab16b,Cortinarius,,,armillatus,Cortinarius armillatus
1b5a4de9f4e979a2382e4218344684935a9da0aa,Cortinarius,,,armillatus,Cortinarius armillatus
21cdf7ca5de9b13054a6d710078f8956e435b328,Cortinarius,,,armillatus,Cortinarius armillatus
26ae941a04c799fc584fc1cf4a4ea5c40410a963,Cortinarius,,,armillatus,Cortinarius armillatus
26ae941a04c799fc584fc1cf4a4ea5c40410a963,Cortinarius,,,armillatus,Cortinarius armillatus
2f1d4f9918a465f8d6c41ca913ff6ce7fff879b8,Cortinarius,,,armillatus,Cortinarius armillatus
3cec09530846eb0c9ca61ace4ab1ab0411628fdb,Cortinarius,,,armillatus,Cortinarius armillatus
48e8c36ff6965e6d55b519589389b9ff5aebfc53,Cortinarius,,,armillatus,Cortinarius armillatus
4a35054f9c6ccb27291f87bd9445bfb573d53ba4,Cortinarius,,,armillatus,Cortinarius armillatus
4cd35a189da3fd687e9e3648bf81f51bf944a8be,Cortinarius,,,armillatus,Cortinarius armillatus
51e264324623d7817b70322fdd2d9bdd0a549ce3,Cortinarius,,,armillatus,Cortinarius armillatus
52f941270b0ab190c8cd3372b9853a25e470d7f0,Cortinarius,,,armillatus,Cortinarius armillatus
5a2be62a2cd698bac28db7d52818ec3d86d1ca80,Cortinarius,,,armillatus,Cortinarius armillatus
6fd3ddd9367567c75ed169f070a36bb0e122ec31,Cortinarius,,,armillatus,Cortinarius armillatus
720ff3e07f0b35cdba6fe051e98a860a2fd5846f,Cortinarius,,,armillatus,Cortinarius armillatus
720ff3e07f0b35cdba6fe051e98a860a2fd5846f,Cortinarius,,,armillatus,Cortinarius armillatus
7e3531849c9fa52f882611e1701eb98ee6e5bd5c,Cortinarius,,,armillatus,Cortinarius armillatus
7e3531849c9fa52f882611e1701eb98ee6e5bd5c,Cortinarius,,,armillatus,Cortinarius armillatus
8e504103a98bfe86cac8c3b3ea7336e59323ab96,Cortinarius,,,armillatus,Cortinarius armillatus
91a701c40aad810899af14c1c1d6cb9801c2097e,Cortinarius,,,armillatus,Cortinarius armillatus
91a701c40aad810899af14c1c1d6cb9801c2097e,Cortinarius,,,armillatus,Cortinarius armillatus
91a701c40aad810899af14c1c1d6cb9801c2097e,Cortinarius,,,armillatus,Cortinarius armillatus
91a701c40aad810899af14c1c1d6cb9801c2097e,Cortinarius,,,armillatus,Cortinarius armillatus
934af1b06fe713e4f4c80e858bbc5b2026aef05c,Cortinarius,,,armillatus,Cortinarius armillatus
960ce51efd2cd72a94d8a1d16688a9b7c03da1c7,Cortinarius,,,armillatus,Cortinarius armillatus
97e179804c228fc5b4efb095884096ed2c9beff4,Cortinarius,,,armillatus,Cortinarius armillatus
9812bad3d381c92c52ec850dc0209b2dceacfe1f,Cortinarius,,,armillatus,Cortinarius armillatus
9e0b411786486e62bc63d963e47717052055761e,Cortinarius,,,armillatus,Cortinarius armillatus
a18698d6369d17a26fad97ad703e89c3eb83dabb,Cortinarius,,,armillatus,Cortinarius armillatus
a22280e61d2d73ea5d112164fbe6826833ccb42b,Cortinarius,,,armillatus,Cortinarius armillatus
ab6006abb5655e371e321aa05cb391dbc759dd0a,Cortinarius,,,armillatus,Cortinarius armillatus
ad528e8416a35c91e05eafe7412f106092d08f47,Cortinarius,,,armillatus,Cortinarius armillatus
b45b0f27f36c2c2ee82d393a052a0db5b46bcdbf,Cortinarius,,,armillatus,Cortinarius armillatus
b8b0551c1a192e5880e76f71d3322a3a4cc2581b,Cortinarius,,,armillatus,Cortinarius armillatus
b9e1d785e4baf81b63ae94743f30ea1f771ee3d7,Cortinarius,,,armillatus,Cortinarius armillatus
bb9bceacbde0716d13f288fca5d2b445c490a4f5,Cortinarius,,,armillatus,Cortinarius armillatus
d4debb0e37d1c9c5397460c113560a7a864f24b5,Cortinarius,,,armillatus,Cortinarius armillatus
d860601677c9047ea872d178fb3f19969cb3eff2,Cortinarius,,,armillatus,Cortinarius armillatus
f1b601e5cdddbdf590ac26a87813f4a395d29557,Cortinarius,,,armillatus,Cortinarius armillatus
e33e947260be6c6f5916016eb66488c05050f966,Cortinarius,aff,2,athabascus,Cortinarius athabascus
6ad9b86762a6448f4ef200b38bdffa89e8509cc8,Cortinarius,aff,3,athabascus,Cortinarius athabascus
d53863f5aa05385ab917d273969aba4c55e3291c,Cortinarius,aff,4,athabascus,Cortinarius athabascus
29fd55bd482ea314203d10d8ca7cf90145f6f4d1,Cortinarius,,,athabascus,Cortinarius athabascus
3d95a8eb57eb4c6221ae5b2293ee0aace2d3344e,Cortinarius,,,athabascus,Cortinarius athabascus
d104abc2751f208a96c969983adaf374a07038f0,Cortinarius,,,athabascus,Cortinarius athabascus
d27c3ed1a095fbf3818d90ccaf8d7da210e0246e,Cortinarius,,,athabascus,Cortinarius athabascus
f0d382dcb5f2609f6102ae713c23c69d136b4b53,Cortinarius,aff,,athabascus,Cortinarius athabascus
2d12bcffd618864bbaf356f58efc6c5e1ccc1534,Cortinarius,,,balaustinus,Cortinarius balaustinus
9289d7b13e64197c8ef455cff4758d792ffa5496,Cortinarius,,,balaustinus,Cortinarius balaustinus
cc1b7ca60be74d467803d696ca6fee027652bc99,Cortinarius,,,balteaticlavatus,Cortinarius balteaticlavatus
634dd878bbfc85f0205084d7b89149579fba8d89,Cortinarius,,,balteatoalbus,Cortinarius balteatoalbus
0494dbd3015f94a39ff475f1d9ef06ce5a2a0610,Cortinarius,aff,,boulderensis,Cortinarius boulderensis
069264c0d23454ad8c9689feea61ed66b228a352,Cortinarius,aff,,boulderensis,Cortinarius boulderensis
1c2c914a4a67c9ad19186e64ef16a82457d040c7,Cortinarius,aff,,boulderensis,Cortinarius boulderensis
24dbadeb99415bbdfdfc844a544ff9cccbc28a2a,Cortinarius,aff,,boulderensis,Cortinarius boulderensis
25cd914bf8d3b4b3115738a1c78884f0f935b7ff,Cortinarius,aff,,boulderensis,Cortinarius boulderensis
37930a3f69ec3e00044d1ef38442b0ba7c82cd3d,Cortinarius,aff,,boulderensis,Cortinarius boulderensis
4a419c9a1baf9d7fb43ef17ae0c3a247d56b21dc,Cortinarius,aff,,boulderensis,Cortinarius boulderensis
4f8cd7f1a26cf696986cf8c478f8b73559d9a012,Cortinarius,aff,,boulderensis,Cortinarius boulderensis
57651bc7984f900d56657cbc09a22452945394bf,Cortinarius,aff,,boulderensis,Cortinarius boulderensis
57651bc7984f900d56657cbc09a22452945394bf,Cortinarius,aff,,boulderensis,Cortinarius boulderensis
9f4e51950217da29625b43cd686619bc4cba85e3,Cortinarius,aff,,boulderensis,Cortinarius boulderensis
a4a0e3e77efe19ca7d2e4468bb117e0843f3423e,Cortinarius,aff,,boulderensis,Cortinarius boulderensis
b0a8f7357d0fd7a4e494baf8773b621227f6c8e9,Cortinarius,aff,,boulderensis,Cortinarius boulderensis
19ef84592dca58217c470721bdfe6788030696a5,Cortinarius,,,caesiobrunneus,Cortinarius caesiobrunneus
2e00155984d1ed30a97d66e404c7d4ba68e5a5e7,Cortinarius,,,caesiobrunneus,Cortinarius caesiobrunneus
6f0d8c395c9df053d9eff7b488ad7a4b00ba8ad7,Cortinarius,,,caesiobrunneus,Cortinarius caesiobrunneus
f9c1d95143d78a444dfb9ad2ad82b62f01aee488,Cortinarius,,,caesiobrunneus,Cortinarius caesiobrunneus
0e956253472188c3a20f45141865e1f5358eb23d,Cortinarius,,,canabarba,Cortinarius canabarba
0fb6a578c0428b6bdf2a795e210e279cc93064db,Cortinarius,aff,,canabarba,Cortinarius canabarba
07b0ef87408c63611a33ea09fa62300cf941ecb6,Cortinarius,,,caperatus,Cortinarius caperatus
09cf7847b1d227b98cfc08e1850404404348819f,Cortinarius,,,caperatus,Cortinarius caperatus
0cdd8368e821475f429af0d50ba7eed59b8b6381,Cortinarius,,,caperatus,Cortinarius caperatus
1131c6ce439bdda350aa28fcc3f24b71f9c2a0c7,Cortinarius,,,caperatus,Cortinarius caperatus
11fc50ecc2b69ae3ee30fa4b9e7ee95a6dc4b057,Cortinarius,,,caperatus,Cortinarius caperatus
1d3a3cfddfbfa172f47e08e96604a5bd786b5146,Cortinarius,,,caperatus,Cortinarius caperatus
1e17ad85f88237340e56e814323534c1c6520797,Cortinarius,,,caperatus,Cortinarius caperatus
22b13e5d5e360e9a2b5440b27f1e420fd5e3c4b3,Cortinarius,,,caperatus,Cortinarius caperatus
22b13e5d5e360e9a2b5440b27f1e420fd5e3c4b3,Cortinarius,,,caperatus,Cortinarius caperatus
22b13e5d5e360e9a2b5440b27f1e420fd5e3c4b3,Cortinarius,,,caperatus,Cortinarius caperatus
22b13e5d5e360e9a2b5440b27f1e420fd5e3c4b3,Cortinarius,,,caperatus,Cortinarius caperatus
22b13e5d5e360e9a2b5440b27f1e420fd5e3c4b3,Cortinarius,,,caperatus,Cortinarius caperatus
22b13e5d5e360e9a2b5440b27f1e420fd5e3c4b3,Cortinarius,,,caperatus,Cortinarius caperatus
22b13e5d5e360e9a2b5440b27f1e420fd5e3c4b3,Cortinarius,,,caperatus,Cortinarius caperatus
22b13e5d5e360e9a2b5440b27f1e420fd5e3c4b3,Cortinarius,,,caperatus,Cortinarius caperatus
22b13e5d5e360e9a2b5440b27f1e420fd5e3c4b3,Cortinarius,,,caperatus,Cortinarius caperatus
22b13e5d5e360e9a2b5440b27f1e420fd5e3c4b3,Cortinarius,,,caperatus,Cortinarius caperatus
22b13e5d5e360e9a2b5440b27f1e420fd5e3c4b3,Cortinarius,,,caperatus,Cortinarius caperatus
22b13e5d5e360e9a2b5440b27f1e420fd5e3c4b3,Cortinarius,,,caperatus,Cortinarius caperatus
22b13e5d5e360e9a2b5440b27f1e420fd5e3c4b3,Cortinarius,,,caperatus,Cortinarius caperatus
25bcc6f66f1fc6b9fd8698ef18ae07bf4291b9c5,Cortinarius,,,caperatus,Cortinarius caperatus
280a1ecae5e7ca826ecbe0bb5e24a71fc4609e9b,Cortinarius,,,caperatus,Cortinarius caperatus
582df153ff2c8c4e6324eeeac084190216d7a396,Cortinarius,,,caperatus,Cortinarius caperatus
5e713a4da5b89995375138a9e3d3e1f374226ae6,Cortinarius,,,caperatus,Cortinarius caperatus
626f17594a9e9047f9791fcb0d792db915776237,Cortinarius,,,caperatus,Cortinarius caperatus
63f34e58a33e6a0c74aeb47b8ae2d5b6193492da,Cortinarius,,,caperatus,Cortinarius caperatus
6a3d9688fe60cda441a9a944e0dd7c7ec656fb00,Cortinarius,,,caperatus,Cortinarius caperatus
7342910a4a68102d8d599944f002cb9ad679e990,Cortinarius,,,caperatus,Cortinarius caperatus
7f87399c0868f0f9eaa60179ce8f88593af43dbe,Cortinarius,,,caperatus,Cortinarius caperatus
7fc65e474769395c77dcebce3785591631b35af4,Cortinarius,,,caperatus,Cortinarius caperatus
890bd32d76190920656e93ba2a6c0ee4dec88c7d,Cortinarius,,,caperatus,Cortinarius caperatus
952687e6a5921f547addb6218285790d4ea07631,Cortinarius,,,caperatus,Cortinarius caperatus
952687e6a5921f547addb6218285790d4ea07631,Cortinarius,,,caperatus,Cortinarius caperatus
952687e6a5921f547addb6218285790d4ea07631,Cortinarius,,,caperatus,Cortinarius caperatus
952687e6a5921f547addb6218285790d4ea07631,Cortinarius,,,caperatus,Cortinarius caperatus
952687e6a5921f547addb6218285790d4ea07631,Cortinarius,,,caperatus,Cortinarius caperatus
952687e6a5921f547addb6218285790d4ea07631,Cortinarius,,,caperatus,Cortinarius caperatus
952687e6a5921f547addb6218285790d4ea07631,Cortinarius,,,caperatus,Cortinarius caperatus
952687e6a5921f547addb6218285790d4ea07631,Cortinarius,,,caperatus,Cortinarius caperatus
952687e6a5921f547addb6218285790d4ea07631,Cortinarius,,,caperatus,Cortinarius caperatus
952687e6a5921f547addb6218285790d4ea07631,Cortinarius,,,caperatus,Cortinarius caperatus
952687e6a5921f547addb6218285790d4ea07631,Cortinarius,,,caperatus,Cortinarius caperatus
952687e6a5921f547addb6218285790d4ea07631,Cortinarius,,,caperatus,Cortinarius caperatus
952687e6a5921f547addb6218285790d4ea07631,Cortinarius,,,caperatus,Cortinarius caperatus
952687e6a5921f547addb6218285790d4ea07631,Cortinarius,,,caperatus,Cortinarius caperatus
952687e6a5921f547addb6218285790d4ea07631,Cortinarius,,,caperatus,Cortinarius caperatus
952687e6a5921f547addb6218285790d4ea07631,Cortinarius,,,caperatus,Cortinarius caperatus
952687e6a5921f547addb6218285790d4ea07631,Cortinarius,,,caperatus,Cortinarius caperatus
952687e6a5921f547addb6218285790d4ea07631,Cortinarius,,,caperatus,Cortinarius caperatus
952687e6a5921f547addb6218285790d4ea07631,Cortinarius,,,caperatus,Cortinarius caperatus
9a5e428ffb6e90b795ee4ef9e9f2c0e6f66c7b23,Cortinarius,,,caperatus,Cortinarius caperatus
a1f75c0c9b13cd1eedb918aeb26b2916d23a6d79,Cortinarius,,,caperatus,Cortinarius caperatus
b51d289e794e3216436bab21770c183e2a7f66c0,Cortinarius,,,caperatus,Cortinarius caperatus
f09d51f0b9a0670fbd281e3f7541aa856ffcbffb,Cortinarius,,,caperatus,Cortinarius caperatus
29b173fea0327400a25732e7fd916de9fd8cc77f,Cortinarius,,,caput-medusae,Cortinarius caput-medusae
29b173fea0327400a25732e7fd916de9fd8cc77f,Cortinarius,,,caput-medusae,Cortinarius caput-medusae
29b173fea0327400a25732e7fd916de9fd8cc77f,Cortinarius,,,caput-medusae,Cortinarius caput-medusae
29b173fea0327400a25732e7fd916de9fd8cc77f,Cortinarius,,,caput-medusae,Cortinarius caput-medusae
29b173fea0327400a25732e7fd916de9fd8cc77f,Cortinarius,,,caput-medusae,Cortinarius caput-medusae
6602c6001d2ff53aedf2df2e5b2362b746cd5b2b,Cortinarius,,,caput-medusae,Cortinarius caput-medusae
8601983a2214c82dd61ccfebdc4b0603253d4bc3,Cortinarius,,,caput-medusae,Cortinarius caput-medusae
bbc24b0e685a4a57b8ebaacabfd38f3ae0710843,Cortinarius,,,caput-medusae,Cortinarius caput-medusae
e810f29abd8c57c915007bc0344e58785ec0acb5,Cortinarius,,,caput-medusae,Cortinarius caput-medusae
fc6b99061970c5f5bd58dc6818cb8bddfe1bb935,Cortinarius,,,caput-medusae,Cortinarius caput-medusae
20337d2f96fb761f221991bbb9f6e9405b84425f,Cortinarius,aff,,carbunculus,Cortinarius carbunculus
555cacedbd8e0276ce6f9f34ea119c6f4041784c,Cortinarius,aff,,carbunculus,Cortinarius carbunculus
7a98dfa3926eb587d8eeecd98d305bf870817ee4,Cortinarius,,,carbunculus,Cortinarius carbunculus
09149a2e84ca46f49fb97f19ec9674001aebe86d,Cortinarius,cf,,casimiri,Cortinarius casimiri
1b82211d78b6d36d39b03beb993868dcc98e685b,Cortinarius,cf,,casimiri,Cortinarius casimiri
21f3e6fff684448eadd6d9a31ed93b20bb489227,Cortinarius,cf,,casimiri,Cortinarius casimiri
24485d66f28583a1df92fc5f547e2f9d3826c281,Cortinarius,cf,,casimiri,Cortinarius casimiri
27a32c23208c0edd43cb1b5b4adc67176d573080,Cortinarius,cf,,casimiri,Cortinarius casimiri
2d257734bc5a09a57e53b837a3d8496db92a2e1c,Cortinarius,cf,,casimiri,Cortinarius casimiri
314b43334dbaf401bec54d61606bc4d57f15e18e,Cortinarius,cf,,casimiri,Cortinarius casimiri
3a5270c90553771f22b4053712e73a5f0b3029f7,Cortinarius,cf,,casimiri,Cortinarius casimiri
3cf00a6bef27551701e968eea66a909664d1526e,Cortinarius,cf,,casimiri,Cortinarius casimiri
3ea805ba6ed1d448c02d6f5056b2feba78fe79b7,Cortinarius,cf,,casimiri,Cortinarius casimiri
43019dd81294eed15702f95d6125c894be0e3fa2,Cortinarius,cf,,casimiri,Cortinarius casimiri
4c09b09d323e7d34827b8a764c4aeab84a170381,Cortinarius,cf,,casimiri,Cortinarius casimiri
4c5c08a24a9b692096a0309d8913a82b1e7f2d5c,Cortinarius,cf,,casimiri,Cortinarius casimiri
4e33b3c8302e4a71d570101ca7be4892c699c2bc,Cortinarius,cf,,casimiri,Cortinarius casimiri
50e06f5b4f6f0161b1835728589447be81b1ce11,Cortinarius,cf,,casimiri,Cortinarius casimiri
53d405b8ac0d152e6423851260e94afc5d7b72e4,Cortinarius,cf,,casimiri,Cortinarius casimiri
5555eace13379036c569d76274b84c72a1a0f634,Cortinarius,cf,,casimiri,Cortinarius casimiri
560c9cf680b77e00c20ce8228dad3c349263e166,Cortinarius,cf,,casimiri,Cortinarius casimiri
58a5bd96a8298bf8f0bba21e36388211c2b70211,Cortinarius,cf,,casimiri,Cortinarius casimiri
5e3afef5436bb460deff98c8abc2615682f2988a,Cortinarius,cf,,casimiri,Cortinarius casimiri
69f55054f26f83c97a94491b5366ee65c51f8b96,Cortinarius,cf,,casimiri,Cortinarius casimiri
69f55054f26f83c97a94491b5366ee65c51f8b96,Cortinarius,cf,,casimiri,Cortinarius casimiri
69f55054f26f83c97a94491b5366ee65c51f8b96,Cortinarius,cf,,casimiri,Cortinarius casimiri
69f55054f26f83c97a94491b5366ee65c51f8b96,Cortinarius,cf,,casimiri,Cortinarius casimiri
a5979bb992dfed610d3842c82ac737de708d6818,Cortinarius,cf,,casimiri,Cortinarius casimiri
b3d4c1643456f411d8892e9493eaaac5ab6569df,Cortinarius,cf,,casimiri,Cortinarius casimiri
bfc147e215ddc38cb69695f6bb8e1c4fc8a5abfb,Cortinarius,cf,,casimiri,Cortinarius casimiri
c101645b1769ee4dc7f1905a190e8713855b22f3,Cortinarius,cf,,casimiri,Cortinarius casimiri
e5a22001fabb685d01ed57e311f4882e5b12cbe3,Cortinarius,cf,,casimiri,Cortinarius casimiri
f9377ba43120357361466100ff03b634453f2350,Cortinarius,cf,,casimiri,Cortinarius casimiri
f9377ba43120357361466100ff03b634453f2350,Cortinarius,cf,,casimiri,Cortinarius casimiri
834dcb02fa318c32acfb5e2fea8bb5718cfaf127,Cortinarius,aff,2,casimirii,Cortinarius casimirii
9b020cf8b5aec82a9f30209e065a25f1bc722e58,Cortinarius,aff,2,casimirii,Cortinarius casimirii
a0b58738002b64f14cf593c66047bac82f047e74,Cortinarius,aff,2,casimirii,Cortinarius casimirii
fc6d2db5304edeb55b63f3a3e78024b8b2905ffc,Cortinarius,aff,2,casimirii,Cortinarius casimirii
4eba0e09df4ad8e63824289c19af08dc5650356a,Cortinarius,aff,3,casimirii,Cortinarius casimirii
5cea06ffff5514aec40a34d3cc0d9e294b0fce5b,Cortinarius,aff,3,casimirii,Cortinarius casimirii
6a12a6ccf0bda878cc6c55ba33a5ff3f75f063f7,Cortinarius,aff,3,casimirii,Cortinarius casimirii
7489671f9a582ac788cfe153f27d13448ef3d2e2,Cortinarius,aff,4,casimirii,Cortinarius casimirii
ca56d5959de0243c8049bb0ef32047ce1de5bfd4,Cortinarius,aff,4,casimirii,Cortinarius casimirii
a87a06b9de822e99ac97562de065211597523b43,Cortinarius,aff,5,casimirii,Cortinarius casimirii
9a6c8f7c302f8163711633e57206ade3ed4f917e,Cortinarius,aff,6,casimirii,Cortinarius casimirii
65a1455c0cab4175554a93e57587ac6cbd7a70c4,Cortinarius,aff,7,casimirii,Cortinarius casimirii
5dbcac79530a33b2a6f6f53074481dcfcb7b6e0e,Cortinarius,aff,8,casimirii,Cortinarius casimirii
1814d46f091d9d0f316f7e8f1b1eaaf311e9e3c5,Cortinarius,cf,,casimirii,Cortinarius casimirii
1d065315c5ac80fa0de5b704bfb3c19c9572cf85,Cortinarius,cf,,casimirii,Cortinarius casimirii
1d065315c5ac80fa0de5b704bfb3c19c9572cf85,Cortinarius,cf,,casimirii,Cortinarius casimirii
1d065315c5ac80fa0de5b704bfb3c19c9572cf85,Cortinarius,cf,,casimirii,Cortinarius casimirii
2772af363145d90f81aa32f4a3873d2245b9b2e0,Cortinarius,cf,,casimirii,Cortinarius casimirii
2ff20436aac5cdfcff920dab95a8727686a195f3,Cortinarius,cf,,casimirii,Cortinarius casimirii
2ff20436aac5cdfcff920dab95a8727686a195f3,Cortinarius,cf,,casimirii,Cortinarius casimirii
2ff20436aac5cdfcff920dab95a8727686a195f3,Cortinarius,cf,,casimirii,Cortinarius casimirii
397fc8d031f0b59bd5aa7d16c90f5fbd29fff9b4,Cortinarius,cf,,casimirii,Cortinarius casimirii
3e2c702ace0a1d653207fce270d4f9c5be88f2ce,Cortinarius,cf,,casimirii,Cortinarius casimirii
565c5c679bd279f4958b229a0180ccf5a8e8cee8,Cortinarius,cf,,casimirii,Cortinarius casimirii
6375c126b430157dad4423e34f6a637c738d2df3,Cortinarius,cf,,casimirii,Cortinarius casimirii
7713c347d2b25ca6d5bd489b9a9d580cfa686a09,Cortinarius,cf,,casimirii,Cortinarius casimirii
96ce0ef62a68d1bdabdd54a39e87f61ef2df5562,Cortinarius,cf,,casimirii,Cortinarius casimirii
96ce0ef62a68d1bdabdd54a39e87f61ef2df5562,Cortinarius,cf,,casimirii,Cortinarius casimirii
96ce0ef62a68d1bdabdd54a39e87f61ef2df5562,Cortinarius,cf,,casimirii,Cortinarius casimirii
b7b3de2173c374224b07eebad1c5f9efb9a90605,Cortinarius,cf,,casimirii,Cortinarius casimirii
dae7877484d149586caa3aa8dae4fc2891088984,Cortinarius,cf,,casimirii,Cortinarius casimirii
df86f2e96c7762632b4208e964ad2732a5390c32,Cortinarius,aff,,casimirii,Cortinarius casimirii
dffd65b8fd98235118317e814c00b2431d8b6f6c,Cortinarius,cf,,casimirii,Cortinarius casimirii
e557d7c52a64fbe2fdeebe0ec54c9aafb2684c42,Cortinarius,cf,,casimirii,Cortinarius casimirii
e84ddfcbbebe2b0d279708bcf9ff77eef0fe590e,Cortinarius,cf,,casimirii,Cortinarius casimirii
ee415eaaae3ead7ff7ed6c97d961c9ec0dd69c96,Cortinarius,cf,,casimirii,Cortinarius casimirii
4e14a6119f873c4e1e4b7190bfd60c11676c9d33,Cortinarius,cf,,catalanensis,Cortinarius catalanensis
00fd6d399de756a57e0f9111ad16a35a3aacd5ae,Cortinarius,,,centrirufus,Cortinarius centrirufus
00fd6d399de756a57e0f9111ad16a35a3aacd5ae,Cortinarius,,,centrirufus,Cortinarius centrirufus
00fd6d399de756a57e0f9111ad16a35a3aacd5ae,Cortinarius,,,centrirufus,Cortinarius centrirufus
00fd6d399de756a57e0f9111ad16a35a3aacd5ae,Cortinarius,,,centrirufus,Cortinarius centrirufus
00fd6d399de756a57e0f9111ad16a35a3aacd5ae,Cortinarius,,,centrirufus,Cortinarius centrirufus
08c7a1461afe5ba5791b12d708b2ae836c60e143,Cortinarius,,,centrirufus,Cortinarius centrirufus
5c9890034b774eb61be5ec530e4bc2a9bfab7f78,Cortinarius,,,centrirufus,Cortinarius centrirufus
682d7fb5466dcfbd7fdc5af6704aa8eceee2cc8e,Cortinarius,,,centrirufus,Cortinarius centrirufus
6870cd6b2aee896467c0a9e51818c17746e6eb47,Cortinarius,,,centrirufus,Cortinarius centrirufus
6870cd6b2aee896467c0a9e51818c17746e6eb47,Cortinarius,,,centrirufus,Cortinarius centrirufus
6870cd6b2aee896467c0a9e51818c17746e6eb47,Cortinarius,,,centrirufus,Cortinarius centrirufus
82f862bde661577758735d04a8b71bb663014f74,Cortinarius,,,centrirufus,Cortinarius centrirufus
f53ecb1043a37605e3afbb123924ba51ac4ccdf4,Cortinarius,,,centrirufus,Cortinarius centrirufus
2a229ae97b52198a5b9226f7c6cb62c8ede74a7b,Cortinarius,aff,,ceskae,Cortinarius ceskae
2f0fcf66bf7bd300cb94041b37fd49a16fd43893,Cortinarius,aff,,ceskae,Cortinarius ceskae
c7c12342adbd22b1b1ae03cc1cddf2e7ef41dc72,Cortinarius,aff,,ceskae,Cortinarius ceskae
7c6f0ae884434b92d5b50e4ec4aa852ddcb19ff7,Cortinarius,aff,,cicindela,Cortinarius cicindela
0dee3570c0a898789fcb572100379b6fedbe6176,Cortinarius,aff,,cistopulchripes,Cortinarius cistopulchripes
251858aa8b4db7e328d98fe783b244f8f3fa2347,Cortinarius,aff,,cistopulchripes,Cortinarius cistopulchripes
3e6d17e465e038ecb5de2af15d11981bd0aff06c,Cortinarius,aff,,cistopulchripes,Cortinarius cistopulchripes
56ab7b658e874652b59a638df9db909decd91d91,Cortinarius,aff,,cistopulchripes,Cortinarius cistopulchripes
56ab7b658e874652b59a638df9db909decd91d91,Cortinarius,aff,,cistopulchripes,Cortinarius cistopulchripes
a3edb38ca4071fc949efcf33772cb8f74308832f,Cortinarius,aff,,cistopulchripes,Cortinarius cistopulchripes
76e1dcaa7624f94a1aa045b423abe5fd7dbf7b4f,Cortinarius,,,citrinofulvescens,Cortinarius citrinofulvescens
76e1dcaa7624f94a1aa045b423abe5fd7dbf7b4f,Cortinarius,,,citrinofulvescens,Cortinarius citrinofulvescens
58435d473a0a5b296837b8f91329f009f4a01dbf,Cortinarius,,,clarobrunneus,Cortinarius clarobrunneus
6c56f3272f52c8daeae17e152c486745cdf7f9a7,Cortinarius,,,clarobrunneus,Cortinarius clarobrunneus
6fcb8c2a1789132ac8a4f95c25f609b7adc12a69,Cortinarius,,,clarobrunneus,Cortinarius clarobrunneus
394e91ab357b124f1920631fcf7c958e257bd7e4,Cortinarius,,,clavipes,Cortinarius clavipes
fcdc09ef242735a656112386079302e9a7aa4ba8,Cortinarius,,,clavipes,Cortinarius clavipes
08228ca1ae87bb224b94f96cbb0334a40a4f4ff8,Cortinarius,,,coleoptera,Cortinarius coleoptera
102ce634a36cb441f53e234564abf7bc530b8dfd,Cortinarius,,,coleoptera,Cortinarius coleoptera
1a92ea7f3a35f3514e9f60148bc8213e3436d350,Cortinarius,,,coleoptera,Cortinarius coleoptera
1a92ea7f3a35f3514e9f60148bc8213e3436d350,Cortinarius,,,coleoptera,Cortinarius coleoptera
1a92ea7f3a35f3514e9f60148bc8213e3436d350,Cortinarius,,,coleoptera,Cortinarius coleoptera
1a92ea7f3a35f3514e9f60148bc8213e3436d350,Cortinarius,,,coleoptera,Cortinarius coleoptera
23d3fdf13260d048d529f5e103172a8249007797,Cortinarius,,,coleoptera,Cortinarius coleoptera
61d6004b9500d7d53a6390dc32d4ca24dec4e225,Cortinarius,,,coleoptera,Cortinarius coleoptera
88b2aad97883e023d5d97202bea9fbbc24a7c9fe,Cortinarius,,,coleoptera,Cortinarius coleoptera
08f4d232b737c2cce8a0c67c31c379e346ca4b84,Cortinarius,,,collinitus,Cortinarius collinitus
0b899e208d7db2710b547fc364573c551b0c3a37,Cortinarius,,,collinitus,Cortinarius collinitus
0b899e208d7db2710b547fc364573c551b0c3a37,Cortinarius,,,collinitus,Cortinarius collinitus
0b899e208d7db2710b547fc364573c551b0c3a37,Cortinarius,,,collinitus,Cortinarius collinitus
0b899e208d7db2710b547fc364573c551b0c3a37,Cortinarius,,,collinitus,Cortinarius collinitus
0cf9667b9016c9ce4d595fda5d5f53fa3bef5c17,Cortinarius,,,collinitus,Cortinarius collinitus
0db6d16cce6735fad3ee8ab829ac722bfa801b31,Cortinarius,,,collinitus,Cortinarius collinitus
1232c69b11ddd02d25beb884f36d282f2705f5bc,Cortinarius,,,collinitus,Cortinarius collinitus
14e96fabe34e027fe872dce9bff37ff9a3ac9c75,Cortinarius,aff,,collinitus,Cortinarius collinitus
14ee1ae505fb802dc89c7b9c2353d7e451746598,Cortinarius,,,collinitus,Cortinarius collinitus
14ee1ae505fb802dc89c7b9c2353d7e451746598,Cortinarius,,,collinitus,Cortinarius collinitus
14ee1ae505fb802dc89c7b9c2353d7e451746598,Cortinarius,,,collinitus,Cortinarius collinitus
1b672608ec52c202685e198410203acad78bfa8a,Cortinarius,,,collinitus,Cortinarius collinitus
1b672608ec52c202685e198410203acad78bfa8a,Cortinarius,,,collinitus,Cortinarius collinitus
1b672608ec52c202685e198410203acad78bfa8a,Cortinarius,,,collinitus,Cortinarius collinitus
1b672608ec52c202685e198410203acad78bfa8a,Cortinarius,,,collinitus,Cortinarius collinitus
1b672608ec52c202685e198410203acad78bfa8a,Cortinarius,,,collinitus,Cortinarius collinitus
1b672608ec52c202685e198410203acad78bfa8a,Cortinarius,,,collinitus,Cortinarius collinitus
1b672608ec52c202685e198410203acad78bfa8a,Cortinarius,,,collinitus,Cortinarius collinitus
1b672608ec52c202685e198410203acad78bfa8a,Cortinarius,,,collinitus,Cortinarius collinitus
1b672608ec52c202685e198410203acad78bfa8a,Cortinarius,,,collinitus,Cortinarius collinitus
1b6a57ab889019f05c259b1cbfdd18092e85400b,Cortinarius,,,collinitus,Cortinarius collinitus
1b6a57ab889019f05c259b1cbfdd18092e85400b,Cortinarius,,,collinitus,Cortinarius collinitus
1b6a57ab889019f05c259b1cbfdd18092e85400b,Cortinarius,,,collinitus,Cortinarius collinitus
1b6a57ab889019f05c259b1cbfdd18092e85400b,Cortinarius,,,collinitus,Cortinarius collinitus
1b6a57ab889019f05c259b1cbfdd18092e85400b,Cortinarius,,,collinitus,Cortinarius collinitus
1c5acb6c822ecc808984b94da86d5309ab1dab3f,Cortinarius,,,collinitus,Cortinarius collinitus
202b713ce9262febe585027f6f1489bb2ce2fa16,Cortinarius,,,collinitus,Cortinarius collinitus
208c14829e233db3f30b788cf03f8b30c97047e3,Cortinarius,,,collinitus,Cortinarius collinitus
208c14829e233db3f30b788cf03f8b30c97047e3,Cortinarius,,,collinitus,Cortinarius collinitus
208c14829e233db3f30b788cf03f8b30c97047e3,Cortinarius,,,collinitus,Cortinarius collinitus
262280517b3b20140ebd02aafb65a0679bce590b,Cortinarius,,,collinitus,Cortinarius collinitus
27cb1053b77449dba83734894c8dc1b2ef75c025,Cortinarius,,,collinitus,Cortinarius collinitus
27d1fe1955b27b210ea294f8df83732b2ec7887b,Cortinarius,,,collinitus,Cortinarius collinitus
2f750f3f9a4628210800cfae972f44b4bf4d2751,Cortinarius,,,collinitus,Cortinarius collinitus
305dd76c813e0643b703eeb59f356bb5a12a85bd,Cortinarius,,,collinitus,Cortinarius collinitus
320e09d4c2f6cf21dd378758b011ea8ae0605acb,Cortinarius,,,collinitus,Cortinarius collinitus
320e09d4c2f6cf21dd378758b011ea8ae0605acb,Cortinarius,,,collinitus,Cortinarius collinitus
320e09d4c2f6cf21dd378758b011ea8ae0605acb,Cortinarius,,,collinitus,Cortinarius collinitus
320e09d4c2f6cf21dd378758b011ea8ae0605acb,Cortinarius,,,collinitus,Cortinarius collinitus
3238b7020286f0705e8522dca5e8f9f0eb08e5ad,Cortinarius,,,collinitus,Cortinarius collinitus
377e10bbbb4fa3ced28b16a09994d5363b257389,Cortinarius,,,collinitus,Cortinarius collinitus
3e7857e06b8db1410e983d3c9b067788ea9e4462,Cortinarius,,,collinitus,Cortinarius collinitus
4126d58665a6ac4e56da164e3e756a7f9698f02c,Cortinarius,,,collinitus,Cortinarius collinitus
4488811a9f84846713ca55c1964af532335a1287,Cortinarius,,,collinitus,Cortinarius collinitus
49bf3cc0082747273ddc81193da78e988e14d22e,Cortinarius,,,collinitus,Cortinarius collinitus
5424c5af01f19b87a6bc66ef71961fc0c0ab91c7,Cortinarius,,,collinitus,Cortinarius collinitus
5f9e1a052fcdc77558b365c4473b1a042f133838,Cortinarius,aff,,collinitus,Cortinarius collinitus
7e73eb01574858e9dedf6babe5552f824fb1f68e,Cortinarius,,,collinitus,Cortinarius collinitus
815226aca3b3658327ad428d6478dd5cac6367ac,Cortinarius,,,collinitus,Cortinarius collinitus
8bb3736b9219d18948d1d12e2f90711187f93544,Cortinarius,,,collinitus,Cortinarius collinitus
8bb3736b9219d18948d1d12e2f90711187f93544,Cortinarius,,,collinitus,Cortinarius collinitus
9ca42d31c58d466e56606aad319a14a0aa79859d,Cortinarius,,,collinitus,Cortinarius collinitus
9dd6080d941f9ef8a0e9debeae0abb373a0d0f92,Cortinarius,,,collinitus,Cortinarius collinitus
a1ab6734c609e7f1aec74144d68975cec3d4ba1a,Cortinarius,,,collinitus,Cortinarius collinitus
a7221f387f0925f6e05949a02fbef82c39ba2087,Cortinarius,,,collinitus,Cortinarius collinitus
c0de5bbb39c68624474e7b6db34fd75445aa2575,Cortinarius,,,collinitus,Cortinarius collinitus
c467f7f8dc0e872ea0b760b9d42776447255ecac,Cortinarius,,,collinitus,Cortinarius collinitus
c669b5ad749fdcea0bc769ff3210745b154f934f,Cortinarius,,,collinitus,Cortinarius collinitus
c68a4bb485268b6162a494cdfb4db2e045afdac5,Cortinarius,,,collinitus,Cortinarius collinitus
c7e75a54f58d6e16e07012fe97b04494d88ed852,Cortinarius,aff,,collinitus,Cortinarius collinitus
ccad2b6518c029c8845b2b38bbbd5756265666ce,Cortinarius,,,collinitus,Cortinarius collinitus
ccdc739d83c60c9bbd08589b60ab39763e381cc0,Cortinarius,,,collinitus,Cortinarius collinitus
de848bc6a66cc07c5fcb52db5cd5196265b587ad,Cortinarius,,,collinitus,Cortinarius collinitus
e83ad3e073c1660e812d02eba0bc4342005b8edd,Cortinarius,,,collinitus,Cortinarius collinitus
ea46c327ac1b4dee02940227bae3d2529e994f51,Cortinarius,,,collinitus,Cortinarius collinitus
eee497d87f5d41c91a8b4fc176618dcc0bd3e3f4,Cortinarius,,,collinitus,Cortinarius collinitus
f9195cc6a5fa95d8d4d849cb1642d8fc3e97ed85,Cortinarius,,,collinitus,Cortinarius collinitus
095a258f8c9a57257369ceabb24d43e5032b15b9,Cortinarius,,,confirmatus,Cortinarius confirmatus
43ed0b0a7cfa83233ca40299f9ac4f2cd5a31a42,Cortinarius,,,confirmatus,Cortinarius confirmatus
43ed0b0a7cfa83233ca40299f9ac4f2cd5a31a42,Cortinarius,,,confirmatus,Cortinarius confirmatus
43ed0b0a7cfa83233ca40299f9ac4f2cd5a31a42,Cortinarius,,,confirmatus,Cortinarius confirmatus
8d9601c550613cef0ca0301721ac350c04c4dd8e,Cortinarius,,,confirmatus,Cortinarius confirmatus
b7e0a90fc8651c21426b8842521fa7d579bf15bb,Cortinarius,aff,,confirmatus,Cortinarius confirmatus
e236ba36b609d72d52b7917927a799aa5efcee8f,Cortinarius,,,confirmatus,Cortinarius confirmatus
e236ba36b609d72d52b7917927a799aa5efcee8f,Cortinarius,,,confirmatus,Cortinarius confirmatus
f9355d82a16768cc914a9451e7ff9058d89f6146,Cortinarius,,,confirmatus,Cortinarius confirmatus
1d48f1508336727e7a3d435882e468311ba68151,Cortinarius,,,croceus,Cortinarius croceus
1d48f1508336727e7a3d435882e468311ba68151,Cortinarius,,,croceus,Cortinarius croceus
1d48f1508336727e7a3d435882e468311ba68151,Cortinarius,,,croceus,Cortinarius croceus
1fc1153e51da612284b304c14039bc72155545bb,Cortinarius,,,croceus,Cortinarius croceus
330c75e45fa6a6a85f049f9e01079a12305b9385,Cortinarius,,,croceus,Cortinarius croceus
561b05c831fbb7757975311c0b18af7d98479f77,Cortinarius,,,croceus,Cortinarius croceus
76a764cfd23f7571bb9dd7deac6fb06063ac8614,Cortinarius,,,croceus,Cortinarius croceus
86dcc3b7e2d3a35e6f186cf0d17a90938c421a7c,Cortinarius,,,croceus,Cortinarius croceus
8983f23146cacbc2000647c9d6519487f2dc73c2,Cortinarius,,,croceus,Cortinarius croceus
8b2cf68b688b0bbadebf28df0a3a98ab02e21330,Cortinarius,,,croceus,Cortinarius croceus
984943e0ef9c06aa2c8d8f61602eca138bef5e30,Cortinarius,,,croceus,Cortinarius croceus
bd1668a15e37638b0a53d02e2ca680b61816d3fe,Cortinarius,,,croceus,Cortinarius croceus
bebea572611ccc6673be94904ac17c57adc6e336,Cortinarius,,,croceus,Cortinarius croceus
cef90094b7e96e2bf15e5eeff6138d22d6fcb9aa,Cortinarius,,,croceus,Cortinarius croceus
da3881b28409922cc5699f2e8cc6af66679de04b,Cortinarius,,,croceus,Cortinarius croceus
0cc3acb6dbb9b3fff2937bc4a45ece7a85c3a4f0,Cortinarius,,,davemallochii,Cortinarius davemallochii
2f8096845bb993913c7bb5562cb8a91102ab7261,Cortinarius,,,davemallochii,Cortinarius davemallochii
32611666d4169924f34ddad9aa15c656938e4066,Cortinarius,,,davemallochii,Cortinarius davemallochii
3bed0445222fcfcf70d8103022641b0b6527b560,Cortinarius,,,davemallochii,Cortinarius davemallochii
40f4f201c0fdbf58cbff77dea9789ad8f7677039,Cortinarius,,,davemallochii,Cortinarius davemallochii
4c899f20a52354a58ea0b0257bef5bb267222ac1,Cortinarius,,,davemallochii,Cortinarius davemallochii
52123c8c34f7bace3189b3370ad3480f64df71f4,Cortinarius,,,davemallochii,Cortinarius davemallochii
524c08aae6e8a5ae99d03d6488c79d17e57f5bfd,Cortinarius,,,davemallochii,Cortinarius davemallochii
550a789d6e9cf0ed6667ada5535e8a73243921f9,Cortinarius,,,davemallochii,Cortinarius davemallochii
63b1fe507d7ce054b8d9a88730e69d774c6dd11d,Cortinarius,,,davemallochii,Cortinarius davemallochii
63b1fe507d7ce054b8d9a88730e69d774c6dd11d,Cortinarius,,,davemallochii,Cortinarius davemallochii
63b1fe507d7ce054b8d9a88730e69d774c6dd11d,Cortinarius,,,davemallochii,Cortinarius davemallochii
63b1fe507d7ce054b8d9a88730e69d774c6dd11d,Cortinarius,,,davemallochii,Cortinarius davemallochii
63b1fe507d7ce054b8d9a88730e69d774c6dd11d,Cortinarius,,,davemallochii,Cortinarius davemallochii
63b1fe507d7ce054b8d9a88730e69d774c6dd11d,Cortinarius,,,davemallochii,Cortinarius davemallochii
63b1fe507d7ce054b8d9a88730e69d774c6dd11d,Cortinarius,,,davemallochii,Cortinarius davemallochii
63b1fe507d7ce054b8d9a88730e69d774c6dd11d,Cortinarius,,,davemallochii,Cortinarius davemallochii
63b1fe507d7ce054b8d9a88730e69d774c6dd11d,Cortinarius,,,davemallochii,Cortinarius davemallochii
63b1fe507d7ce054b8d9a88730e69d774c6dd11d,Cortinarius,,,davemallochii,Cortinarius davemallochii
63b1fe507d7ce054b8d9a88730e69d774c6dd11d,Cortinarius,,,davemallochii,Cortinarius davemallochii
63b1fe507d7ce054b8d9a88730e69d774c6dd11d,Cortinarius,,,davemallochii,Cortinarius davemallochii
6d01c6e4f2737e0114a27cf88516ce2a4451345c,Cortinarius,,,davemallochii,Cortinarius davemallochii
7a9e34d08a16a1bb9d26f0741578669c783fb129,Cortinarius,,,davemallochii,Cortinarius davemallochii
916d3ab2bd57428c7ac3b411c483e59614c52871,Cortinarius,,,davemallochii,Cortinarius davemallochii
95a71108c7c8c585eaef81f3af9a4de3610f2b91,Cortinarius,,,davemallochii,Cortinarius davemallochii
95a71108c7c8c585eaef81f3af9a4de3610f2b91,Cortinarius,,,davemallochii,Cortinarius davemallochii
c43e69daf1172f84539fe0004769093c45be9beb,Cortinarius,,,davemallochii,Cortinarius davemallochii
de5ce101d14a9dbcabcecdecf4a38c861d0bbc7a,Cortinarius,,,davemallochii,Cortinarius davemallochii
de5ce101d14a9dbcabcecdecf4a38c861d0bbc7a,Cortinarius,,,davemallochii,Cortinarius davemallochii
de5ce101d14a9dbcabcecdecf4a38c861d0bbc7a,Cortinarius,,,davemallochii,Cortinarius davemallochii
de5ce101d14a9dbcabcecdecf4a38c861d0bbc7a,Cortinarius,,,davemallochii,Cortinarius davemallochii
de5ce101d14a9dbcabcecdecf4a38c861d0bbc7a,Cortinarius,,,davemallochii,Cortinarius davemallochii
fb987138315155c0d0a4858bb760d40e4b127761,Cortinarius,,,davemallochii,Cortinarius davemallochii
231052df1e5385ecc136c40acedff1103bdee568,Cortinarius,aff,,decipientoides,Cortinarius decipientoides
9f826fb8b0ba46e028b2c98e699e28c7f4be30a1,Cortinarius,aff,,decipientoides,Cortinarius decipientoides
b1e501aafbb0cf5a646dd8a675c738aa7b4c4df8,Cortinarius,aff,,decipientoides,Cortinarius decipientoides
0135b09351e7be340385d6d57877336b920df79d,Cortinarius,cf,,delibutus,Cortinarius delibutus
f1a82054df124e295d7d477ed59894e2b5413641,Cortinarius,cf,,delibutus,Cortinarius delibutus
0b70270b898388bdbe81c46079bdb3a91232f646,Cortinarius,,,derelictus,Cortinarius derelictus
305f6d8b88ed57fc8f39563405c6d68ebef20bf1,Cortinarius,,,derelictus,Cortinarius derelictus
35c5e2e81f40d1fdec2b8dd958b3e75ac1860350,Cortinarius,,,derelictus,Cortinarius derelictus
40bccb802e82657dd5b26410fe9f4496a4cc8c27,Cortinarius,,,derelictus,Cortinarius derelictus
51845cb0f6aa3744cf3e6d3b691045dd6153ece6,Cortinarius,,,derelictus,Cortinarius derelictus
62ae79a9e212f0a7ce1fccfa9b9a27e865b047b8,Cortinarius,,,derelictus,Cortinarius derelictus
6c2bb772ab2826fc8f6e9d4ba359654ab6097011,Cortinarius,,,derelictus,Cortinarius derelictus
a7e2e1b6461e72b20cdaf5d0eac5c379d865f96e,Cortinarius,,,derelictus,Cortinarius derelictus
b2b107cdc8ce6d402c7a406254c879d7749faab8,Cortinarius,,,derelictus,Cortinarius derelictus
c83c64e2cd0adcb8d454dddb758e204fb4b420f6,Cortinarius,,,derelictus,Cortinarius derelictus
d1587be532adbfe331b4cca0f12e143871b0d490,Cortinarius,,,derelictus,Cortinarius derelictus
0a5232359258501efbbb949e568f21d6aceff0ae,Cortinarius,aff,,diosmus,Cortinarius diosmus
134e0f2fbe66a5c2fbb6cf0a52c72ffe75a36acf,Cortinarius,aff,,diosmus,Cortinarius diosmus
353df7f7d99ad2607da1f9d101f7050d57ba00f4,Cortinarius,aff,,diosmus,Cortinarius diosmus
37a890b9caa4e0201ef439cfa5d8b8c012eed421,Cortinarius,aff,,diosmus,Cortinarius diosmus
a4cf602f0557188579b80b3d270a7445daa50608,Cortinarius,aff,,diosmus,Cortinarius diosmus
dfc6c188294c03f62f22db0fa078f80f38530713,Cortinarius,aff,,diosmus,Cortinarius diosmus
7f51a992918163b9668660a96aaa3c1a072a41b5,Cortinarius,,,disjungendulus,Cortinarius disjungendulus
7f51a992918163b9668660a96aaa3c1a072a41b5,Cortinarius,,,disjungendulus,Cortinarius disjungendulus
d7e084e20970966d23f8565b547aa6dda0ed201a,Cortinarius,,,disjungendulus,Cortinarius disjungendulus
31700f0b525a5fe9b90e1ae00f571ae2ead09d1e,Cortinarius,aff,2,distortus,Cortinarius distortus
0ed528d4b4695c234502dcab7fa7258ab9b407e1,Cortinarius,,,distortus,Cortinarius distortus
2ff8470c2ec10b5beb4ca41d02d1573d8a17e2bd,Cortinarius,aff,,distortus,Cortinarius distortus
b83226b190384985711425195ac28f9efeab67f2,Cortinarius,,,dolabratus,Cortinarius dolabratus
c50be3cbf7b8a76c03c8bdc56c395ce1d6c2ff81,Cortinarius,,,dolabratus,Cortinarius dolabratus
050836ef7c0b3158075101cda64346a5d3d4b546,Cortinarius,,,duristipes,Cortinarius duristipes
1378441fbef9a2760b823edb72aeaef8b20bada0,Cortinarius,,,duristipes,Cortinarius duristipes
2ef74b83686567e9c1bfbab426800048f40d094a,Cortinarius,,,duristipes,Cortinarius duristipes
9887349345273defd824cc79404cc56f6bb6a055,Cortinarius,,,duristipes,Cortinarius duristipes
d915aa1abd59a0083882a6f174a3257145acffe6,Cortinarius,,,duristipes,Cortinarius duristipes
f92402820f90e20bc6c9a61ac446e3157d15557b,Cortinarius,,,duristipes,Cortinarius duristipes
613a72380d4fd053fe99392b5bbf5c2d751672db,Cortinarius,aff,,emunctus,Cortinarius emunctus
799e0a96b23232110d34b5f96731de6ca3b17ec3,Cortinarius,aff,,emunctus,Cortinarius emunctus
3230941757e5ee9c1696a3ed9a5f72b0b7896b9a,Cortinarius,aff,2,fagetorum,Cortinarius fagetorum
de6a6faafe5e5e0242b433eafc0ac1a739ded2ea,Cortinarius,aff,2,fagetorum,Cortinarius fagetorum
f19a6b996fc99c8b8bb1c4971e371ffe5b6f418e,Cortinarius,aff,2,fagetorum,Cortinarius fagetorum
03bd7967b4fc76bc282a085e4ca96f36e6a5048e,Cortinarius,aff,,fagetorum,Cortinarius fagetorum
07bb376bae153f898b30fca47bbaa19e20bc571e,Cortinarius,aff,,fagetorum,Cortinarius fagetorum
13946fb70e1a9eb5bc6df9c5eb5ab73b71bcf773,Cortinarius,aff,,fagetorum,Cortinarius fagetorum
2f5e353bf7d6ab5f2906081a7e2216968850086d,Cortinarius,aff,,fagetorum,Cortinarius fagetorum
a0b0f6e8e6ea4ad329c3e625699538e67b163ad7,Cortinarius,aff,,fagetorum,Cortinarius fagetorum
a66dd5f61f2db5ca883aea83fa74b3d2233bc755,Cortinarius,aff,,fagetorum,Cortinarius fagetorum
a66dd5f61f2db5ca883aea83fa74b3d2233bc755,Cortinarius,aff,,fagetorum,Cortinarius fagetorum
a7bb43a1745ff8da467217ce19f779ceb6c7cf41,Cortinarius,aff,,fagetorum,Cortinarius fagetorum
b961d83be5b1fd94ff4fa74e9a03b20b76cb8d09,Cortinarius,aff,,fagetorum,Cortinarius fagetorum
bc51bea4f3f02d25e51dc88126073c2e40ee4d54,Cortinarius,aff,,fagetorum,Cortinarius fagetorum
e96ea012dffcbb4ef62fe30eb0e86c9a8a22761b,Cortinarius,aff,,fagetorum,Cortinarius fagetorum
eb3a0594b9d62b5099021035a238922adf730708,Cortinarius,aff,,fagetorum,Cortinarius fagetorum
9369bd1216599c771014e41a9ae8aacf21134c21,Cortinarius,aff,,fallaceicolor,Cortinarius fallaceicolor
05ed87c4bba2a27dd1ce1d1db17015c07d2aef69,Cortinarius,,,falsosus,Cortinarius falsosus
08fa22ce728919956d5cbabfaac23f04f36d3775,Cortinarius,,,falsosus,Cortinarius falsosus
08fa22ce728919956d5cbabfaac23f04f36d3775,Cortinarius,,,falsosus,Cortinarius falsosus
0f940ffa1ff761ed41714694d45eb8ed23062a5e,Cortinarius,,,falsosus,Cortinarius falsosus
1a1f317c2829f485e8c0d832f6f7031c7a62d35b,Cortinarius,,,falsosus,Cortinarius falsosus
1a1f317c2829f485e8c0d832f6f7031c7a62d35b,Cortinarius,,,falsosus,Cortinarius falsosus
1a1f317c2829f485e8c0d832f6f7031c7a62d35b,Cortinarius,,,falsosus,Cortinarius falsosus
1a1f317c2829f485e8c0d832f6f7031c7a62d35b,Cortinarius,,,falsosus,Cortinarius falsosus
449ce2a220718d1832b7340a92b49adb433401a8,Cortinarius,,,falsosus,Cortinarius falsosus
4fa603a668ea7b1593bae742f33deb9769ddd0e6,Cortinarius,,,falsosus,Cortinarius falsosus
5001f3e9e43bf0fccb685c7d48fa5dfa3ff5bf2d,Cortinarius,,,falsosus,Cortinarius falsosus
5001f3e9e43bf0fccb685c7d48fa5dfa3ff5bf2d,Cortinarius,,,falsosus,Cortinarius falsosus
5101bbeab632a737cb6f68b1c774dc330e3d190b,Cortinarius,,,falsosus,Cortinarius falsosus
be5ef0bd47d459d841aa836f5dbdab657b33b20e,Cortinarius,,,falsosus,Cortinarius falsosus
cbe011fb83bab5a48208b04d759ba198d22c4084,Cortinarius,,,falsosus,Cortinarius falsosus
390ed1a550847ca4a4fc4286dae2d29b9e8fac3c,Cortinarius,,,ferrugineifolius,Cortinarius ferrugineifolius
420b2c9cb5a9f764476ec3d553d789a88ad4856c,Cortinarius,,,ferrugineifolius,Cortinarius ferrugineifolius
9d5cf4ddba36895b74aae62a1eeb26973a0be770,Cortinarius,,,ferrugineifolius,Cortinarius ferrugineifolius
9d5cf4ddba36895b74aae62a1eeb26973a0be770,Cortinarius,,,ferrugineifolius,Cortinarius ferrugineifolius
9d5cf4ddba36895b74aae62a1eeb26973a0be770,Cortinarius,,,ferrugineifolius,Cortinarius ferrugineifolius
bb0709a562acdb9e19bfd1578d6dc455c58b8b14,Cortinarius,,,ferrugineifolius,Cortinarius ferrugineifolius
20e1d8f82023e4b67eb4308787472bbad517a835,Cortinarius,,,ferrugineovelatus,Cortinarius ferrugineovelatus
49afe1ee192539fa4267a10f35c9cdafe0513555,Cortinarius,,,ferrugineovelatus,Cortinarius ferrugineovelatus
8bd263bf94753e0a249434b29275192d3ccb3f01,Cortinarius,,,ferrugineovelatus,Cortinarius ferrugineovelatus
bd3ebb4e8c11d5fef4f201ff150eb3eb2edf67cb,Cortinarius,,,ferrugineovelatus,Cortinarius ferrugineovelatus
06bd1ebfd67ea4308f2e1146484a14b332f6a073,Cortinarius,,,fuliginosus,Cortinarius fuliginosus
8530a7b93b0b85be2eda7c549afe5e5a666cc30e,Cortinarius,,,fuliginosus,Cortinarius fuliginosus
2d6d055f4a40da87f305222b0e06a4208d471f76,Cortinarius,aff,,fulvescens,Cortinarius fulvescens
47be74501cb902406d97e3bad8947417c7e4e2a9,Cortinarius,,,fulvescens,Cortinarius fulvescens
584d3223420d090be85f0f543ecd4402ecafdbe2,Cortinarius,,,fulvescens,Cortinarius fulvescens
5d5829cf79969297ad5f18b30cc35734adc8245e,Cortinarius,,,fulvescens,Cortinarius fulvescens
64546484366b6d827737775bcc83eff8ddeb8bfe,Cortinarius,,,fulvescens,Cortinarius fulvescens
6b2c4a764d2309c9617f3a8f37cafec4d8c21fc8,Cortinarius,,,fulvescens,Cortinarius fulvescens
8a4e94e5d6ded26b637813d56ab4a1bcad079c18,Cortinarius,,,fulvescens,Cortinarius fulvescens
afa42762c706ed076a2bc9c66d8a2aa69397eee3,Cortinarius,,,fulvescens,Cortinarius fulvescens
1cefea89a155232ba406e3c824a96c3ad06a9cfe,Cortinarius,aff,2,fuscodiscus,Cortinarius fuscodiscus
2d3c53a2cdb904d27ccbb74a093bc7edda53b138,Cortinarius,aff,2,fuscodiscus,Cortinarius fuscodiscus
543b0fa9d2ababca9637858cec07cddbe7a6edb9,Cortinarius,aff,2,fuscodiscus,Cortinarius fuscodiscus
89fa258da0e1454ba1bf1653e3231eb5c998c50e,Cortinarius,aff,2,fuscodiscus,Cortinarius fuscodiscus
c0dd5dbd2b4564b99f4ad209ceb4c8dac03799b6,Cortinarius,aff,2,fuscodiscus,Cortinarius fuscodiscus
c0dd5dbd2b4564b99f4ad209ceb4c8dac03799b6,Cortinarius,aff,2,fuscodiscus,Cortinarius fuscodiscus
0631d16e5b662fb06110c72c89eff1d7a86f74c5,Cortinarius,aff,3,fuscodiscus,Cortinarius fuscodiscus
07333d22e71c7332851159f56b16fe5a9cd6eb95,Cortinarius,aff,3,fuscodiscus,Cortinarius fuscodiscus
19fabf73a6f2acc3700ccbd3cc3452368081cb0c,Cortinarius,aff,3,fuscodiscus,Cortinarius fuscodiscus
19fabf73a6f2acc3700ccbd3cc3452368081cb0c,Cortinarius,aff,3,fuscodiscus,Cortinarius fuscodiscus
2d96613a618525d3b2498606263895cc33b386d2,Cortinarius,aff,3,fuscodiscus,Cortinarius fuscodiscus
bf35fea9217bb2aeeea603540a16dfc678d937a6,Cortinarius,aff,3,fuscodiscus,Cortinarius fuscodiscus
3e815ba1932eaf95c8c92082f4ebd6c040550ac5,Cortinarius,aff,,fuscodiscus,Cortinarius fuscodiscus
3e815ba1932eaf95c8c92082f4ebd6c040550ac5,Cortinarius,aff,,fuscodiscus,Cortinarius fuscodiscus
3e815ba1932eaf95c8c92082f4ebd6c040550ac5,Cortinarius,aff,,fuscodiscus,Cortinarius fuscodiscus
7b90cd8a47ae786c2b0958a31c02f9de337e61d1,Cortinarius,aff,,fuscodiscus,Cortinarius fuscodiscus
01b96a7c4a6f466f629928c349597a683de623e1,Cortinarius,aff,,fusisporus,Cortinarius fusisporus
144c6e95757a03a40e9fd113f8b80b46b1cab474,Cortinarius,aff,,fusisporus,Cortinarius fusisporus
4f40b3e2f62d70235eb70f67170d62a4f9f191bd,Cortinarius,aff,,fusisporus,Cortinarius fusisporus
50134bf50e2b7b050496cf7bc64dae48df6fc21e,Cortinarius,aff,,fusisporus,Cortinarius fusisporus
7e8b523b38573fb29295b738bb2606cd24d3d613,Cortinarius,aff,,fusisporus,Cortinarius fusisporus
fd46f815ceaeb58b061fcacff437ad4674ffd536,Cortinarius,aff,,fusisporus,Cortinarius fusisporus
2b37dc2b767cb16215026c3583c2bfaeb325ee0c,Cortinarius,aff,2,gentilis,Cortinarius gentilis
1cac36b495bf64f96c6aa94397d66722b71d1a2c,Cortinarius,aff,3,gentilis,Cortinarius gentilis
42512750320f88fcd31290f655cb5e94ab4e72c1,Cortinarius,aff,4,gentilis,Cortinarius gentilis
00ddc8954999d2bb80bf0e0b1c53523b72a503ed,Cortinarius,,2,glandicolor,Cortinarius glandicolor
04d1b42b549eed8c94a52d694a8a0612984b40e0,Cortinarius,,2,glandicolor,Cortinarius glandicolor
04d1b42b549eed8c94a52d694a8a0612984b40e0,Cortinarius,,2,glandicolor,Cortinarius glandicolor
21ce4fe8d138a669a40002e80e118d73cdd84cb9,Cortinarius,,2,glandicolor,Cortinarius glandicolor
30660f2d0b467a1f05044df6e85c42a24db6c4a8,Cortinarius,,2,glandicolor,Cortinarius glandicolor
3819c360d344a450d636505d3efed0e89e598879,Cortinarius,,2,glandicolor,Cortinarius glandicolor
64472131ac3fb10357c9b669c1980edcdfbf3b0b,Cortinarius,,2,glandicolor,Cortinarius glandicolor
770eee06261a016a9173fa6c4329fecf0efa2aee,Cortinarius,,2,glandicolor,Cortinarius glandicolor
9662e84e4f869f2454efccb1a8df5b9dac377aa6,Cortinarius,,2,glandicolor,Cortinarius glandicolor
9a36174ffd69e4771ab58893b4fc3340e05bbdef,Cortinarius,,2,glandicolor,Cortinarius glandicolor
9a36174ffd69e4771ab58893b4fc3340e05bbdef,Cortinarius,,2,glandicolor,Cortinarius glandicolor
af800bdcf085188f8bd57f7373fc6a4e4adc7bef,Cortinarius,,2,glandicolor,Cortinarius glandicolor
bcc44828822ec184ffd383dd170c6d550961c255,Cortinarius,,2,glandicolor,Cortinarius glandicolor
eabb737eea7d2a44aad222721389b9a27c28eac3,Cortinarius,,2,glandicolor,Cortinarius glandicolor
eabb737eea7d2a44aad222721389b9a27c28eac3,Cortinarius,,2,glandicolor,Cortinarius glandicolor
f4e3920c9829c0b63e6786322bda92aac33c16ad,Cortinarius,,2,glandicolor,Cortinarius glandicolor
7ecc514cb61eb104abb461dc2a306726f6238223,Cortinarius,,,glandicolor,Cortinarius glandicolor
98c07df0ad749af66942f1483fd23b069abe77db,Cortinarius,,,glandicolor,Cortinarius glandicolor
11f0b7175b52a25540f05e92460199155d3efac8,Cortinarius,,,heterodepressus,Cortinarius heterodepressus
18531f75b7d399c521b9b529f9dcaad968885182,Cortinarius,,,heterodepressus,Cortinarius heterodepressus
1b482678a9ac6d9da99112a1c7d66583d857cb78,Cortinarius,,,heterodepressus,Cortinarius heterodepressus
31119b6591f96c510470f7ab5dde6fb764f82ca4,Cortinarius,,,heterodepressus,Cortinarius heterodepressus
32bc4a1193ddadeac3730d9065f1eba71bfd564b,Cortinarius,,,heterodepressus,Cortinarius heterodepressus
46ca596eec238366939bd13e52fe0d478c4695ee,Cortinarius,,,heterodepressus,Cortinarius heterodepressus
525a892a522115eedc00b7c3af8c77622b63b6f3,Cortinarius,,,heterodepressus,Cortinarius heterodepressus
8655bba8f7eb4988457f85330cd91b6e423e77a5,Cortinarius,,,heterodepressus,Cortinarius heterodepressus
8da64b51592535f4de49fb8353f61ea9de09e1af,Cortinarius,,,heterodepressus,Cortinarius heterodepressus
8da64b51592535f4de49fb8353f61ea9de09e1af,Cortinarius,,,heterodepressus,Cortinarius heterodepressus
a277f2be63f3704f6ef1bb94ff0f623052c83395,Cortinarius,,,heterodepressus,Cortinarius heterodepressus
a3f014bc6715d7cd2a5e04aea6eb5e62da35dd5a,Cortinarius,,,heterodepressus,Cortinarius heterodepressus
da17473a4d77a24fabb8d25d5120d28142ad01a0,Cortinarius,,,heterodepressus,Cortinarius heterodepressus
da17473a4d77a24fabb8d25d5120d28142ad01a0,Cortinarius,,,heterodepressus,Cortinarius heterodepressus
dd0cc7029a61f544860177146fae7291e23587cf,Cortinarius,,,heterodepressus,Cortinarius heterodepressus
eeb59817f1e4bfe21e2567034b8a080dea921b77,Cortinarius,,,heterodepressus,Cortinarius heterodepressus
f51a6e16407d9714802e4ae1e3a00c24b7c39c05,Cortinarius,,,heterodepressus,Cortinarius heterodepressus
fca1400b8e86ad5919694106a512de0135e1c31c,Cortinarius,,,heterodepressus,Cortinarius heterodepressus
fca1400b8e86ad5919694106a512de0135e1c31c,Cortinarius,,,heterodepressus,Cortinarius heterodepressus
0286248f1ffc6ab56cbcfc0992921f1a65349a98,Cortinarius,,,huronensis,Cortinarius huronensis
0286248f1ffc6ab56cbcfc0992921f1a65349a98,Cortinarius,,,huronensis,Cortinarius huronensis
03f3626b3f31b2aa54596d35d71ea30a4fe5cece,Cortinarius,,,huronensis,Cortinarius huronensis
057cdb2f35240ff4d9d79ccecdfb71e723abbf93,Cortinarius,,,huronensis,Cortinarius huronensis
057cdb2f35240ff4d9d79ccecdfb71e723abbf93,Cortinarius,,,huronensis,Cortinarius huronensis
0abeaaf60ffa7a554205a447e645d00fabb615a5,Cortinarius,,,huronensis,Cortinarius huronensis
23155a3502552eb5cd426d941ba269c473c7f0ed,Cortinarius,,,huronensis,Cortinarius huronensis
2b5d0359db58d2ae256b23523625e16c5a816c72,Cortinarius,,,huronensis,Cortinarius huronensis
43d6689544962e8d57d039cc846f690faea97995,Cortinarius,,,huronensis,Cortinarius huronensis
45ed4c3bc8506e67c1676535be3acaf71956757c,Cortinarius,,,huronensis,Cortinarius huronensis
4d7dd98d72d3fcb14ab436c98904df83171a042e,Cortinarius,,,huronensis,Cortinarius huronensis
4ec89e308eb87ab88010c3f951e43622273a1fa5,Cortinarius,,,huronensis,Cortinarius huronensis
4ee57096026aa9c0a0483b56c1dd08825d182578,Cortinarius,,,huronensis,Cortinarius huronensis
50d645cd9e13609dbb1ed7bb762338aa6892c944,Cortinarius,,,huronensis,Cortinarius huronensis
50d645cd9e13609dbb1ed7bb762338aa6892c944,Cortinarius,,,huronensis,Cortinarius huronensis
50d645cd9e13609dbb1ed7bb762338aa6892c944,Cortinarius,,,huronensis,Cortinarius huronensis
549401f671fb35e987791932e6d539f7eafd7c4b,Cortinarius,,,huronensis,Cortinarius huronensis
549401f671fb35e987791932e6d539f7eafd7c4b,Cortinarius,,,huronensis,Cortinarius huronensis
549401f671fb35e987791932e6d539f7eafd7c4b,Cortinarius,,,huronensis,Cortinarius huronensis
549401f671fb35e987791932e6d539f7eafd7c4b,Cortinarius,,,huronensis,Cortinarius huronensis
57b6eb9a7e1125d407d47654bfa53808a20d4653,Cortinarius,,,huronensis,Cortinarius huronensis
58b57c27e8f304081cce5c1295c6b61ee3c45cae,Cortinarius,,,huronensis,Cortinarius huronensis
58b57c27e8f304081cce5c1295c6b61ee3c45cae,Cortinarius,,,huronensis,Cortinarius huronensis
603159668ecaa2ce678c4286342053f06cf4a189,Cortinarius,,,huronensis,Cortinarius huronensis
683756f7c3d7cd96d768d01af363d5e2809996b7,Cortinarius,,,huronensis,Cortinarius huronensis
6a86c86a1fc94c60d868cfec6fd39a048d780341,Cortinarius,,,huronensis,Cortinarius huronensis
7183c450c3d23f3fbcbd53c9443b90dec3aa0f27,Cortinarius,,,huronensis,Cortinarius huronensis
72bbc1cc67c62f05131a1fc286d5c93d237ef5a2,Cortinarius,,,huronensis,Cortinarius huronensis
74b5e2c8556a94fe9d0b8d8c88c35043660b0a13,Cortinarius,,,huronensis,Cortinarius huronensis
88c92afa80fbeec9d03f9abc816448ed1a3276b9,Cortinarius,,,huronensis,Cortinarius huronensis
96e2f264b7d6273eb306d8ed484b16c9bfde6096,Cortinarius,,,huronensis,Cortinarius huronensis
b71d854db3303b7ffc520fbab7d665c11512808f,Cortinarius,,,huronensis,Cortinarius huronensis
b71d854db3303b7ffc520fbab7d665c11512808f,Cortinarius,,,huronensis,Cortinarius huronensis
b71d854db3303b7ffc520fbab7d665c11512808f,Cortinarius,,,huronensis,Cortinarius huronensis
b71d854db3303b7ffc520fbab7d665c11512808f,Cortinarius,,,huronensis,Cortinarius huronensis
b71d854db3303b7ffc520fbab7d665c11512808f,Cortinarius,,,huronensis,Cortinarius huronensis
b71d854db3303b7ffc520fbab7d665c11512808f,Cortinarius,,,huronensis,Cortinarius huronensis
b71d854db3303b7ffc520fbab7d665c11512808f,Cortinarius,,,huronensis,Cortinarius huronensis
b71d854db3303b7ffc520fbab7d665c11512808f,Cortinarius,,,huronensis,Cortinarius huronensis
b71d854db3303b7ffc520fbab7d665c11512808f,Cortinarius,,,huronensis,Cortinarius huronensis
b71d854db3303b7ffc520fbab7d665c11512808f,Cortinarius,,,huronensis,Cortinarius huronensis
b71d854db3303b7ffc520fbab7d665c11512808f,Cortinarius,,,huronensis,Cortinarius huronensis
b71d854db3303b7ffc520fbab7d665c11512808f,Cortinarius,,,huronensis,Cortinarius huronensis
b71d854db3303b7ffc520fbab7d665c11512808f,Cortinarius,,,huronensis,Cortinarius huronensis
b71d854db3303b7ffc520fbab7d665c11512808f,Cortinarius,,,huronensis,Cortinarius huronensis
b71d854db3303b7ffc520fbab7d665c11512808f,Cortinarius,,,huronensis,Cortinarius huronensis
c4a6147cd01bb3c3fb640f14d83d1cf94997fd35,Cortinarius,,,huronensis,Cortinarius huronensis
d85247fa3721e37848f4fea6981e7957bdbd2d8e,Cortinarius,,,huronensis,Cortinarius huronensis
d85247fa3721e37848f4fea6981e7957bdbd2d8e,Cortinarius,,,huronensis,Cortinarius huronensis
d85247fa3721e37848f4fea6981e7957bdbd2d8e,Cortinarius,,,huronensis,Cortinarius huronensis
d85247fa3721e37848f4fea6981e7957bdbd2d8e,Cortinarius,,,huronensis,Cortinarius huronensis
d85247fa3721e37848f4fea6981e7957bdbd2d8e,Cortinarius,,,huronensis,Cortinarius huronensis
d85247fa3721e37848f4fea6981e7957bdbd2d8e,Cortinarius,,,huronensis,Cortinarius huronensis
d85247fa3721e37848f4fea6981e7957bdbd2d8e,Cortinarius,,,huronensis,Cortinarius huronensis
db2f44cdfd1dad1690fe9af9c12bfed78177448e,Cortinarius,,,huronensis,Cortinarius huronensis
e8b874ec52127ed6e126fb76441e7cfed20555c0,Cortinarius,,,huronensis,Cortinarius huronensis
401a254551d32ff69eb61ee8e1ac698b20836605,Cortinarius,,,illuminus,Cortinarius illuminus
4bf899a765abbd5ad8a3ef37a2edd76d0cf06e74,Cortinarius,,,illuminus,Cortinarius illuminus
746314886640bb9ec2637154b3db5b8ccb03c2f9,Cortinarius,,,illuminus,Cortinarius illuminus
746314886640bb9ec2637154b3db5b8ccb03c2f9,Cortinarius,,,illuminus,Cortinarius illuminus
78284611fa4ad2cf3f604cece5870d2be2e20e87,Cortinarius,,,illuminus,Cortinarius illuminus
16eb8b4901787bca9424abfa0b19bf5f9ed9b2da,Cortinarius,,,infractus,Cortinarius infractus
16eb8b4901787bca9424abfa0b19bf5f9ed9b2da,Cortinarius,,,infractus,Cortinarius infractus
55ba49671665d4402c6ead18a64c5a4a5ed06d5f,Cortinarius,,,infractus,Cortinarius infractus
c6e60c9325b75eafb3ee70c76ae3811ff4ba6afa,Cortinarius,,,infractus,Cortinarius infractus
ec5e16515fc61e4bca981916074b3efa63cf17ba,Cortinarius,,,infractus,Cortinarius infractus
ec5e16515fc61e4bca981916074b3efa63cf17ba,Cortinarius,,,infractus,Cortinarius infractus
13cae30415543ac6fd095453b870808ccd621294,Cortinarius,,,insolitus,Cortinarius insolitus
2bfbeb76e8645de09e4a86811ed1c3756da8bfb8,Cortinarius,,,insolitus,Cortinarius insolitus
8c3ed5c8f90112eb843be36edc480ea264adcd9c,Cortinarius,,,insolitus,Cortinarius insolitus
9a7ac76591de20408f499a5c5b251c1aaefbe380,Cortinarius,,,insolitus,Cortinarius insolitus
9b29798def78b8be1380ab3d82e7605748b50208,Cortinarius,,,insolitus,Cortinarius insolitus
9ee1cd89483d2dc3d1cf2d1fc1ed604b103eff0c,Cortinarius,,,insolitus,Cortinarius insolitus
a76f3a4429d911c6a4a2052baecae64dd76b2ddb,Cortinarius,,,insolitus,Cortinarius insolitus
d579887e74160bf4ed2bd47344b0f5ce02f6aee1,Cortinarius,,,insolitus,Cortinarius insolitus
d579887e74160bf4ed2bd47344b0f5ce02f6aee1,Cortinarius,,,insolitus,Cortinarius insolitus
d579887e74160bf4ed2bd47344b0f5ce02f6aee1,Cortinarius,,,insolitus,Cortinarius insolitus
ddde3014e0d5dd8dbe0ad2edebb6357189694221,Cortinarius,,,insolitus,Cortinarius insolitus
f9549259d054fa63b9c2c092c5629875c74c63bf,Cortinarius,,,insolitus,Cortinarius insolitus
fc388600ed6fb8221b7dd4f19618f0f15bb81f5e,Cortinarius,,,insolitus,Cortinarius insolitus
08c80560424e95df0af0468e2eed92a6067125b3,Cortinarius,,,jacobii,Cortinarius jacobii
1e85af9569495d353fa45f0e2760852c1f07c48e,Cortinarius,,,jacobii,Cortinarius jacobii
2fe3bcc410f76164781020380123edb69815dc2f,Cortinarius,,,jacobii,Cortinarius jacobii
53e32b126757d6f251ee520d15cadf944ab85f63,Cortinarius,,,jacobii,Cortinarius jacobii
6f8bc7cc03697cd923389b55df5570370492ab4e,Cortinarius,aff,,jacobii,Cortinarius jacobii
7cc356dbff7b8b6cef3a7e07bbc27fc2410d2542,Cortinarius,,,jacobii,Cortinarius jacobii
060d7cb4f2a09fe89e939e6fdc59ae090c1ce0ef,Cortinarius,,,kauffmanianus,Cortinarius kauffmanianus
0c2b8af9d97fd445b6dfc77491d3d7c074cc17da,Cortinarius,,,kauffmanianus,Cortinarius kauffmanianus
0fe2b178041f2d63016d1093a5c4449631976fc6,Cortinarius,,,kauffmanianus,Cortinarius kauffmanianus
22abdffffb503e7f051a8f31edd326e79e445ccb,Cortinarius,,,kauffmanianus,Cortinarius kauffmanianus
27cb4db9c6bf6ca94831e1351b181e0b98350304,Cortinarius,,,kauffmanianus,Cortinarius kauffmanianus
3a20ed79415b551fae69385c16b7ff6354eba55b,Cortinarius,,,kauffmanianus,Cortinarius kauffmanianus
3a5ce65d5c0eddad037efcbb213e7b7b394f543c,Cortinarius,,,kauffmanianus,Cortinarius kauffmanianus
3aebc7dd4900dc80e75331e2f92cf021f5f72d31,Cortinarius,,,kauffmanianus,Cortinarius kauffmanianus
3d80fc6633fc777ab4575bf4d6e6d9a337f7022a,Cortinarius,,,kauffmanianus,Cortinarius kauffmanianus
3e3fc50d1eb7c22425c92e79d176ca8ee5d211f5,Cortinarius,,,kauffmanianus,Cortinarius kauffmanianus
722bf0b3fd2e1daf6fb3e29af3ea1fec00c3f461,Cortinarius,,,kauffmanianus,Cortinarius kauffmanianus
7e57225dcbd54836f14a683dfc25735f57807052,Cortinarius,,,kauffmanianus,Cortinarius kauffmanianus
8e80bbd6736c74e5f3589b899d01caca35a6d1cc,Cortinarius,,,kauffmanianus,Cortinarius kauffmanianus
8e8aadc251359135afe68e479572abbdc54a765a,Cortinarius,,,kauffmanianus,Cortinarius kauffmanianus
96789b20216049cbec87e96a1cb9c2cf2e146293,Cortinarius,,,kauffmanianus,Cortinarius kauffmanianus
b49945a4dadd68d618ad5be34db23cbfdbc816f4,Cortinarius,,,kauffmanianus,Cortinarius kauffmanianus
ba9722962ecad03c33b8777c54d904f7ebc69f97,Cortinarius,,,kauffmanianus,Cortinarius kauffmanianus
cb57a096081d91c2178b62d04124ad78cbd283d9,Cortinarius,,,kauffmanianus,Cortinarius kauffmanianus
d359bc84367a9bc61468fcab59505b97efe513f4,Cortinarius,,,kauffmanianus,Cortinarius kauffmanianus
dd13c8d41c49240de658de64008abebe2f837836,Cortinarius,,,kauffmanianus,Cortinarius kauffmanianus
00a096afddff0877e99c70ce6b378bc2f2b96616,Cortinarius,,,kranabetteri,Cortinarius kranabetteri
2780b03e73077e86d1118c52fb13eab0549c7091,Cortinarius,,,kranabetteri,Cortinarius kranabetteri
3f4e56a300548c7966380badab547a54c24874ca,Cortinarius,,,kranabetteri,Cortinarius kranabetteri
4a601f8044dffb666e98c552f58788dbd54557bc,Cortinarius,,,kranabetteri,Cortinarius kranabetteri
79f325f5425d83797c2e91f3cb1a0cd03bdf5e38,Cortinarius,,,kranabetteri,Cortinarius kranabetteri
947d709325ac0e011ecfbcf09474f4ea964c6408,Cortinarius,,,kranabetteri,Cortinarius kranabetteri
9bd209a87c5f582169c10656251e1d32d8a01cd8,Cortinarius,,,kranabetteri,Cortinarius kranabetteri
a27eb40ab52bdd236c1ff95e12c041f405b5e3c4,Cortinarius,,,kranabetteri,Cortinarius kranabetteri
a27eb40ab52bdd236c1ff95e12c041f405b5e3c4,Cortinarius,,,kranabetteri,Cortinarius kranabetteri
a27eb40ab52bdd236c1ff95e12c041f405b5e3c4,Cortinarius,,,kranabetteri,Cortinarius kranabetteri
a27eb40ab52bdd236c1ff95e12c041f405b5e3c4,Cortinarius,,,kranabetteri,Cortinarius kranabetteri
a27eb40ab52bdd236c1ff95e12c041f405b5e3c4,Cortinarius,,,kranabetteri,Cortinarius kranabetteri
a27eb40ab52bdd236c1ff95e12c041f405b5e3c4,Cortinarius,,,kranabetteri,Cortinarius kranabetteri
a27eb40ab52bdd236c1ff95e12c041f405b5e3c4,Cortinarius,,,kranabetteri,Cortinarius kranabetteri
a27eb40ab52bdd236c1ff95e12c041f405b5e3c4,Cortinarius,,,kranabetteri,Cortinarius kranabetteri
a27eb40ab52bdd236c1ff95e12c041f405b5e3c4,Cortinarius,,,kranabetteri,Cortinarius kranabetteri
a27eb40ab52bdd236c1ff95e12c041f405b5e3c4,Cortinarius,,,kranabetteri,Cortinarius kranabetteri
a27eb40ab52bdd236c1ff95e12c041f405b5e3c4,Cortinarius,,,kranabetteri,Cortinarius kranabetteri
a27eb40ab52bdd236c1ff95e12c041f405b5e3c4,Cortinarius,,,kranabetteri,Cortinarius kranabetteri
b11ce30e695db8b6c74ccda09a05ade5269d8a77,Cortinarius,,,kranabetteri,Cortinarius kranabetteri
b11ce30e695db8b6c74ccda09a05ade5269d8a77,Cortinarius,,,kranabetteri,Cortinarius kranabetteri
b11ce30e695db8b6c74ccda09a05ade5269d8a77,Cortinarius,,,kranabetteri,Cortinarius kranabetteri
f4f1ab1971ab11d0096bba6855aa9ff4c5d5b867,Cortinarius,,,kranabetteri,Cortinarius kranabetteri
2da22efb006e2efe12af1f2657762c1f42d910be,Cortinarius,aff,2,laetus,Cortinarius laetus
de21eb1b7787950582fc1a2c012f78e6aa054ea3,Cortinarius,aff,,laetus,Cortinarius laetus
0fed4572c8588e25bc502fd0e65c342452ad6f41,Cortinarius,,,laniger,Cortinarius laniger
43ec2ff529ed73d3d3b1aa4902c158e8ea9b218d,Cortinarius,,,laniger,Cortinarius laniger
4d4042d0ca1746d70b5b48c6a1af72c3b90a5076,Cortinarius,,,laniger,Cortinarius laniger
4d4042d0ca1746d70b5b48c6a1af72c3b90a5076,Cortinarius,,,laniger,Cortinarius laniger
77ff640dd9d4ddc99f883b2d66dc731ee588738d,Cortinarius,,,laniger,Cortinarius laniger
c7b5e498529182d6d02aa75fbd6018a39aa05452,Cortinarius,,,laniger,Cortinarius laniger
caf8e37cff12e9c6dd533a6896f9c63612d42f3e,Cortinarius,,,laniger,Cortinarius laniger
0f1f9e2a7c58aa69bef6f8e23e090ebefd0d3736,Cortinarius,,,lanigeroides,Cortinarius lanigeroides
1e4e9ad5c7042966831631311ace6efdd61677d1,Cortinarius,,,lanigeroides,Cortinarius lanigeroides
d99f58b2b160dc85bb8677f8eb260b9200e9f39f,Cortinarius,,,lanigeroides,Cortinarius lanigeroides
b9d04d173a40f272550cea4cda48f93bf0168d17,Cortinarius,,,latoclaricolor,Cortinarius latoclaricolor
ee0b996d1f53a519ec49bc5a55bd4f57180d508e,Cortinarius,,,latoclaricolor,Cortinarius latoclaricolor
1c2a30d9308bcf02a32619a628e5b30b078ab42c,Cortinarius,,,leiocastaneus,Cortinarius leiocastaneus
45a105e894f6609785ceb411fadc03763f392b06,Cortinarius,,,leiocastaneus,Cortinarius leiocastaneus
b78acd861d089e9482810d50a284f6680a74965f,Cortinarius,,,leiocastaneus,Cortinarius leiocastaneus
146a15af701efac6c50c052749e63a6c7f17a2ac,Cortinarius,cf,,levipileus,Cortinarius levipileus
a6d8fe8397bc928beb24255da99aa66075b94039,Cortinarius,cf,,levipileus,Cortinarius levipileus
a8f8c8df3e3bee42b6504f224e336d2cd528aea2,Cortinarius,cf,,levipileus,Cortinarius levipileus
141f0034693ed886889eefe82937de19ba21be91,Cortinarius,,,lindstroemii,Cortinarius lindstroemii
37bfadceffce191c127e9f00a5e5b84748855610,Cortinarius,,,lindstroemii,Cortinarius lindstroemii
6ba3f60907ea4bff3e6b1797bf15b2c14b98652b,Cortinarius,,,lindstroemii,Cortinarius lindstroemii
8fd9e508fc694ce5339be4f7c3a003fc86469356,Cortinarius,,,lindstroemii,Cortinarius lindstroemii
8fd9e508fc694ce5339be4f7c3a003fc86469356,Cortinarius,,,lindstroemii,Cortinarius lindstroemii
b2c75df8d6dcbae2306d087ae498d3a651b52993,Cortinarius,,,lindstroemii,Cortinarius lindstroemii
bb3870c456614bc29322192d4b93db176128f6f9,Cortinarius,,,lindstroemii,Cortinarius lindstroemii
3909029b20262a84b9a9900c3206929e9b539838,Cortinarius,,,lucorum,Cortinarius lucorum
7281652f8594ec28c8fe6d0758b57cfb0b2f8857,Cortinarius,,,lucorum,Cortinarius lucorum
90df88700c723b1972165f96705cee5a6137616e,Cortinarius,,,lucorum,Cortinarius lucorum
90df88700c723b1972165f96705cee5a6137616e,Cortinarius,,,lucorum,Cortinarius lucorum
abb68295e762cc6c9c947035f0c44cd0c0007479,Cortinarius,,,lucorum,Cortinarius lucorum
bb35d874ed3729890ffcd4bfed770008afa157fb,Cortinarius,,,lucorum,Cortinarius lucorum
9ccacf18c7345345d5e86fb83fddc2252f8c5959,Cortinarius,,,luteoornatus,Cortinarius luteoornatus
af4059b5813cd1424afacb3b3a5ccfe5d52e1c1f,Cortinarius,,,luteoornatus,Cortinarius luteoornatus
5b8833626c19a31ba9f3344c861e3a8e39300878,Cortinarius,,,malachius,Cortinarius malachius
5b8833626c19a31ba9f3344c861e3a8e39300878,Cortinarius,,,malachius,Cortinarius malachius
6feeb3e252dec81197bcf2e99701555d09561dbe,Cortinarius,,,malachius,Cortinarius malachius
784091cbaaa592c74c9a1712e4376521ac278bf3,Cortinarius,,,malachius,Cortinarius malachius
b79bc7b663ca622e872e40c48d3dafef8a2c41db,Cortinarius,,,mattiae,Cortinarius mattiae
0ac6d227c5ecef9effe49704e7505bdadba3e543,Cortinarius,,,milvinoides,Cortinarius milvinoides
3af4694e1e77d9caee197485ec9b7050b7fe4c66,Cortinarius,,,milvinoides,Cortinarius milvinoides
59ed4f4b411e13c5a7bbdcc6dc84316cd6635d64,Cortinarius,,,milvinoides,Cortinarius milvinoides
6bbc225400e851a121209736b4d5f352252e8df8,Cortinarius,,,milvinoides,Cortinarius milvinoides
86638c8fe050f1ed3b5602c2ff61bddb4e7ffe9b,Cortinarius,,,milvinoides,Cortinarius milvinoides
88d28cc2a0b744ad4a6ad94300295c77a478da19,Cortinarius,,,milvinoides,Cortinarius milvinoides
a1853bb63fc87361ce2b3556cd74d7e874040e3f,Cortinarius,,,milvinoides,Cortinarius milvinoides
abdf4f1ad0ef51029615ee197f67286f2706d688,Cortinarius,,,milvinoides,Cortinarius milvinoides
6a813f9ebcb0de022859de9ac1027e39012d65a0,Cortinarius,,,minusculus,Cortinarius minusculus
aa12604f949b87385691a05d6237fcb651665f1a,Cortinarius,,,minusculus,Cortinarius minusculus
aa12604f949b87385691a05d6237fcb651665f1a,Cortinarius,,,minusculus,Cortinarius minusculus
aa12604f949b87385691a05d6237fcb651665f1a,Cortinarius,,,minusculus,Cortinarius minusculus
c3875ea9468cdf81a5579ac321a27aea3fdcdb17,Cortinarius,,,minusculus,Cortinarius minusculus
04511e795b7450135f023ad537ed892b611a0866,Cortinarius,,,modestus,Cortinarius modestus
06101768b488590fa4348955352b12c6af245d70,Cortinarius,,,modestus,Cortinarius modestus
1b02d1f667a990d75de0602e47adbc5a10751e07,Cortinarius,,,modestus,Cortinarius modestus
275a6e7b261d27ed570da59e8337faf2faf1581e,Cortinarius,,,modestus,Cortinarius modestus
39b515293b8c54c4bc034790b3344fc291824688,Cortinarius,,,modestus,Cortinarius modestus
4391ffb8e4465aa39797921df664cf5a8ec5fa76,Cortinarius,,,modestus,Cortinarius modestus
5c7051d00f070c418c46b0de6b7207a8f80f3303,Cortinarius,,,modestus,Cortinarius modestus
73409a0c5e3a235e6c5fdf0636c37361bd8f4ef7,Cortinarius,,,modestus,Cortinarius modestus
7e8210bced4ad079dbc8a5b8e404269d265e25b6,Cortinarius,,,modestus,Cortinarius modestus
7ff06fb9c800d1f098ded6e9ed6d56d8ea060d7c,Cortinarius,,,modestus,Cortinarius modestus
872d4a305486c6cd65335d36103861d586ee4134,Cortinarius,,,modestus,Cortinarius modestus
881defda8c90ef315395e4ccc1114bf689b41efa,Cortinarius,,,modestus,Cortinarius modestus
daf48191743ea0464d32059c2cbd74cd8308f957,Cortinarius,,,modestus,Cortinarius modestus
e8629e39b9361d3f3c7eeb7bd9b12a8f98afd1cd,Cortinarius,,,modestus,Cortinarius modestus
02ed7d75b74a157269ac6ce9078e1e472047c4da,Cortinarius,,,murinascens,Cortinarius murinascens
0fa9cc13398d6c0128b947e21cb20c3a89d6bf2e,Cortinarius,,,murinascens,Cortinarius murinascens
15112a15357a770c23d35b212dfd0ad638ab545e,Cortinarius,,,murinascens,Cortinarius murinascens
15112a15357a770c23d35b212dfd0ad638ab545e,Cortinarius,,,murinascens,Cortinarius murinascens
15112a15357a770c23d35b212dfd0ad638ab545e,Cortinarius,,,murinascens,Cortinarius murinascens
15112a15357a770c23d35b212dfd0ad638ab545e,Cortinarius,,,murinascens,Cortinarius murinascens
15112a15357a770c23d35b212dfd0ad638ab545e,Cortinarius,,,murinascens,Cortinarius murinascens
3d1cbf0f5ea43b5523fe6e102bfa90422caa8693,Cortinarius,,,murinascens,Cortinarius murinascens
5d21fce97b49a4d7508c4a0ee1ccf00cf3b530cc,Cortinarius,,,murinascens,Cortinarius murinascens
6253c275ddcc35df27246d735116148481ef02b7,Cortinarius,,,murinascens,Cortinarius murinascens
6f8939bc5c78596e2c33892779d7a1013886edb1,Cortinarius,,,murinascens,Cortinarius murinascens
787cc1fd40586a976908acd69c84823e9570076f,Cortinarius,,,murinascens,Cortinarius murinascens
787cc1fd40586a976908acd69c84823e9570076f,Cortinarius,,,murinascens,Cortinarius murinascens
787cc1fd40586a976908acd69c84823e9570076f,Cortinarius,,,murinascens,Cortinarius murinascens
86a815e2a91befe1353284e9fbed22fec2c4c1f2,Cortinarius,,,murinascens,Cortinarius murinascens
86a815e2a91befe1353284e9fbed22fec2c4c1f2,Cortinarius,,,murinascens,Cortinarius murinascens
86a815e2a91befe1353284e9fbed22fec2c4c1f2,Cortinarius,,,murinascens,Cortinarius murinascens
a07ebe4fcd267800130e97470dda14d5bf09025c,Cortinarius,,,murinascens,Cortinarius murinascens
b1bdbf4e1adc5d2f7ca0bf7cbeffdc44283be1a9,Cortinarius,,,murinascens,Cortinarius murinascens
c255719a9af1e3299a1c29274b79911b998f6cd9,Cortinarius,,,murinascens,Cortinarius murinascens
c255719a9af1e3299a1c29274b79911b998f6cd9,Cortinarius,,,murinascens,Cortinarius murinascens
dfe71d7df79276c8ca359b2a11a1cb3c994b5934,Cortinarius,,,murinascens,Cortinarius murinascens
eaf11a0a7ce7278268bda8213b6a5442ef1d3ca8,Cortinarius,,,murinascens,Cortinarius murinascens
04ccf606c73d8d694399dcffd5d71db0cce449e3,Cortinarius,aff,,neofurvolaesus,Cortinarius neofurvolaesus
04ccf606c73d8d694399dcffd5d71db0cce449e3,Cortinarius,aff,,neofurvolaesus,Cortinarius neofurvolaesus
084e03979179ebe49dfd0a2b8f6255b645b97014,Cortinarius,aff,,neofurvolaesus,Cortinarius neofurvolaesus
0b7d38c779c24ab861fac300845d433d501fcc77,Cortinarius,aff,,neofurvolaesus,Cortinarius neofurvolaesus
0b7d38c779c24ab861fac300845d433d501fcc77,Cortinarius,aff,,neofurvolaesus,Cortinarius neofurvolaesus
0b7d38c779c24ab861fac300845d433d501fcc77,Cortinarius,aff,,neofurvolaesus,Cortinarius neofurvolaesus
1d02b815b4cb46c1213f1a537fc027861441c541,Cortinarius,aff,,neofurvolaesus,Cortinarius neofurvolaesus
3c0d054fec40ca77915807b62d5886b01c064f55,Cortinarius,aff,,neofurvolaesus,Cortinarius neofurvolaesus
50f2338da0a3af76c0edbf51d93b8ad1c33269db,Cortinarius,aff,,neofurvolaesus,Cortinarius neofurvolaesus
3a78896d6cc692237fb7dea5018717290b9f7677,Cortinarius,cf,2,obtusus,Cortinarius obtusus
28e0e29617dfcd2aff25933ac770cc4173ade2db,Cortinarius,cf,,obtusus,Cortinarius obtusus
4a4057e9a87106b8e7557a04f76babb5158d804a,Cortinarius,aff,,obtusus,Cortinarius obtusus
aa53aac31ab61d303f1883aeb94399f5df8dbb5c,Cortinarius,cf,,obtusus,Cortinarius obtusus
25f4642d07834aea801ea1ecd17d1ce431d81169,Cortinarius,cf,,ochrophyllus,Cortinarius ochrophyllus
3f71a40afd22ec495b71f83b1b7fe592d5b473cf,Cortinarius,cf,,ochrophyllus,Cortinarius ochrophyllus
739be9472ef51e38657becc834f4ce87288602bf,Cortinarius,cf,,ochrophyllus,Cortinarius ochrophyllus
b16545fcb8e9a0782e97cd60a0544ef321bdd8f2,Cortinarius,cf,,ochrophyllus,Cortinarius ochrophyllus
b9bb69f099eefb9bf41d868a23b14aefbf055b4f,Cortinarius,cf,,ochrophyllus,Cortinarius ochrophyllus
ce69702aeb69ff31a6806f8b188d2cd6c79e0378,Cortinarius,cf,,ochrophyllus,Cortinarius ochrophyllus
01d70ca89b6d0bf5bd379fb31f49237a62436a4f,Cortinarius,,,ominosus,Cortinarius ominosus
07279fedfaae1d44f6659a84e0067ca311381014,Cortinarius,,,ominosus,Cortinarius ominosus
07279fedfaae1d44f6659a84e0067ca311381014,Cortinarius,,,ominosus,Cortinarius ominosus
07279fedfaae1d44f6659a84e0067ca311381014,Cortinarius,,,ominosus,Cortinarius ominosus
07279fedfaae1d44f6659a84e0067ca311381014,Cortinarius,,,ominosus,Cortinarius ominosus
07279fedfaae1d44f6659a84e0067ca311381014,Cortinarius,,,ominosus,Cortinarius ominosus
07279fedfaae1d44f6659a84e0067ca311381014,Cortinarius,,,ominosus,Cortinarius ominosus
07279fedfaae1d44f6659a84e0067ca311381014,Cortinarius,,,ominosus,Cortinarius ominosus
07279fedfaae1d44f6659a84e0067ca311381014,Cortinarius,,,ominosus,Cortinarius ominosus
07279fedfaae1d44f6659a84e0067ca311381014,Cortinarius,,,ominosus,Cortinarius ominosus
07279fedfaae1d44f6659a84e0067ca311381014,Cortinarius,,,ominosus,Cortinarius ominosus
07279fedfaae1d44f6659a84e0067ca311381014,Cortinarius,,,ominosus,Cortinarius ominosus
07279fedfaae1d44f6659a84e0067ca311381014,Cortinarius,,,ominosus,Cortinarius ominosus
07279fedfaae1d44f6659a84e0067ca311381014,Cortinarius,,,ominosus,Cortinarius ominosus
07279fedfaae1d44f6659a84e0067ca311381014,Cortinarius,,,ominosus,Cortinarius ominosus
07279fedfaae1d44f6659a84e0067ca311381014,Cortinarius,,,ominosus,Cortinarius ominosus
07279fedfaae1d44f6659a84e0067ca311381014,Cortinarius,,,ominosus,Cortinarius ominosus
07279fedfaae1d44f6659a84e0067ca311381014,Cortinarius,,,ominosus,Cortinarius ominosus
07279fedfaae1d44f6659a84e0067ca311381014,Cortinarius,,,ominosus,Cortinarius ominosus
07279fedfaae1d44f6659a84e0067ca311381014,Cortinarius,,,ominosus,Cortinarius ominosus
07279fedfaae1d44f6659a84e0067ca311381014,Cortinarius,,,ominosus,Cortinarius ominosus
07279fedfaae1d44f6659a84e0067ca311381014,Cortinarius,,,ominosus,Cortinarius ominosus
0ac1d85139ec1dcf6b5f545fa243d7cb4f223740,Cortinarius,,,ominosus,Cortinarius ominosus
0f5f09d6eb34812f4df29673c4de3b11d4da7a7a,Cortinarius,,,ominosus,Cortinarius ominosus
1024e36f50a5b458eda84a9622ad459ceffefea8,Cortinarius,,,ominosus,Cortinarius ominosus
17b4344f73a3bb182735405f60bc76a3cf238b4a,Cortinarius,,,ominosus,Cortinarius ominosus
1a18f0d78147fa2c3556b9dd9307195f3162e7a3,Cortinarius,,,ominosus,Cortinarius ominosus
1a18f0d78147fa2c3556b9dd9307195f3162e7a3,Cortinarius,,,ominosus,Cortinarius ominosus
1a18f0d78147fa2c3556b9dd9307195f3162e7a3,Cortinarius,,,ominosus,Cortinarius ominosus
24d43b23d56f7caf70c2cb9caa92bb61b5d52b6a,Cortinarius,,,ominosus,Cortinarius ominosus
2610c47822813b50d696757fb9292d7b795176ef,Cortinarius,,,ominosus,Cortinarius ominosus
2716ea6640227f69dbdc4a76ef775dfaba6c1836,Cortinarius,,,ominosus,Cortinarius ominosus
2716ea6640227f69dbdc4a76ef775dfaba6c1836,Cortinarius,,,ominosus,Cortinarius ominosus
2716ea6640227f69dbdc4a76ef775dfaba6c1836,Cortinarius,,,ominosus,Cortinarius ominosus
2716ea6640227f69dbdc4a76ef775dfaba6c1836,Cortinarius,,,ominosus,Cortinarius ominosus
2716ea6640227f69dbdc4a76ef775dfaba6c1836,Cortinarius,,,ominosus,Cortinarius ominosus
2716ea6640227f69dbdc4a76ef775dfaba6c1836,Cortinarius,,,ominosus,Cortinarius ominosus
2716ea6640227f69dbdc4a76ef775dfaba6c1836,Cortinarius,,,ominosus,Cortinarius ominosus
2716ea6640227f69dbdc4a76ef775dfaba6c1836,Cortinarius,,,ominosus,Cortinarius ominosus
2716ea6640227f69dbdc4a76ef775dfaba6c1836,Cortinarius,,,ominosus,Cortinarius ominosus
2716ea6640227f69dbdc4a76ef775dfaba6c1836,Cortinarius,,,ominosus,Cortinarius ominosus
2716ea6640227f69dbdc4a76ef775dfaba6c1836,Cortinarius,,,ominosus,Cortinarius ominosus
2716ea6640227f69dbdc4a76ef775dfaba6c1836,Cortinarius,,,ominosus,Cortinarius ominosus
2716ea6640227f69dbdc4a76ef775dfaba6c1836,Cortinarius,,,ominosus,Cortinarius ominosus
2716ea6640227f69dbdc4a76ef775dfaba6c1836,Cortinarius,,,ominosus,Cortinarius ominosus
2716ea6640227f69dbdc4a76ef775dfaba6c1836,Cortinarius,,,ominosus,Cortinarius ominosus
316983694319d24de9fb0bd1c384ed052f39dde0,Cortinarius,,,ominosus,Cortinarius ominosus
33f6fa783d5199b1cdeb0f2fe1046f8fa47b2a4f,Cortinarius,,,ominosus,Cortinarius ominosus
3dc2a418759fe7dd194cf46ef28990bcdcb4e078,Cortinarius,,,ominosus,Cortinarius ominosus
4675b3d75ae142162fc7f65ad3b98d9529a03654,Cortinarius,,,ominosus,Cortinarius ominosus
5b06adc806858a2bedb56754f0a35f345bd59755,Cortinarius,,,ominosus,Cortinarius ominosus
5e95504f0125aff73c88485c8fe6637578e15abb,Cortinarius,,,ominosus,Cortinarius ominosus
61490f4f27f90b3ab0b0399b46ef0d8a18a314bd,Cortinarius,,,ominosus,Cortinarius ominosus
656ae0b8d27f96345a8addf4bb4551c96abaff81,Cortinarius,,,ominosus,Cortinarius ominosus
722d623d66bced20d58dee5df3c17bf36bef39fc,Cortinarius,,,ominosus,Cortinarius ominosus
7a9dbc8804a1f58014b0373a79890c0009248ff3,Cortinarius,,,ominosus,Cortinarius ominosus
7ced39d130932e7eb6f72d943a1b3f6e00feef5b,Cortinarius,,,ominosus,Cortinarius ominosus
7e3966265968a593834d8740f19e5976ac58a9f6,Cortinarius,,,ominosus,Cortinarius ominosus
82ca8ad1813e0b8818476b5411363d2dae68d292,Cortinarius,,,ominosus,Cortinarius ominosus
8a5cc154dcc3f1a2ab5f899819253c2557985d11,Cortinarius,,,ominosus,Cortinarius ominosus
970fa1b056755e43a26028ebc046cad90e6a95a9,Cortinarius,,,ominosus,Cortinarius ominosus
970fa1b056755e43a26028ebc046cad90e6a95a9,Cortinarius,,,ominosus,Cortinarius ominosus
970fa1b056755e43a26028ebc046cad90e6a95a9,Cortinarius,,,ominosus,Cortinarius ominosus
970fa1b056755e43a26028ebc046cad90e6a95a9,Cortinarius,,,ominosus,Cortinarius ominosus
970fa1b056755e43a26028ebc046cad90e6a95a9,Cortinarius,,,ominosus,Cortinarius ominosus
970fa1b056755e43a26028ebc046cad90e6a95a9,Cortinarius,,,ominosus,Cortinarius ominosus
970fa1b056755e43a26028ebc046cad90e6a95a9,Cortinarius,,,ominosus,Cortinarius ominosus
970fa1b056755e43a26028ebc046cad90e6a95a9,Cortinarius,,,ominosus,Cortinarius ominosus
970fa1b056755e43a26028ebc046cad90e6a95a9,Cortinarius,,,ominosus,Cortinarius ominosus
970fa1b056755e43a26028ebc046cad90e6a95a9,Cortinarius,,,ominosus,Cortinarius ominosus
970fa1b056755e43a26028ebc046cad90e6a95a9,Cortinarius,,,ominosus,Cortinarius ominosus
970fa1b056755e43a26028ebc046cad90e6a95a9,Cortinarius,,,ominosus,Cortinarius ominosus
970fa1b056755e43a26028ebc046cad90e6a95a9,Cortinarius,,,ominosus,Cortinarius ominosus
970fa1b056755e43a26028ebc046cad90e6a95a9,Cortinarius,,,ominosus,Cortinarius ominosus
970fa1b056755e43a26028ebc046cad90e6a95a9,Cortinarius,,,ominosus,Cortinarius ominosus
970fa1b056755e43a26028ebc046cad90e6a95a9,Cortinarius,,,ominosus,Cortinarius ominosus
970fa1b056755e43a26028ebc046cad90e6a95a9,Cortinarius,,,ominosus,Cortinarius ominosus
970fa1b056755e43a26028ebc046cad90e6a95a9,Cortinarius,,,ominosus,Cortinarius ominosus
970fa1b056755e43a26028ebc046cad90e6a95a9,Cortinarius,,,ominosus,Cortinarius ominosus
970fa1b056755e43a26028ebc046cad90e6a95a9,Cortinarius,,,ominosus,Cortinarius ominosus
996bead18d992be60157de213d73950eaad455db,Cortinarius,,,ominosus,Cortinarius ominosus
a6b22c3ebe2a5dbaae5b517b5b3675e20623c96e,Cortinarius,,,ominosus,Cortinarius ominosus
b6f1dbc44b4f70fc2878fcee0405fe5707ec624b,Cortinarius,,,ominosus,Cortinarius ominosus
d6c286931d56ee51aa5ec6c244966448ba73cfba,Cortinarius,,,ominosus,Cortinarius ominosus
de987ba1a657d35144caecc158fec9ff06f4181e,Cortinarius,,,ominosus,Cortinarius ominosus
e104f80734cabd6a27340bf607f070a7a9ba1482,Cortinarius,,,ominosus,Cortinarius ominosus
fa90b993c7b7aaf6a82c27fc70df78f46148af59,Cortinarius,,,ominosus,Cortinarius ominosus
f26accd2fdcd9eb9d31738d5f40e4462f3aea422,Cortinarius,,,orasericeus,Cortinarius orasericeus
e389140f6b379d54cee705cc5f22b4dccfde9923,Cortinarius,aff,2,pallidostriatus,Cortinarius pallidostriatus
4c7cf351922a4123eecca832a7f2b96e17828540,Cortinarius,aff,3,pallidostriatus,Cortinarius pallidostriatus
162eb41cf5b9b2a9c2b8a3da17f135d76176718b,Cortinarius,aff,4,pallidostriatus,Cortinarius pallidostriatus
0483dde138c684c66c14f4012b83583fabb4243f,Cortinarius,aff,5,pallidostriatus,Cortinarius pallidostriatus
1c30ae9f45e1808719856586e4d65c375a5c428b,Cortinarius,aff,5,pallidostriatus,Cortinarius pallidostriatus
d6366746ac834352837668a09fb948213611bcce,Cortinarius,aff,5,pallidostriatus,Cortinarius pallidostriatus
c7494aa40a1f01ccd4997743ae9c640318eaf028,Cortinarius,aff,6,pallidostriatus,Cortinarius pallidostriatus
6dda600579139bba766d118d468ddb226f56d965,Cortinarius,aff,7,pallidostriatus,Cortinarius pallidostriatus
f41472a874a98e1655c190966c41e1a3288db4f2,Cortinarius,aff,8,pallidostriatus,Cortinarius pallidostriatus
01165da263781295b35accac8b541e771235b8a7,Cortinarius,,,pallidostriatus,Cortinarius pallidostriatus
1333571762f45a7b87ddfce862f6cc44e4c0b7de,Cortinarius,,,pallidostriatus,Cortinarius pallidostriatus
60514202e300db328cb26bd0afe7eca939add2db,Cortinarius,aff,,pallidostriatus,Cortinarius pallidostriatus
1aecc2aa78d4c162ab4ca84872ebde1a98e53e39,Cortinarius,aff,2,parvannulatus,Cortinarius parvannulatus
258a008615aa51f75491b88bbe61a6b9d274ce49,Cortinarius,aff,2,parvannulatus,Cortinarius parvannulatus
26bbf9d80e1e174c8796c9abc52c9ebd351ea24b,Cortinarius,aff,2,parvannulatus,Cortinarius parvannulatus
3889ec2b6bce7ae838b310d682bf4189edf74a83,Cortinarius,aff,2,parvannulatus,Cortinarius parvannulatus
87cebea26759f90b649ba3391a520f067cdd79d4,Cortinarius,aff,2,parvannulatus,Cortinarius parvannulatus
91dde676f536cbfe73212dee43cc11bab5a2bc02,Cortinarius,aff,2,parvannulatus,Cortinarius parvannulatus
91dde676f536cbfe73212dee43cc11bab5a2bc02,Cortinarius,aff,2,parvannulatus,Cortinarius parvannulatus
36462877eeb11304d70338963e5891dd29fa5dc8,Cortinarius,aff,3,parvannulatus,Cortinarius parvannulatus
129db7e85528d5f42eb611ab5e90535e6e0581a5,Cortinarius,aff,,parvannulatus,Cortinarius parvannulatus
28228f8779f63738389b4766fd25083b4820b6c6,Cortinarius,aff,,parvannulatus,Cortinarius parvannulatus
77b6f961a047131374a9c6f5af0bf52d08a08af1,Cortinarius,aff,,parvannulatus,Cortinarius parvannulatus
77b6f961a047131374a9c6f5af0bf52d08a08af1,Cortinarius,aff,,parvannulatus,Cortinarius parvannulatus
77b6f961a047131374a9c6f5af0bf52d08a08af1,Cortinarius,aff,,parvannulatus,Cortinarius parvannulatus
a47860508460f6eaf8c4f7e4698a35e74b6b7145,Cortinarius,aff,,parvannulatus,Cortinarius parvannulatus
6a7239643cd64a11003f7e7edd09f1d558dadf6a,Cortinarius,,,pelargoniostriatulus,Cortinarius pelargoniostriatulus
6a7239643cd64a11003f7e7edd09f1d558dadf6a,Cortinarius,,,pelargoniostriatulus,Cortinarius pelargoniostriatulus
27aca57e1832e248230afc7320d11a8386591ba4,Cortinarius,,,pellstonianus,Cortinarius pellstonianus
41d2ba84e24b3fc9e5103a81720d4cc849644840,Cortinarius,,,pellstonianus,Cortinarius pellstonianus
589daf476f3aa5bd8c2847ccde4a4067a378e57d,Cortinarius,,,pellstonianus,Cortinarius pellstonianus
58bd82d82641dab705b44a8e687f4ddb7dd21443,Cortinarius,,,pellstonianus,Cortinarius pellstonianus
7028d7d0032ec5e88157e8c04aa83e35ab91221d,Cortinarius,,,pellstonianus,Cortinarius pellstonianus
73e16ee1df00ac18439be09c473a5f653d2f6a8f,Cortinarius,,,pellstonianus,Cortinarius pellstonianus
8a392a40483f5625b3e3a6a3bfc6d059157ed7be,Cortinarius,,,pellstonianus,Cortinarius pellstonianus
e62307be2d5922ea1207078d5d65c56e95e1bef5,Cortinarius,,,pellstonianus,Cortinarius pellstonianus
f45738f199cfe50a8e24a5713b5580d49d10086d,Cortinarius,,,pellstonianus,Cortinarius pellstonianus
f8b73bd20435bdb470d3b264e9b4715d26631032,Cortinarius,,,pellstonianus,Cortinarius pellstonianus
58c549cd7f0a5df2e01662fc083e584928f75c83,Cortinarius,,2,poirieri,Cortinarius poirieri
dfff3e41fe8ae49fb724da1795024f3ee7fec2a4,Cortinarius,aff,2,poirieri,Cortinarius poirieri
05cee73d3a3f1b316e248776f35051a8f5b36541,Cortinarius,,,poirieri,Cortinarius poirieri
296fd5445f8759a7f20f22819ba7b04f298ac5a0,Cortinarius,,,poirieri,Cortinarius poirieri
2c24df08cf912261cfed7617850d7a0910b2d566,Cortinarius,,,poirieri,Cortinarius poirieri
3dce6617eff9da4e04d8d2d350fbeb19415f7694,Cortinarius,,,poirieri,Cortinarius poirieri
5323b1cfb1ac750ad9e720ff7c1ee9dfdbf55eb2,Cortinarius,,,poirieri,Cortinarius poirieri
7b84e2b5237846ca1c5c1393777c5fd4d7c7bd38,Cortinarius,,,poirieri,Cortinarius poirieri
7d72431f12681cb233d1711a485bf9a11ed87921,Cortinarius,,,poirieri,Cortinarius poirieri
8b7a921a67461031417c345fe4dcc6a2f244422e,Cortinarius,,,poirieri,Cortinarius poirieri
93a486dd3770f2ffd91e21b7164f10516ae70005,Cortinarius,,,poirieri,Cortinarius poirieri
a5476c23f694e3d77e2e94324732500231674579,Cortinarius,,,poirieri,Cortinarius poirieri
b50c99e831464c2e3f874a8c093bb85862db76a0,Cortinarius,aff,,poirieri,Cortinarius poirieri
c747a4092aaa23e479943e7ec0ad1ac9b63cd646,Cortinarius,,,poirieri,Cortinarius poirieri
5f08f506c303f18ef892f0df55f075c67084fc98,Cortinarius,,,populinus,Cortinarius populinus
cdf30622be9483a35d60f05d13406b43a18b288c,Cortinarius,aff,,pseudobovinus,Cortinarius pseudobovinus
cf3a4f01d9279f7865aa86d16bb8edb5eeb0781c,Cortinarius,aff,,pseudobovinus,Cortinarius pseudobovinus
f25d7ec1ed724b526250d5eea0f55819ca701694,Cortinarius,aff,,pseudobovinus,Cortinarius pseudobovinus
628ff807937bda63043bd7524b8d9ea853622037,Cortinarius,cf,,pseudorusticus,Cortinarius pseudorusticus
c573923e67d605895231f9113fe63e683d37abfd,Cortinarius,aff,,punctatoides,Cortinarius punctatoides
05e34e8711345fb946e4c498ba1fe1c1c52459a1,Cortinarius,,,raphanoides,Cortinarius raphanoides
05e34e8711345fb946e4c498ba1fe1c1c52459a1,Cortinarius,,,raphanoides,Cortinarius raphanoides
05e34e8711345fb946e4c498ba1fe1c1c52459a1,Cortinarius,,,raphanoides,Cortinarius raphanoides
05e34e8711345fb946e4c498ba1fe1c1c52459a1,Cortinarius,,,raphanoides,Cortinarius raphanoides
05e34e8711345fb946e4c498ba1fe1c1c52459a1,Cortinarius,,,raphanoides,Cortinarius raphanoides
05e34e8711345fb946e4c498ba1fe1c1c52459a1,Cortinarius,,,raphanoides,Cortinarius raphanoides
05e34e8711345fb946e4c498ba1fe1c1c52459a1,Cortinarius,,,raphanoides,Cortinarius raphanoides
1c2de416aa1e9f4b8924311c263f3a2db0e752f3,Cortinarius,,,raphanoides,Cortinarius raphanoides
1dc9b9ece24fdf6a6529083423cc6ce416f6442f,Cortinarius,,,raphanoides,Cortinarius raphanoides
3cc2e7851a764cf114a509cf81be003a1cd23882,Cortinarius,,,raphanoides,Cortinarius raphanoides
49b644f341d182b2531763000ddf7478867d951c,Cortinarius,,,raphanoides,Cortinarius raphanoides
59009be2e8322ec914430e5e3d81d5bf3d2c9085,Cortinarius,,,raphanoides,Cortinarius raphanoides
74c3b032d5491a4e0070fa85db9d54a762675835,Cortinarius,,,raphanoides,Cortinarius raphanoides
970e6eec98fc2c58fb6688fc1c7ef4c3f3698339,Cortinarius,,,raphanoides,Cortinarius raphanoides
970e6eec98fc2c58fb6688fc1c7ef4c3f3698339,Cortinarius,,,raphanoides,Cortinarius raphanoides
970e6eec98fc2c58fb6688fc1c7ef4c3f3698339,Cortinarius,,,raphanoides,Cortinarius raphanoides
970e6eec98fc2c58fb6688fc1c7ef4c3f3698339,Cortinarius,,,raphanoides,Cortinarius raphanoides
970e6eec98fc2c58fb6688fc1c7ef4c3f3698339,Cortinarius,,,raphanoides,Cortinarius raphanoides
a969597aa19377df944be4cf55caa62a008057d7,Cortinarius,,,raphanoides,Cortinarius raphanoides
b7b5e529e9fd36eba4a3148841e7ce8a918e63a3,Cortinarius,,,raphanoides,Cortinarius raphanoides
c32efa20e4d3b451a38240458b86cc9569d7b925,Cortinarius,,,raphanoides,Cortinarius raphanoides
c390e071c4a31cad21c5eed70917213e89138b67,Cortinarius,,,raphanoides,Cortinarius raphanoides
d3f1e91e18f96a739fd10b2178d84a76ad27d24f,Cortinarius,,,raphanoides,Cortinarius raphanoides
d6f5196b113b17fa93165ce1b34056fc4a329adc,Cortinarius,,,raphanoides,Cortinarius raphanoides
e7f114c962502ef5aa38a89f927ec6b39b504952,Cortinarius,,,raphanoides,Cortinarius raphanoides
fbf0763ddeb37e0c2972c3ccadb1c8182836fd3b,Cortinarius,,,raphanoides,Cortinarius raphanoides
c68fc73ca5fdffba7c753e5eba078a313b8154cf,Cortinarius,,,roseoarmillatus,Cortinarius roseoarmillatus
0527f3844f99528bc417121db731a62e36f1d17f,Cortinarius,aff,,roseobasilis,Cortinarius roseobasilis
05f1dfbbff1cf6245fb51168c312559fc5299dd0,Cortinarius,aff,,roseobasilis,Cortinarius roseobasilis
09b2e40de6ddbe484d83ecfb813672366ec23e63,Cortinarius,aff,,roseobasilis,Cortinarius roseobasilis
4ebc1f338529705134a3fed32dce937128a230fd,Cortinarius,aff,,roseobasilis,Cortinarius roseobasilis
4ebc1f338529705134a3fed32dce937128a230fd,Cortinarius,aff,,roseobasilis,Cortinarius roseobasilis
fc6ebd579ac4719b84d64fca6930cd3ec733e02a,Cortinarius,,,sanguineus,Cortinarius sanguineus
001b2e95abb215c39e0607adee444563e66b0aff,Cortinarius,,,saniosus,Cortinarius saniosus
041768141fda7e59cc4e9018251c0c4745bb8d78,Cortinarius,aff,,saniosus,Cortinarius saniosus
504e459e0af07e79ed2133d801d7b35ec9d110f4,Cortinarius,aff,,saniosus,Cortinarius saniosus
609a2c66cc72b261c121b5967de888036b648b05,Cortinarius,,,saniosus,Cortinarius saniosus
b730a6c5a2709fb728dcf9a160eac9c5f5dba09c,Cortinarius,,,saniosus,Cortinarius saniosus
b730a6c5a2709fb728dcf9a160eac9c5f5dba09c,Cortinarius,,,saniosus,Cortinarius saniosus
c8c72812441be7eb6e4bc03b6b78abb5500e8bb5,Cortinarius,,,saniosus,Cortinarius saniosus
e65ee4087c8ca6de868752d1fa6d6ab70b835c68,Cortinarius,aff,,saniosus,Cortinarius saniosus
f49b030d63c4ffe38eadca8a28d229fb47c6460d,Cortinarius,,,saniosus,Cortinarius saniosus
f49b030d63c4ffe38eadca8a28d229fb47c6460d,Cortinarius,,,saniosus,Cortinarius saniosus
270c1ebdcd98244e3fb05f6f803ad9c0669f6e78,Cortinarius,,,septentrionalis,Cortinarius septentrionalis
4377c8a7996c1dfa957e5aa388df26b203497baa,Cortinarius,,,septentrionalis,Cortinarius septentrionalis
db735269909535fc25e548a852f36efbc06d0dc7,Cortinarius,,,septentrionalis,Cortinarius septentrionalis
1cc68d5b909f072597bb2a12e495ecf141b7e4f7,Cortinarius,,,sphagnogena,Cortinarius sphagnogena
878e28764cffe026daffe45142cfbcb9e22c46f7,Cortinarius,,,sphagnogena,Cortinarius sphagnogena
9fbe39d00de60d638abe242f1c9bd13083a8ecb8,Cortinarius,,,sphagnogena,Cortinarius sphagnogena
a33c5436f217207a458d18b1251ac3353fc0d894,Cortinarius,,,sphagnogena,Cortinarius sphagnogena
a547a94e8d2d2ee34075f18096422c9f60a02cf7,Cortinarius,,,sphagnogena,Cortinarius sphagnogena
49862fab7659d37934ba4d8fd3caae1aa14aa88a,Cortinarius,,,sphagnoravus,Cortinarius sphagnoravus
52eec45a0fd2da0171577fd23494b741791005a9,Cortinarius,,,sphagnoravus,Cortinarius sphagnoravus
a1e70c30c7b5d4e0d5bdc673568bca5858bd5c73,Cortinarius,,,sphagnoravus,Cortinarius sphagnoravus
c63050fd8d6992751491abd30895b05bb8361e22,Cortinarius,,,sphagnoravus,Cortinarius sphagnoravus
d82c7420cbc09c0fead1e6c5eb99ce3659772d4c,Cortinarius,,,sphagnoravus,Cortinarius sphagnoravus
e18399821b20388d3603e3a6d2b1a595ebab48d3,Cortinarius,,,sphagnoravus,Cortinarius sphagnoravus
e18399821b20388d3603e3a6d2b1a595ebab48d3,Cortinarius,,,sphagnoravus,Cortinarius sphagnoravus
ed862836f1d5a3921fd2358d4d338fcf6613f173,Cortinarius,,,sphagnoravus,Cortinarius sphagnoravus
f2d7b97651b7c558515591ee32c186a042da1324,Cortinarius,,,sphagnoravus,Cortinarius sphagnoravus
f2d7b97651b7c558515591ee32c186a042da1324,Cortinarius,,,sphagnoravus,Cortinarius sphagnoravus
f2d7b97651b7c558515591ee32c186a042da1324,Cortinarius,,,sphagnoravus,Cortinarius sphagnoravus
f2d7b97651b7c558515591ee32c186a042da1324,Cortinarius,,,sphagnoravus,Cortinarius sphagnoravus
f2d7b97651b7c558515591ee32c186a042da1324,Cortinarius,,,sphagnoravus,Cortinarius sphagnoravus
3a63a4622928eab03109ab2334bdc3a0646a8251,Cortinarius,cf,,spilomeus,Cortinarius spilomeus
0282914c8d15a17cf659e3dc215b3217035a24c9,Cortinarius,,,subacutus,Cortinarius subacutus
04c1a99b2773823e6403503f4721b842f86e91ab,Cortinarius,,,subacutus,Cortinarius subacutus
102b147cbe0adec5d299c4dadcb7ccd29663dd7e,Cortinarius,,,subacutus,Cortinarius subacutus
102b147cbe0adec5d299c4dadcb7ccd29663dd7e,Cortinarius,,,subacutus,Cortinarius subacutus
102b147cbe0adec5d299c4dadcb7ccd29663dd7e,Cortinarius,,,subacutus,Cortinarius subacutus
15a7939684c00e929cc615e4b67bae7e163e83f3,Cortinarius,,,subacutus,Cortinarius subacutus
160624d67fc4bbfa7151e0407b10e859dc02b296,Cortinarius,,,subacutus,Cortinarius subacutus
160624d67fc4bbfa7151e0407b10e859dc02b296,Cortinarius,,,subacutus,Cortinarius subacutus
16c16737f54f37738f3e7f77b39968d062c14250,Cortinarius,,,subacutus,Cortinarius subacutus
19ee396cbbc5ce5d22e7df6d1904eebf87f6988b,Cortinarius,,,subacutus,Cortinarius subacutus
2f15306a7835383ecf00b9137a645c2002f71418,Cortinarius,,,subacutus,Cortinarius subacutus
339a3b990305dda67f727f5991198c63d3481e31,Cortinarius,,,subacutus,Cortinarius subacutus
3e7291d5c261b54a9700b9bebde4658fea57f1d2,Cortinarius,,,subacutus,Cortinarius subacutus
42de7e9d68139fec02ade189b2168761ed3766cb,Cortinarius,,,subacutus,Cortinarius subacutus
680ec1620c5ec02db881b2cea56f63d8acc78f95,Cortinarius,,,subacutus,Cortinarius subacutus
69f8d293ee801f530cbb6e650f497feb4f0d9c58,Cortinarius,,,subacutus,Cortinarius subacutus
87cad19582ba217e2b5e3e4dde007389411d6aac,Cortinarius,,,subacutus,Cortinarius subacutus
bcabccaf3cd829a73d0f570b8248406a93533251,Cortinarius,,,subacutus,Cortinarius subacutus
cf24632ff710bdee967f519f4627faaaa1a3aa82,Cortinarius,,,subacutus,Cortinarius subacutus
e06f01ec0183d950764f133b8b167de5e6457666,Cortinarius,,,subacutus,Cortinarius subacutus
f124ed52d3eaf30bb2c414a9d7180f2bd1bbaab4,Cortinarius,,,subacutus,Cortinarius subacutus
f39ee98eac4a6f051b1b25c442990cc8448e12d2,Cortinarius,,,subacutus,Cortinarius subacutus
f97afc44af14b43080ac68da6627630269a0ae11,Cortinarius,,,subacutus,Cortinarius subacutus
1f2f8190ee07805bd4817ebc5a48ebe503f34f71,Cortinarius,aff,2,suberi,Cortinarius suberi
2600e8bf5232cd89f82787e669cec66a159ba642,Cortinarius,,,suberi,Cortinarius suberi
26b19369ab0b80f3483bd0799913a78aac313973,Cortinarius,,,suberi,Cortinarius suberi
26b19369ab0b80f3483bd0799913a78aac313973,Cortinarius,,,suberi,Cortinarius suberi
26b19369ab0b80f3483bd0799913a78aac313973,Cortinarius,,,suberi,Cortinarius suberi
26b19369ab0b80f3483bd0799913a78aac313973,Cortinarius,,,suberi,Cortinarius suberi
68be3d074044a3dd5a0cf6378ef1f8062d2e5ac4,Cortinarius,,,suberi,Cortinarius suberi
8577f219c92bc346e4e833a4d61f3c8c3eb2c938,Cortinarius,aff,,suberi,Cortinarius suberi
11ab45571ad41c52bc0b397ca7dc00f8207214a7,Cortinarius,,,subfloccopus,Cortinarius subfloccopus
201ce4c4b7d55ac8fe365c29ba1a71e39437c8dd,Cortinarius,,,subfloccopus,Cortinarius subfloccopus
20b9d79ba8df6359f5e48ca1d7fe231091dc87ef,Cortinarius,,,subfloccopus,Cortinarius subfloccopus
4121e72ecb57a07194a202e2de2ab6bb3ce448e9,Cortinarius,,,subfloccopus,Cortinarius subfloccopus
4121e72ecb57a07194a202e2de2ab6bb3ce448e9,Cortinarius,,,subfloccopus,Cortinarius subfloccopus
4121e72ecb57a07194a202e2de2ab6bb3ce448e9,Cortinarius,,,subfloccopus,Cortinarius subfloccopus
4121e72ecb57a07194a202e2de2ab6bb3ce448e9,Cortinarius,,,subfloccopus,Cortinarius subfloccopus
4121e72ecb57a07194a202e2de2ab6bb3ce448e9,Cortinarius,,,subfloccopus,Cortinarius subfloccopus
428ca01db5df4252ffd60beb69a899bf7fcc8514,Cortinarius,,,subfloccopus,Cortinarius subfloccopus
4cd9dd0557d37f824bd4ce74617bd8d34a8ab810,Cortinarius,,,subfloccopus,Cortinarius subfloccopus
82e999fe11f269c93b089a7a96f06523002c45e8,Cortinarius,,,subfloccopus,Cortinarius subfloccopus
d5b25c6c0b48552d75a754ebea1e16233a2de978,Cortinarius,,,subfloccopus,Cortinarius subfloccopus
df5f12977f994c4d68ea69a9036de69f4323e1d3,Cortinarius,,,subfloccopus,Cortinarius subfloccopus
f3149adec0ccebbaf061514b20a47621107393f2,Cortinarius,,,subfloccopus,Cortinarius subfloccopus
fc10d7d6b381d0c47079ff6d24ad36382f0ab439,Cortinarius,,,subfloccopus,Cortinarius subfloccopus
6f89797cf45c82622cd7b8eb590dabeb5a5f5121,Cortinarius,,,subminiatopus,Cortinarius subminiatopus
34302f95584228e83973f31bc34ed48abc9f558c,Cortinarius,,,subobtusus,Cortinarius subobtusus
449996f51637ddac7c637056460fda2b44ebcd1f,Cortinarius,,,subobtusus,Cortinarius subobtusus
ef25de944253f383b5e8768f19a7fec048a9df86,Cortinarius,,,subobtusus,Cortinarius subobtusus
1ee4d6f113ffd304e766a5628acd3861f86d5d38,Cortinarius,,,suboenochelis,Cortinarius suboenochelis
07d2c107052daeb600ca5cc3129066da2d7e5033,Cortinarius,,,subpenicillatus,Cortinarius subpenicillatus
07d2c107052daeb600ca5cc3129066da2d7e5033,Cortinarius,,,subpenicillatus,Cortinarius subpenicillatus
07d7f210bc980298f0b4b73ab18260a734fd5700,Cortinarius,,,subpenicillatus,Cortinarius subpenicillatus
08f6dc199e8cf00bfb61f2b5aec7277511f7338e,Cortinarius,,,subpenicillatus,Cortinarius subpenicillatus
08f6dc199e8cf00bfb61f2b5aec7277511f7338e,Cortinarius,,,subpenicillatus,Cortinarius subpenicillatus
08f6dc199e8cf00bfb61f2b5aec7277511f7338e,Cortinarius,,,subpenicillatus,Cortinarius subpenicillatus
16bdf1be12262493d3189c4a87927c4ea71e4581,Cortinarius,,,subpenicillatus,Cortinarius subpenicillatus
1eff0b372d662a3c8923066d0d002409971463e0,Cortinarius,,,subpenicillatus,Cortinarius subpenicillatus
2fdef08d6b6b3c4082305c9f75845166c23803fc,Cortinarius,,,subpenicillatus,Cortinarius subpenicillatus
30208166c7340606222539236f3b7af990240413,Cortinarius,,,subpenicillatus,Cortinarius subpenicillatus
68644164d00ef02e4b8bea4cee21817f2002c6e7,Cortinarius,,,subpenicillatus,Cortinarius subpenicillatus
74765c7930b499b4f8afd5fcd61ccbe311fe7efa,Cortinarius,,,subpenicillatus,Cortinarius subpenicillatus
90f7e6cafc2870e5cfad382871bf381b88e28f40,Cortinarius,,,subpenicillatus,Cortinarius subpenicillatus
93933265d586a5abb498c210c8fd94f32de530d3,Cortinarius,,,subpenicillatus,Cortinarius subpenicillatus
9b206cea6b9d6b6617e7ad0ee3fa69fbe37fde09,Cortinarius,,,subpenicillatus,Cortinarius subpenicillatus
ab9042478723dfe91d0466ae8936e5b2eb9488c2,Cortinarius,,,subpenicillatus,Cortinarius subpenicillatus
fcdd6ce43e8adcf25a01ef172c6d751f89556bf5,Cortinarius,,,subpenicillatus,Cortinarius subpenicillatus
046dc0bcd78f2a8b18ca4864b857b1e8df955f0a,Cortinarius,aff,2,tabularis,Cortinarius tabularis
04e864a3bd510eb781cf8247921093cf19bcf2d8,Cortinarius,aff,2,tabularis,Cortinarius tabularis
05f1b4560b82f6c6568724542265adf92f315d21,Cortinarius,aff,2,tabularis,Cortinarius tabularis
07ab11fe1b162f7461d66c4c332765442b48a5bb,Cortinarius,aff,2,tabularis,Cortinarius tabularis
08a7064bd13dc52f2d099843f4f17c8d9a96fb0b,Cortinarius,aff,2,tabularis,Cortinarius tabularis
098a63f1d74f51c1a57451f2c62fb8ed2b0a829d,Cortinarius,aff,2,tabularis,Cortinarius tabularis
1801869bb90cb6abb46cd5026fa421815061c989,Cortinarius,aff,2,tabularis,Cortinarius tabularis
1c77cd83868597b43b740586a642ae3dfcf08647,Cortinarius,aff,2,tabularis,Cortinarius tabularis
26f783f808b3bf715b76fa5635b003c24d56bea2,Cortinarius,aff,2,tabularis,Cortinarius tabularis
27a3cc60a09bdb26dd91d6a45d434aed2810c9c8,Cortinarius,aff,2,tabularis,Cortinarius tabularis
3a959492defa23204bef8cbb8aaa60a9be023702,Cortinarius,aff,2,tabularis,Cortinarius tabularis
3a959492defa23204bef8cbb8aaa60a9be023702,Cortinarius,aff,2,tabularis,Cortinarius tabularis
3a959492defa23204bef8cbb8aaa60a9be023702,Cortinarius,aff,2,tabularis,Cortinarius tabularis
3a959492defa23204bef8cbb8aaa60a9be023702,Cortinarius,aff,2,tabularis,Cortinarius tabularis
3a959492defa23204bef8cbb8aaa60a9be023702,Cortinarius,aff,2,tabularis,Cortinarius tabularis
3a959492defa23204bef8cbb8aaa60a9be023702,Cortinarius,aff,2,tabularis,Cortinarius tabularis
3a959492defa23204bef8cbb8aaa60a9be023702,Cortinarius,aff,2,tabularis,Cortinarius tabularis
3a959492defa23204bef8cbb8aaa60a9be023702,Cortinarius,aff,2,tabularis,Cortinarius tabularis
3a959492defa23204bef8cbb8aaa60a9be023702,Cortinarius,aff,2,tabularis,Cortinarius tabularis
3a959492defa23204bef8cbb8aaa60a9be023702,Cortinarius,aff,2,tabularis,Cortinarius tabularis
3a959492defa23204bef8cbb8aaa60a9be023702,Cortinarius,aff,2,tabularis,Cortinarius tabularis
3a959492defa23204bef8cbb8aaa60a9be023702,Cortinarius,aff,2,tabularis,Cortinarius tabularis
3a959492defa23204bef8cbb8aaa60a9be023702,Cortinarius,aff,2,tabularis,Cortinarius tabularis
3a959492defa23204bef8cbb8aaa60a9be023702,Cortinarius,aff,2,tabularis,Cortinarius tabularis
3a959492defa23204bef8cbb8aaa60a9be023702,Cortinarius,aff,2,tabularis,Cortinarius tabularis
3a959492defa23204bef8cbb8aaa60a9be023702,Cortinarius,aff,2,tabularis,Cortinarius tabularis
3a959492defa23204bef8cbb8aaa60a9be023702,Cortinarius,aff,2,tabularis,Cortinarius tabularis
3a959492defa23204bef8cbb8aaa60a9be023702,Cortinarius,aff,2,tabularis,Cortinarius tabularis
3a959492defa23204bef8cbb8aaa60a9be023702,Cortinarius,aff,2,tabularis,Cortinarius tabularis
3a959492defa23204bef8cbb8aaa60a9be023702,Cortinarius,aff,2,tabularis,Cortinarius tabularis
3a959492defa23204bef8cbb8aaa60a9be023702,Cortinarius,aff,2,tabularis,Cortinarius tabularis
3a959492defa23204bef8cbb8aaa60a9be023702,Cortinarius,aff,2,tabularis,Cortinarius tabularis
3a959492defa23204bef8cbb8aaa60a9be023702,Cortinarius,aff,2,tabularis,Cortinarius tabularis
3a959492defa23204bef8cbb8aaa60a9be023702,Cortinarius,aff,2,tabularis,Cortinarius tabularis
3a959492defa23204bef8cbb8aaa60a9be023702,Cortinarius,aff,2,tabularis,Cortinarius tabularis
3a959492defa23204bef8cbb8aaa60a9be023702,Cortinarius,aff,2,tabularis,Cortinarius tabularis
3a959492defa23204bef8cbb8aaa60a9be023702,Cortinarius,aff,2,tabularis,Cortinarius tabularis
3ea20ab3f6b89290fd6e959fb13a766de775242a,Cortinarius,aff,2,tabularis,Cortinarius tabularis
4689a63719087f1a58dd061f17a346e86d5f9b5a,Cortinarius,aff,2,tabularis,Cortinarius tabularis
498ce7da0bf0bb2cd73805196a3ae044e0628756,Cortinarius,aff,2,tabularis,Cortinarius tabularis
54b83598e9f6615c267ea7706268433c210504c2,Cortinarius,aff,2,tabularis,Cortinarius tabularis
54b83598e9f6615c267ea7706268433c210504c2,Cortinarius,aff,2,tabularis,Cortinarius tabularis
54b83598e9f6615c267ea7706268433c210504c2,Cortinarius,aff,2,tabularis,Cortinarius tabularis
54b83598e9f6615c267ea7706268433c210504c2,Cortinarius,aff,2,tabularis,Cortinarius tabularis
54b83598e9f6615c267ea7706268433c210504c2,Cortinarius,aff,2,tabularis,Cortinarius tabularis
54b83598e9f6615c267ea7706268433c210504c2,Cortinarius,aff,2,tabularis,Cortinarius tabularis
54b83598e9f6615c267ea7706268433c210504c2,Cortinarius,aff,2,tabularis,Cortinarius tabularis
54b83598e9f6615c267ea7706268433c210504c2,Cortinarius,aff,2,tabularis,Cortinarius tabularis
54b83598e9f6615c267ea7706268433c210504c2,Cortinarius,aff,2,tabularis,Cortinarius tabularis
54b83598e9f6615c267ea7706268433c210504c2,Cortinarius,aff,2,tabularis,Cortinarius tabularis
54b83598e9f6615c267ea7706268433c210504c2,Cortinarius,aff,2,tabularis,Cortinarius tabularis
54b83598e9f6615c267ea7706268433c210504c2,Cortinarius,aff,2,tabularis,Cortinarius tabularis
54b83598e9f6615c267ea7706268433c210504c2,Cortinarius,aff,2,tabularis,Cortinarius tabularis
54b83598e9f6615c267ea7706268433c210504c2,Cortinarius,aff,2,tabularis,Cortinarius tabularis
875d22fe0d6255c882c0105041c183f7700371d2,Cortinarius,aff,2,tabularis,Cortinarius tabularis
97fbf37af9022f30c21201fd147277deb276b9e9,Cortinarius,aff,2,tabularis,Cortinarius tabularis
b18b05fdf22487a8f3798a39d50dbda181f8e5a1,Cortinarius,aff,2,tabularis,Cortinarius tabularis
bc57f683069cb90862469edd9b75609c0e60a13a,Cortinarius,aff,2,tabularis,Cortinarius tabularis
dc571221100e1f0f23e8e1ae0edc8efc8b9cd649,Cortinarius,aff,2,tabularis,Cortinarius tabularis
dc9041f38e09fa6dc1806ccfce5bc1c9139a93a6,Cortinarius,aff,2,tabularis,Cortinarius tabularis
e54f522b7ad8aeea211e94296fdff99f679956f3,Cortinarius,aff,2,tabularis,Cortinarius tabularis
f84e9b545de881ad9d9343d37b4e828fe7589f47,Cortinarius,aff,2,tabularis,Cortinarius tabularis
050b0e54930b62909daca4ed9ba10e5d4b5b8365,Cortinarius,,,tenuifulvescens,Cortinarius tenuifulvescens
050b0e54930b62909daca4ed9ba10e5d4b5b8365,Cortinarius,,,tenuifulvescens,Cortinarius tenuifulvescens
050b0e54930b62909daca4ed9ba10e5d4b5b8365,Cortinarius,,,tenuifulvescens,Cortinarius tenuifulvescens
050b0e54930b62909daca4ed9ba10e5d4b5b8365,Cortinarius,,,tenuifulvescens,Cortinarius tenuifulvescens
050b0e54930b62909daca4ed9ba10e5d4b5b8365,Cortinarius,,,tenuifulvescens,Cortinarius tenuifulvescens
050b0e54930b62909daca4ed9ba10e5d4b5b8365,Cortinarius,,,tenuifulvescens,Cortinarius tenuifulvescens
050b0e54930b62909daca4ed9ba10e5d4b5b8365,Cortinarius,,,tenuifulvescens,Cortinarius tenuifulvescens
096764cf09d8447fb78f5367695c46caa7b5a6e2,Cortinarius,,,tenuifulvescens,Cortinarius tenuifulvescens
1131c2f3d523401f7e20a55e2ab330a01294e18f,Cortinarius,,,tenuifulvescens,Cortinarius tenuifulvescens
1684cfe7369f39a50a3f801832dc4c4fd1fc6279,Cortinarius,,,tenuifulvescens,Cortinarius tenuifulvescens
6267fe9a54f247b86749cfaf76e8a417f0e34b81,Cortinarius,,,tenuifulvescens,Cortinarius tenuifulvescens
73924d221d612525e2ede6e59807f413b19477e1,Cortinarius,,,tenuifulvescens,Cortinarius tenuifulvescens
73924d221d612525e2ede6e59807f413b19477e1,Cortinarius,,,tenuifulvescens,Cortinarius tenuifulvescens
76ee429f0ae09011af4d1110791c535365b8e0eb,Cortinarius,,,tenuifulvescens,Cortinarius tenuifulvescens
78aee3d6a51fec59c76f2258ff9b2a1467889dbd,Cortinarius,aff,,tenuifulvescens,Cortinarius tenuifulvescens
91020490c932b2ea858ab8560647a9d0b673a93c,Cortinarius,,,tenuifulvescens,Cortinarius tenuifulvescens
91020490c932b2ea858ab8560647a9d0b673a93c,Cortinarius,,,tenuifulvescens,Cortinarius tenuifulvescens
91020490c932b2ea858ab8560647a9d0b673a93c,Cortinarius,,,tenuifulvescens,Cortinarius tenuifulvescens
91020490c932b2ea858ab8560647a9d0b673a93c,Cortinarius,,,tenuifulvescens,Cortinarius tenuifulvescens
91020490c932b2ea858ab8560647a9d0b673a93c,Cortinarius,,,tenuifulvescens,Cortinarius tenuifulvescens
91020490c932b2ea858ab8560647a9d0b673a93c,Cortinarius,,,tenuifulvescens,Cortinarius tenuifulvescens
91020490c932b2ea858ab8560647a9d0b673a93c,Cortinarius,,,tenuifulvescens,Cortinarius tenuifulvescens
91020490c932b2ea858ab8560647a9d0b673a93c,Cortinarius,,,tenuifulvescens,Cortinarius tenuifulvescens
91020490c932b2ea858ab8560647a9d0b673a93c,Cortinarius,,,tenuifulvescens,Cortinarius tenuifulvescens
bbce4410218aa219a46ed27a493c5e0642a131f6,Cortinarius,,,tenuifulvescens,Cortinarius tenuifulvescens
dc18961b207847e3c88b97f3f2d3ddf8b8ee05c7,Cortinarius,,,tenuifulvescens,Cortinarius tenuifulvescens
e6514262bc9811de7ffe618d8bb0d4adfb1f0bbb,Cortinarius,,,tenuifulvescens,Cortinarius tenuifulvescens
4fa75c3f4f1a489573cf6e050bfaa9cd5b50ffc9,Cortinarius,,,testaceofolius,Cortinarius testaceofolius
5c3e6bbc38e50cf4663774cfda8ef50441dbaea6,Cortinarius,,,testaceofolius,Cortinarius testaceofolius
5c3e6bbc38e50cf4663774cfda8ef50441dbaea6,Cortinarius,,,testaceofolius,Cortinarius testaceofolius
688a32da910290797f64ee6be64d3eca98face5e,Cortinarius,,,testaceofolius,Cortinarius testaceofolius
688a32da910290797f64ee6be64d3eca98face5e,Cortinarius,,,testaceofolius,Cortinarius testaceofolius
688a32da910290797f64ee6be64d3eca98face5e,Cortinarius,,,testaceofolius,Cortinarius testaceofolius
688a32da910290797f64ee6be64d3eca98face5e,Cortinarius,,,testaceofolius,Cortinarius testaceofolius
688a32da910290797f64ee6be64d3eca98face5e,Cortinarius,,,testaceofolius,Cortinarius testaceofolius
688a32da910290797f64ee6be64d3eca98face5e,Cortinarius,,,testaceofolius,Cortinarius testaceofolius
688a32da910290797f64ee6be64d3eca98face5e,Cortinarius,,,testaceofolius,Cortinarius testaceofolius
688a32da910290797f64ee6be64d3eca98face5e,Cortinarius,,,testaceofolius,Cortinarius testaceofolius
688a32da910290797f64ee6be64d3eca98face5e,Cortinarius,,,testaceofolius,Cortinarius testaceofolius
688a32da910290797f64ee6be64d3eca98face5e,Cortinarius,,,testaceofolius,Cortinarius testaceofolius
688a32da910290797f64ee6be64d3eca98face5e,Cortinarius,,,testaceofolius,Cortinarius testaceofolius
688a32da910290797f64ee6be64d3eca98face5e,Cortinarius,,,testaceofolius,Cortinarius testaceofolius
8d7695c13a6b7dee14f4dcc3512616fc1642f676,Cortinarius,,,testaceofolius,Cortinarius testaceofolius
8d7695c13a6b7dee14f4dcc3512616fc1642f676,Cortinarius,,,testaceofolius,Cortinarius testaceofolius
b5df6caae7b79fc9f2d39efc7c15c6fb7cf301c2,Cortinarius,,,testaceofolius,Cortinarius testaceofolius
b88e6dd943c1daf7dc7a51cd5859454fcf63ec80,Cortinarius,,,testaceofolius,Cortinarius testaceofolius
dbfeb41670adcbf83193b459cea04797a4701d67,Cortinarius,,,testaceofolius,Cortinarius testaceofolius
ebfc510435035ae2a484259b56fa24a10b126e68,Cortinarius,,,testaceofolius,Cortinarius testaceofolius
5468acef2e11f472b093de95eec6e5d55fe61535,Cortinarius,,,triumphans,Cortinarius triumphans
5468acef2e11f472b093de95eec6e5d55fe61535,Cortinarius,,,triumphans,Cortinarius triumphans
d756fb18a9618fa8f5eef0ac5e1b7b0772fc27e1,Cortinarius,,,tubarius,Cortinarius tubarius
313feb45cadad072851eceef450b4af7f96bdbe2,Cortinarius,,,uliginosus,Cortinarius uliginosus
59146e90f3fed2674b206dbd1365bc1070bc9d9e,Cortinarius,,,uliginosus,Cortinarius uliginosus
956a6bd9e9d416fd589a44e76dfc7f2416f482e3,Cortinarius,,,uliginosus,Cortinarius uliginosus
171e6721fcee8a5ba8e03ab1e988b8f9c78da12d,Cortinarius,,,ultimiionophyllus,Cortinarius ultimiionophyllus
69c7ac13dd9b89e9f5a4882ca0659867c08dd897,Cortinarius,,,ultimiionophyllus,Cortinarius ultimiionophyllus
8bfdaf511ed0693a5370f3b12b632ec3d9a9488b,Cortinarius,,,ultimiionophyllus,Cortinarius ultimiionophyllus
c943a433a19cd6b15615a3da5b8f37fb07870643,Cortinarius,,,ultimiionophyllus,Cortinarius ultimiionophyllus
2631f3ec853c772ef3362b78d6383b13a6ed3276,Cortinarius,,,umbrinolens,Cortinarius umbrinolens
2acb0f480174a3343069a75c0302f0327f9a3dc0,Cortinarius,,,umbrinolens,Cortinarius umbrinolens
36f9e3b266a638cb5045f47a98ecc33fd837afca,Cortinarius,,,umbrinolens,Cortinarius umbrinolens
3abfd385b2fd5cca762f58ac3832e82418da02ce,Cortinarius,aff,,umbrinolens,Cortinarius umbrinolens
6bbfe0274db11cfc0390983136dc4f3936507fc2,Cortinarius,,,umbrinolens,Cortinarius umbrinolens
6c5da6b2e0029164a1795f4cf0bb75c1b670445b,Cortinarius,,,umbrinolens,Cortinarius umbrinolens
72e841bd3973f2ba6da74f91f68f569db57992b3,Cortinarius,,,umbrinolens,Cortinarius umbrinolens
857d9378b55c971adeeac57ff439d203b03a7c05,Cortinarius,,,umbrinolens,Cortinarius umbrinolens
9c031648212a34ec0433d8b4b85ad9209433645b,Cortinarius,,,umbrinolens,Cortinarius umbrinolens
a6e92a6c9f12c53d63a3e5eb540865c22df7c7e5,Cortinarius,,,umbrinolens,Cortinarius umbrinolens
ab723adb154844f7569e739efe5b3e33d746b245,Cortinarius,,,umbrinolens,Cortinarius umbrinolens
b0a8f7357d0fd7a4e494baf8773b621227f6c8e9,Cortinarius,,,umbrinolens,Cortinarius umbrinolens
ce44e6d58e0ba011c3fbf37928e10681cae5de1a,Cortinarius,,,umbrinolens,Cortinarius umbrinolens
90023b09ebc80c5d321d537b6f75661c177a4b36,Cortinarius,,,violaceus,Cortinarius violaceus
ec035c510642470092032bcbc327df698058226b,Cortinarius,,,violaceus,Cortinarius violaceus
fd158ebf9419c8d1e47917fcf7b7a96e25d5e319,Cortinarius,,,violaceus,Cortinarius violaceus
fe2b2bfead3c7d16e45b2f3fd0c91031a12aaf22,Cortinarius,,,violaceus,Cortinarius violaceus
6743e1ee6fada243ccbac1f2f987849a68ac2e54,Cortinarius,cf,,xanthocephalus,Cortinarius xanthocephalus
490c533ddf37a54a49ca62371ead206117b8d77a,Crepidotus,sp,1,,Crepidotus 
08886d0dc2b97cd115c62d4ba93a287a89597014,Crepidotus,sp,2,,Crepidotus 
480244e49744eea042f3f73fc632b3da37134a6e,Crepidotus,sp,2,,Crepidotus 
5fbf4681524d673972a1cf4bcec62a926598ba78,Crepidotus,sp,2,,Crepidotus 
6397f23f75245cacc4ffecde5a41402cc399a3f3,Crepidotus,sp,2,,Crepidotus 
6aeea4497369d55bb3ffcfbb445832dfa28b4cce,Crepidotus,sp,2,,Crepidotus 
6aeea4497369d55bb3ffcfbb445832dfa28b4cce,Crepidotus,sp,2,,Crepidotus 
7e0e97eaca39382d5ec87f4506b57e249921a8f2,Crepidotus,sp,2,,Crepidotus 
fdd7eb1ed9c24545960fac0e209e84bb1a30031f,Crepidotus,sp,2,,Crepidotus 
6db2b9aa182e8d388a7b54c0c20d3050302b76a1,Crepidotus,sp,3,,Crepidotus 
e9a43e3d97b96edd45174e52003e802631fdccca,Crepidotus,,,crocophyllus,Crepidotus crocophyllus
032f48471d8fff9d37d7c072b0d3e0d654dfef7c,Crepidotus,cf,,epibryus,Crepidotus epibryus
06f6728764b6059ddac56d2238a2913ac578dc86,Crepidotus,cf,,epibryus,Crepidotus epibryus
23a252eae7b1dce58b3519980b5beb7832bc4c83,Crepidotus,cf,,epibryus,Crepidotus epibryus
38bb55810795fa648e69e992eb1cd8ce4dd66482,Crepidotus,cf,,epibryus,Crepidotus epibryus
71d79ac298cc747591d6de8522e28d616b3802c4,Crepidotus,cf,,epibryus,Crepidotus epibryus
71d79ac298cc747591d6de8522e28d616b3802c4,Crepidotus,cf,,epibryus,Crepidotus epibryus
71d79ac298cc747591d6de8522e28d616b3802c4,Crepidotus,cf,,epibryus,Crepidotus epibryus
71d79ac298cc747591d6de8522e28d616b3802c4,Crepidotus,cf,,epibryus,Crepidotus epibryus
71d79ac298cc747591d6de8522e28d616b3802c4,Crepidotus,cf,,epibryus,Crepidotus epibryus
ac62c0473d7fdd02ed0b5b573df4fd819e3a9681,Crepidotus,cf,,epibryus,Crepidotus epibryus
c6874fa18eb1931fa1c62220fc8c66cbe278b46f,Crepidotus,cf,,epibryus,Crepidotus epibryus
c6874fa18eb1931fa1c62220fc8c66cbe278b46f,Crepidotus,cf,,epibryus,Crepidotus epibryus
d3ddcb157d5059b5da097f21a059e047e507f32e,Crepidotus,cf,,epibryus,Crepidotus epibryus
4b8bb49b20b81b144a779ec1a96dfdb0f6fb18f9,Crepidotus,,,kubickae,Crepidotus kubickae
bb65f8c38579f70e81e03fb08653645ce903dbc9,Crepidotus,cf,,mollis,Crepidotus mollis
d780de0999902aa515fd0ded4ef58c45075e9538,Criptococcus,,,,Criptococcus 
814d32961149d03356031556e4475ed96ace9023,Cuphophyllus,cf,,borealis,Cuphophyllus borealis
13f1e24934fd05e5138f73ee9b1b2b2147b2a329,Cuphophyllus,,,cinerellus,Cuphophyllus cinerellus
183a279f0700da40cdefb75ac4c7d2c2e227a701,Cuphophyllus,,,cinerellus,Cuphophyllus cinerellus
2088043cf1856cd003e394f128d326be068dadb3,Cuphophyllus,,,cinerellus,Cuphophyllus cinerellus
2c8bb207a2a6e562bcdb0104e92ace144b691644,Cuphophyllus,,,cinerellus,Cuphophyllus cinerellus
398067f4a431c4c4e421acd8d383f0d1f39a2734,Cuphophyllus,,,cinerellus,Cuphophyllus cinerellus
61085aac8d4989f98f2c33629776286c89416c89,Cuphophyllus,,,cinerellus,Cuphophyllus cinerellus
8a8ab6b5b7f5d29e5ab140d0ddbfb544fe479233,Cuphophyllus,,,cinerellus,Cuphophyllus cinerellus
920350836b48f80bfa7bcf9aa617c49ca17279b7,Cuphophyllus,,,cinerellus,Cuphophyllus cinerellus
920350836b48f80bfa7bcf9aa617c49ca17279b7,Cuphophyllus,,,cinerellus,Cuphophyllus cinerellus
920350836b48f80bfa7bcf9aa617c49ca17279b7,Cuphophyllus,,,cinerellus,Cuphophyllus cinerellus
920350836b48f80bfa7bcf9aa617c49ca17279b7,Cuphophyllus,,,cinerellus,Cuphophyllus cinerellus
b65f9175b40568b8dc0d66e08494b3543855389a,Cuphophyllus,,,cinerellus,Cuphophyllus cinerellus
ca37e9df38d7aaa298fda3ea5da136159c93b9b7,Cuphophyllus,,,cinerellus,Cuphophyllus cinerellus
ca37e9df38d7aaa298fda3ea5da136159c93b9b7,Cuphophyllus,,,cinerellus,Cuphophyllus cinerellus
ca37e9df38d7aaa298fda3ea5da136159c93b9b7,Cuphophyllus,,,cinerellus,Cuphophyllus cinerellus
ca37e9df38d7aaa298fda3ea5da136159c93b9b7,Cuphophyllus,,,cinerellus,Cuphophyllus cinerellus
ca37e9df38d7aaa298fda3ea5da136159c93b9b7,Cuphophyllus,,,cinerellus,Cuphophyllus cinerellus
ca37e9df38d7aaa298fda3ea5da136159c93b9b7,Cuphophyllus,,,cinerellus,Cuphophyllus cinerellus
d2c3fea9cfed45807cc0af5ec637cc52f029c07a,Cuphophyllus,,,cinerellus,Cuphophyllus cinerellus
e3b00af57aab04d087d030774847afa1f68eb1bb,Cuphophyllus,,,cinerellus,Cuphophyllus cinerellus
0568dac10c27167fbc0c801e44b3bcec5b7aeb1b,Cuphophyllus,cf,,pratensis,Cuphophyllus pratensis
864ce9a0d200a8aa34504751358d6191060b8341,Cuphophyllus,cf,,pratensis,Cuphophyllus pratensis
a63e5d09ce178c3741e4bf959131e86d1fb6580a,Cuphophyllus,cf,,pratensis,Cuphophyllus pratensis
169b8b93ea41e4bee5a4a9c707bc04f4306cbc4a,Cuphophyllus,cf,,virgineus,Cuphophyllus virgineus
2f10b5baeb67ebf101dd48cf55fbc020715e881b,Cuphophyllus,cf,,virgineus,Cuphophyllus virgineus
8c6b47e6db9dafd927cae6974ac103c2c8b3ee55,Cuphophyllus,cf,,virgineus,Cuphophyllus virgineus
b199bbd60539521fd537b5471b2afd941137e666,Cuphophyllus,cf,,virgineus,Cuphophyllus virgineus
c0776ec5a7df86b0f135f862dd179b452b28a079,Cuphophyllus,cf,,virgineus,Cuphophyllus virgineus
057226e46c7b2fce101d7cffc726b55fb0235b78,Cystoderma,cf,,carcharias,Cystoderma carcharias
14b2c39a4eed110a0dcc154be8c53c9990bf336b,Cystoderma,cf,,carcharias,Cystoderma carcharias
2e655ae2100e0c2a9debd11477c952bc952acdeb,Cystoderma,cf,,carcharias,Cystoderma carcharias
2fc9791df5e84efe9b075d6a83ec61a23cb80185,Cystoderma,cf,,carcharias,Cystoderma carcharias
3520ccf82d5833f0dc499b21c640610920f8e0f9,Cystoderma,cf,,carcharias,Cystoderma carcharias
39e2c1fbe6879ccbe6b6e1bb92a52b77c88a37ee,Cystoderma,cf,,carcharias,Cystoderma carcharias
48ab0d8fa02042e38744b512f99ad5e53f4e3a48,Cystoderma,cf,,carcharias,Cystoderma carcharias
48ab0d8fa02042e38744b512f99ad5e53f4e3a48,Cystoderma,cf,,carcharias,Cystoderma carcharias
48ab0d8fa02042e38744b512f99ad5e53f4e3a48,Cystoderma,cf,,carcharias,Cystoderma carcharias
48ab0d8fa02042e38744b512f99ad5e53f4e3a48,Cystoderma,cf,,carcharias,Cystoderma carcharias
48ab0d8fa02042e38744b512f99ad5e53f4e3a48,Cystoderma,cf,,carcharias,Cystoderma carcharias
48ab0d8fa02042e38744b512f99ad5e53f4e3a48,Cystoderma,cf,,carcharias,Cystoderma carcharias
48ab0d8fa02042e38744b512f99ad5e53f4e3a48,Cystoderma,cf,,carcharias,Cystoderma carcharias
48ab0d8fa02042e38744b512f99ad5e53f4e3a48,Cystoderma,cf,,carcharias,Cystoderma carcharias
74a73bb5e1ee8daa8d9e0de773588507058dfe87,Cystoderma,cf,,carcharias,Cystoderma carcharias
89b90a780c6d8b36cf4a36331f970741a7a6cebd,Cystoderma,cf,,carcharias,Cystoderma carcharias
a16a891e10d7c72f4032e32075579015c8186961,Cystoderma,cf,,carcharias,Cystoderma carcharias
ae6e277ce60321cec0b4b1b6a9c4aeb9aea1cd65,Cystoderma,cf,,carcharias,Cystoderma carcharias
b9a0a9c2dc4fda881951b4e16a2972962d1d4ebb,Cystoderma,cf,,carcharias,Cystoderma carcharias
bb9bea8b470891f1fc2a7019b82526868b6db5e0,Cystoderma,cf,,carcharias,Cystoderma carcharias
bf907a057ee545c3cbfdf503a48ca4d65f80efcc,Cystoderma,cf,,carcharias,Cystoderma carcharias
d771a648242801b7e1219db0e7477a52cb386cbf,Cystoderma,cf,,carcharias,Cystoderma carcharias
d771a648242801b7e1219db0e7477a52cb386cbf,Cystoderma,cf,,carcharias,Cystoderma carcharias
d771a648242801b7e1219db0e7477a52cb386cbf,Cystoderma,cf,,carcharias,Cystoderma carcharias
d771a648242801b7e1219db0e7477a52cb386cbf,Cystoderma,cf,,carcharias,Cystoderma carcharias
dfb9274cfeb8296a7f2482694527629f32d76716,Cystoderma,cf,,carcharias,Cystoderma carcharias
e87a1ce4a5aeb1895313595779c3b958623b3cba,Cystoderma,cf,,carcharias,Cystoderma carcharias
ec7da428a838b359f8de07223b2e79617f19185d,Cystoderma,cf,,carcharias,Cystoderma carcharias
8a531a20b6860b7c6b5465e8364ea07429599104,Cystoderma,,,castellanum,Cystoderma castellanum
8a531a20b6860b7c6b5465e8364ea07429599104,Cystoderma,,,castellanum,Cystoderma castellanum
95523188faf5591536a30a36f2241119dcc45d8d,Cystoderma,,,castellanum,Cystoderma castellanum
d9e5ab5c351632cb3c58c9e88adb794321fc5d58,Cystoderma,,,castellanum,Cystoderma castellanum
e05834be6e946fc9448db5c16c9a70f976f1ed57,Cystodermella,cf,,adnatifolia,Cystodermella adnatifolia
0645197afd6dc7f174670c09936302f3a3a812b2,Cystofilobasidium,,,capitatum,Cystofilobasidium capitatum
0898dd481a4270c5f2130538237278c1d7ec4d03,Cystofilobasidium,,,capitatum,Cystofilobasidium capitatum
437586a8311447ae44a5c449122e3e7e1145a64d,Cystofilobasidium,,,capitatum,Cystofilobasidium capitatum
5904dd77f5f7128a8b2560488746010d4f9e556e,Cystofilobasidium,,,capitatum,Cystofilobasidium capitatum
85a09b84b7b097c3e908d4cdce57a4a9227b32c9,Cystofilobasidium,,,capitatum,Cystofilobasidium capitatum
2c76c3774a0381e4106d28eda9ff7260ac725204,Cystolepiota,sp,1,,Cystolepiota 
1832b3f5295e743903b75652136cd35508acfed6,Cystolepiota,,,seminuda,Cystolepiota seminuda
21a05d633b59787438e0b9477a8fe7332d81de29,Cystolepiota,,,seminuda,Cystolepiota seminuda
85761b3c73b15a0257c8b7df819322ac5bf1d0c1,Deconica,sp,,,Deconica 
85761b3c73b15a0257c8b7df819322ac5bf1d0c1,Deconica,sp,,,Deconica 
85761b3c73b15a0257c8b7df819322ac5bf1d0c1,Deconica,sp,,,Deconica 
986e2c7affbaac946d26f1e1d3d628c005aa3ed3,Deconica,sp,,,Deconica 
ac24a40274beee3fcd13323ce15c18f7f13cac49,Deconica,sp,,,Deconica 
dafd10789443a9d720795607f4167ca6205c0611,Deconica,sp,,,Deconica 
8a2f5f778cca41a5ba2b003afd447aaa4f122b75,Deconica,sp,2,,Deconica 
8a2f5f778cca41a5ba2b003afd447aaa4f122b75,Deconica,sp,2,,Deconica 
8a2f5f778cca41a5ba2b003afd447aaa4f122b75,Deconica,sp,2,,Deconica 
8a2f5f778cca41a5ba2b003afd447aaa4f122b75,Deconica,sp,2,,Deconica 
8a2f5f778cca41a5ba2b003afd447aaa4f122b75,Deconica,sp,2,,Deconica 
b28dffbd7b641564afa2d0ca12c7a6e40fbf83aa,Deconica,sp,2,,Deconica 
73ffdceb92c7e51a21ad942009156e8ed02d212b,Deconica,cf,,montana,Deconica montana
d5edcdb6614443fe232cacaf8bd2aaf1dd88453f,Deconica,aff,,montana,Deconica montana
f7da8381cf5059e6fe914545f33d6467eda98294,Deconica,aff,,montana,Deconica montana
1e039216074f0ced4f7ebfd9105ddded03cb8fb4,Deconica,,,subfusispora,Deconica subfusispora
3ff5c0d67a5f602f15e0fc66b9654707cd67f812,Deconica,,,subfusispora,Deconica subfusispora
43c6efeeede0ffe13b5b04811ac0adfb31f40ab1,Deconica,,,subfusispora,Deconica subfusispora
0c77c9f78cf059a8a4afadcaabba20aace93b453,Dendrocollybia,aff,,racemosa,Dendrocollybia racemosa
8a10be7e198707e786c4051cc929b1099ac79c26,Dendrocollybia,cf,,racemosa,Dendrocollybia racemosa
1552b9c28e19b98a53cb60fe778c00fd9ae20d32,Diptera,,,,Diptera 
0dfe5de7dff7cf5073141fee0310683e1880909d,Entocybe,sp,1,,Entocybe 
a878b3bb4bc713e4a2a05c03efe7e1120c1325f6,Entocybe,sp,1,,Entocybe 
4a20b244c79445a607435fb081ced76920b69f45,Entocybe,,,nitida,Entocybe nitida
85beb61c51c6dfe627905c5563eabe98a8fa1d8f,Entocybe,,,turbida,Entocybe turbida
8eaefa5dfff608ce68cca946994cbc0ede719ffe,Entocybe,cf,,vinacea,Entocybe vinacea
836d6c3e16eaf965dbeb21bfcba5888f2836015a,Entoloma,sp,1,,Entoloma 
ac1fce901326d1cbeca71c791dfd77220bc9b722,Entoloma,sp,1,,Entoloma 
4d10652e9f6f138b35372f11a733dec0266e3fd0,Entoloma,sp,2,,Entoloma 
4c322ec7d3e3ed252602b501ab8f15da38d0bcbb,Entoloma,sp,3,,Entoloma 
aae75194e7e9f204dd10d1d9deae93a0e59aa486,Entoloma,sp,4,,Entoloma 
cd8905edf9d6e5da948bfb70478507829f57c168,Entoloma,sp,4,,Entoloma 
dbc044b7c71cd48edcecd6e03effc945101db593,Entoloma,sp,4,,Entoloma 
03ef454fb25bee3e65e050a39c0abe50e9bff4f3,Entoloma,sp,5,,Entoloma 
03ef454fb25bee3e65e050a39c0abe50e9bff4f3,Entoloma,sp,5,,Entoloma 
03ef454fb25bee3e65e050a39c0abe50e9bff4f3,Entoloma,sp,5,,Entoloma 
03ef454fb25bee3e65e050a39c0abe50e9bff4f3,Entoloma,sp,5,,Entoloma 
03ef454fb25bee3e65e050a39c0abe50e9bff4f3,Entoloma,sp,5,,Entoloma 
03ef454fb25bee3e65e050a39c0abe50e9bff4f3,Entoloma,sp,5,,Entoloma 
03ef454fb25bee3e65e050a39c0abe50e9bff4f3,Entoloma,sp,5,,Entoloma 
03ef454fb25bee3e65e050a39c0abe50e9bff4f3,Entoloma,sp,5,,Entoloma 
03ef454fb25bee3e65e050a39c0abe50e9bff4f3,Entoloma,sp,5,,Entoloma 
03ef454fb25bee3e65e050a39c0abe50e9bff4f3,Entoloma,sp,5,,Entoloma 
03ef454fb25bee3e65e050a39c0abe50e9bff4f3,Entoloma,sp,5,,Entoloma 
03ef454fb25bee3e65e050a39c0abe50e9bff4f3,Entoloma,sp,5,,Entoloma 
03ef454fb25bee3e65e050a39c0abe50e9bff4f3,Entoloma,sp,5,,Entoloma 
03ef454fb25bee3e65e050a39c0abe50e9bff4f3,Entoloma,sp,5,,Entoloma 
03ef454fb25bee3e65e050a39c0abe50e9bff4f3,Entoloma,sp,5,,Entoloma 
03ef454fb25bee3e65e050a39c0abe50e9bff4f3,Entoloma,sp,5,,Entoloma 
03ef454fb25bee3e65e050a39c0abe50e9bff4f3,Entoloma,sp,5,,Entoloma 
03ef454fb25bee3e65e050a39c0abe50e9bff4f3,Entoloma,sp,5,,Entoloma 
03ef454fb25bee3e65e050a39c0abe50e9bff4f3,Entoloma,sp,5,,Entoloma 
03ef454fb25bee3e65e050a39c0abe50e9bff4f3,Entoloma,sp,5,,Entoloma 
1e8c67d48cf6bef787a80f4e38e6295c88af6781,Entoloma,sp,5,,Entoloma 
1e8c67d48cf6bef787a80f4e38e6295c88af6781,Entoloma,sp,5,,Entoloma 
1e8c67d48cf6bef787a80f4e38e6295c88af6781,Entoloma,sp,5,,Entoloma 
1e8c67d48cf6bef787a80f4e38e6295c88af6781,Entoloma,sp,5,,Entoloma 
1e8c67d48cf6bef787a80f4e38e6295c88af6781,Entoloma,sp,5,,Entoloma 
40131f03d9a2ab99330afbc414d79f7f1d286edb,Entoloma,sp,5,,Entoloma 
4f47945dcfb6e833961747d6cd366d14aaa7fc3b,Entoloma,sp,5,,Entoloma 
55f3722a12f7fa47984a47f4c8675e0c1cf82753,Entoloma,sp,5,,Entoloma 
6c29fc787b10a08154cb84eedf54f885fc1bf289,Entoloma,sp,5,,Entoloma 
d1ab1c6d9e2df606811d3b147cf8bf6df71e4917,Entoloma,sp,5,,Entoloma 
dfcf242083b98de8888156a9793b4871edce6cf3,Entoloma,sp,5,,Entoloma 
face00035751711b0848f3f4a14494fe436cae17,Entoloma,sp,5,,Entoloma 
fb3e35ab891a798f6cceb9629948607946ff89b3,Entoloma,sp,5,,Entoloma 
017a58b912374dc797bf77f379686f9fc3dd0cf7,Entoloma,sp,6,,Entoloma 
10e184955831eeda138dcab093297a90d9ee4ed6,Entoloma,sp,6,,Entoloma 
c2c887ec498b21c952dffbe39b6e25931b7aea58,Entoloma,sp,6,,Entoloma 
d55301721b5b21ce542e0ebc5e9356943242243e,Entoloma,sp,6,,Entoloma 
761c131ff76b8cb5f73d428023e212311985e0d9,Entoloma,sp,7,,Entoloma 
0de89bedc150bbe3306cf43985db5136574a8721,Entoloma,aff,,byssisedum,Entoloma byssisedum
1aeacf8ec52dcb56f77390b0b6f9b63f5cb108b0,Entoloma,aff,,byssisedum,Entoloma byssisedum
1e55e03ea5678082164ab18e0b9c18b58a9de1dc,Entoloma,,,byssisedum,Entoloma byssisedum
1ffcb74ddc51761a201f40c0013fdc8939efd56e,Entoloma,aff,,byssisedum,Entoloma byssisedum
3c01e0250719dd1c0c91263eb054e72faec8b75d,Entoloma,,,byssisedum,Entoloma byssisedum
5909130f3f5aa630724edea7dde577fc7f6e1ac6,Entoloma,,,byssisedum,Entoloma byssisedum
6909918e80aa8200e437426bf1727bb7d0640fc5,Entoloma,aff,,byssisedum,Entoloma byssisedum
b34aa4b1025ebd6f2b70311069c963e49ca7d9b7,Entoloma,,,byssisedum,Entoloma byssisedum
e66a3987bdfd57c4d14a12cd32371517a8b89f79,Entoloma,,,byssisedum,Entoloma byssisedum
03c16f4e8d7dcc79427b7733894ee1256f32102b,Entoloma,cf,,caeruleopolitum,Entoloma caeruleopolitum
693697bdd45d328913c69b9672be322da518527b,Entoloma,,,cetratum,Entoloma cetratum
d7d8e6fe0e268727766f881c5239deaa4f463a91,Entoloma,,,cetratum,Entoloma cetratum
99e973dda5fb04d6dce383616bbec65ea7ccb25a,Entoloma,aff,,chlorinosum,Entoloma chlorinosum
904a46ccab590e7f48a10c0706862211e540b34c,Entoloma,,,clandestinum,Entoloma clandestinum
fd6f4926c865367b4d97f87fe384dfc7f5602d4b,Entoloma,,,clandestinum,Entoloma clandestinum
03e313dba7156185fcd50be1b56295d4e26b2418,Entoloma,,,conferendum,Entoloma conferendum
0731d8edf48e4a3ee4c169124954dabf72a6d5a1,Entoloma,,,conferendum,Entoloma conferendum
319930c60b711af7c38314ba947abd752b1094bb,Entoloma,,,conferendum,Entoloma conferendum
3447f93f9accb70d54d29cf6e9f2ca7f3cfe9bc8,Entoloma,,,conferendum,Entoloma conferendum
3ab6da3bbaf33c6b94953d388a9c5ebbc43a0273,Entoloma,,,conferendum,Entoloma conferendum
5850cde4c78742ba430940d212c1aa5f13d247ec,Entoloma,,,conferendum,Entoloma conferendum
722722f365b76c69bc7a81357537ee5903081d9e,Entoloma,,,conferendum,Entoloma conferendum
75a45624265cf61ce69a8d28f81fb24d4c87dd39,Entoloma,,,conferendum,Entoloma conferendum
92c18934ac23ad637ea3bd2372f591fe1464963c,Entoloma,,,conferendum,Entoloma conferendum
94130a9493e8b90436feda7868d3a4320cccf241,Entoloma,,,conferendum,Entoloma conferendum
a71d91efe2ae635116cdd3ea782a3124a929754e,Entoloma,,,conferendum,Entoloma conferendum
8ba24c3ef465be7e4db79c5b70e17003f3869405,Entoloma,cf,,cuneatum,Entoloma cuneatum
a400cf5120813f7c57ca9176331c3ff938095b39,Entoloma,cf,,cuneatum,Entoloma cuneatum
a679043b5d113fc63ca492e80304b4574b003315,Entoloma,,,cuneatum,Entoloma cuneatum
af7cda20eac0a1778a3d5e6b7db5775af609ca8a,Entoloma,,,cuneatum,Entoloma cuneatum
f4f3f57582d0bcee7e0deabd651155917c1eef9f,Entoloma,,,cuneatum,Entoloma cuneatum
f996a7313f0328f8775d898de419d695e89bbc87,Entoloma,cf,,cuneatum,Entoloma cuneatum
815c4c71289314ff60abd67feb6d5c25ac82844d,Entoloma,aff,,fernandae,Entoloma fernandae
f3b88a49bf3a6a88c4edbb0d5679d15e0a566099,Entoloma,cf,,fuscotomentosum,Entoloma fuscotomentosum
0df4c568697ac145dc51d40ff0a195b1389579a5,Entoloma,,,incanosquamulosum,Entoloma incanosquamulosum
0e1f615e88c99e6dd112e5f4a81b5c9cadffedca,Entoloma,,,incanosquamulosum,Entoloma incanosquamulosum
3a0c87a7c3409ea1cc8aac0b172e0f24a2a2e20c,Entoloma,,,incanosquamulosum,Entoloma incanosquamulosum
5be11adba2f29a58bf146b7b6624f14ba79e040d,Entoloma,,,incanosquamulosum,Entoloma incanosquamulosum
eea47afbaab3c2e009d51b912affa597b88ec124,Entoloma,,,incanosquamulosum,Entoloma incanosquamulosum
106b963253cb1423baf917a3a34996993cb92f9d,Entoloma,,,infula,Entoloma infula
15dc3783644791f134828aec06b661121f08a80e,Entoloma,,,infula,Entoloma infula
1be9d6f1108dbe757df1b8ef73849a2a1fa0f01e,Entoloma,,,insidiosum,Entoloma insidiosum
4970d90e517ff2c4b1ddd9580a73388ddd148b34,Entoloma,,,inutile,Entoloma inutile
710c970d0e8b2c162ab6b138dcd83a71dfdda31c,Entoloma,,,inutile,Entoloma inutile
9531ea9f12337b540305d6226fe28488fb02dc7b,Entoloma,,,inutile,Entoloma inutile
c489cdd0af1ac9a56d5bc3367317691d7571c420,Entoloma,,,inutile,Entoloma inutile
c489cdd0af1ac9a56d5bc3367317691d7571c420,Entoloma,,,inutile,Entoloma inutile
d984ad938cffe5d44a4f5082ca323fd2907c3a43,Entoloma,,,inutile,Entoloma inutile
42955ee4a68d1f6a884fdfcfcc5f0553b5fd50d4,Entoloma,,,jubatum,Entoloma jubatum
6c009d93a0fa1ef5d7731874ae7d6ab41d4739ff,Entoloma,,,minutum,Entoloma minutum
e472daebc0630cbfb2ef3ff3372cea23a93c656f,Entoloma,,,minutum,Entoloma minutum
e61712bb41fa484613340180c7f3604b8e2951a6,Entoloma,,,minutum,Entoloma minutum
05fbd5ead71432a33eb2e68fbdab8446212759a6,Entoloma,,,ortonii,Entoloma ortonii
54eb4fed1a6a6444bd01774cd760350b8f3dfd08,Entoloma,,,ortonii,Entoloma ortonii
6a65138d7fd13c03acc21b3922080f9dec198d4d,Entoloma,,,ortonii,Entoloma ortonii
aad361e6944648407e561866ab2b8de72894cf55,Entoloma,,,ortonii,Entoloma ortonii
b5ce1ea16b8c633f0214c653a16984e69a60276f,Entoloma,,,ortonii,Entoloma ortonii
f960568496429d77775d594e3dcc4860de582b01,Entoloma,,,ortonii,Entoloma ortonii
646026ffedb914fe08de1018b4cdf7cfff9c8a41,Entoloma,,,perasprellum,Entoloma perasprellum
b170f63dec8ffde5ab287f72a77051c3d5633504,Entoloma,,,perasprellum,Entoloma perasprellum
b170f63dec8ffde5ab287f72a77051c3d5633504,Entoloma,,,perasprellum,Entoloma perasprellum
ba8ab70e897adcfdfd5654cdf992ce73b1a737bb,Entoloma,,,perasprellum,Entoloma perasprellum
ba8ab70e897adcfdfd5654cdf992ce73b1a737bb,Entoloma,,,perasprellum,Entoloma perasprellum
95233ff495cd90b3c578a67c62a8402a517221f0,Entoloma,,,piceinum,Entoloma piceinum
11ce1c4d47912b77b944c4a896251a1253ef8b5f,Entoloma,,,pratulense,Entoloma pratulense
4949490c8eb570a05ed24532971eaceb7fd97f0a,Entoloma,,,pratulense,Entoloma pratulense
980da9e4c957ea5bdcfeee29fe6e8ef1c945d0cb,Entoloma,,,pratulense,Entoloma pratulense
b0cb3da08cca5594ea08430e7eb68d37c4f8757d,Entoloma,,,pratulense,Entoloma pratulense
ee0cb15c679dbc2114e319f356bcd48eb9f8b02d,Entoloma,,,pratulense,Entoloma pratulense
6a6fd8a77da25180b5d962ace0a1f313efe2b0be,Entoloma,,,proterum,Entoloma proterum
2543ff5a27117600b6a5e62bd47d95ffa8a7fbaf,Entoloma,,,rhodocylix,Entoloma rhodocylix
6376f64c3b08b04c3e92279270f680ba1aca977c,Entoloma,,,rhodocylix,Entoloma rhodocylix
cd3947a6820e8340c5dfbac3dbacbc46af5a1b5f,Entoloma,,,rhodocylix,Entoloma rhodocylix
1182939a0cd6df913a84118eca6265ad0fce06a7,Entoloma,,,sericeum,Entoloma sericeum
c301e5b3b10c0afeba1155017a5349dea600fb21,Entoloma,,,sericeum,Entoloma sericeum
e90bc75857d15ceceb017f18323d5159e8c06a53,Entoloma,,,sericeum,Entoloma sericeum
2db429b475f535b1fbde94349795202246870ae7,Entoloma,,,sphagneti,Entoloma sphagneti
459b68ef901bc9fe27190137251c4307b16f6135,Entoloma,,,sphagneti,Entoloma sphagneti
52ea6049bf7843ab18f6a31586647d40e3d03fb0,Entoloma,,,sphagneti,Entoloma sphagneti
ee1c23aa68844d9f32e858e7cd9401174907d646,Entoloma,,,sphagneti,Entoloma sphagneti
ff9d6a16e17a104704dad108cb354b388ed1d452,Entoloma,,,sphagneti,Entoloma sphagneti
ff9d6a16e17a104704dad108cb354b388ed1d452,Entoloma,,,sphagneti,Entoloma sphagneti
3834713d8708d423164dd49ae7fa71cf041bf487,Entoloma,aff,,tigrinum,Entoloma tigrinum
903ea10d47e7c48c3a353eea1babe79399cb2e6e,Entoloma,,,ventricosum,Entoloma ventricosum
a35aed3b4e1a4636c713970ab609aae43872ce2f,Entoloma,,,vernum,Entoloma vernum
0a9c7cd90fe5ff98210af4322a269f55906616fa,Fayodia,,,bisphaerigera,Fayodia bisphaerigera
1408f5c51e1951db5d888e4911747cb0968dce01,Fayodia,,,bisphaerigera,Fayodia bisphaerigera
2e158a22fc8d8d3f716ce7dd59a559d44f99bffa,Fayodia,,,bisphaerigera,Fayodia bisphaerigera
31fb1822613d65db290313211022fcc1cc44bd13,Fayodia,,,bisphaerigera,Fayodia bisphaerigera
3b353a523d2206fda9adaeea81bb657b6ab1be90,Fayodia,,,bisphaerigera,Fayodia bisphaerigera
3b353a523d2206fda9adaeea81bb657b6ab1be90,Fayodia,,,bisphaerigera,Fayodia bisphaerigera
55e1b1be9b9675bd55262f848cff01f54ba73bf1,Fayodia,,,bisphaerigera,Fayodia bisphaerigera
8e5f23720e3b6b06a995171e84fda717f28339f3,Fayodia,,,bisphaerigera,Fayodia bisphaerigera
a096b575fe2f04e99fa0533b7d590b264dda62bd,Fayodia,,,bisphaerigera,Fayodia bisphaerigera
a096b575fe2f04e99fa0533b7d590b264dda62bd,Fayodia,,,bisphaerigera,Fayodia bisphaerigera
dfc09754aa2a85c5aab10fd4b6db0ceac8c46e0b,Fayodia,,,bisphaerigera,Fayodia bisphaerigera
ec852244c81558c6b467cda4b67e4de4e2dcfd24,Fayodia,,,bisphaerigera,Fayodia bisphaerigera
f4fbe194c3074d0086ac9b7cff69278585c35c76,Fayodia,,,bisphaerigera,Fayodia bisphaerigera
f4fbe194c3074d0086ac9b7cff69278585c35c76,Fayodia,,,bisphaerigera,Fayodia bisphaerigera
f4fbe194c3074d0086ac9b7cff69278585c35c76,Fayodia,,,bisphaerigera,Fayodia bisphaerigera
f4fbe194c3074d0086ac9b7cff69278585c35c76,Fayodia,,,bisphaerigera,Fayodia bisphaerigera
5b5696fc3d2938cf5f79a18a7d37d20f9e943d18,Filobasidiaceae,sp,,,Filobasidiaceae 
78befd35f76b231031a8bf72b9b0bec5f04ff1e0,Filobasidiaceae,sp,,,Filobasidiaceae 
06ae2df0ba6f58f692ea74404063ab3bba498a57,Flagelloscypha,sp,,,Flagelloscypha 
18ee887a7f3f1d9fdcf3b6efd4f8b750fd103172,Flagelloscypha,sp,,,Flagelloscypha 
398c4eeb9d8db705b6207860079b092899182669,Flagelloscypha,sp,,,Flagelloscypha 
0f03549c0a3d0ea3173bee2483c2a70d6db4b48e,Flagelloscypha,sp,1,,Flagelloscypha 
4e114602f0d7841e4f4b3b8904edfd9f975c2dc8,Flagelloscypha,sp,1,,Flagelloscypha 
73850a0e97d759af95bf577922da984cf411b2e1,Flagelloscypha,sp,1,,Flagelloscypha 
a7e35ffe40b22db15e1e55304eb396ebe5dd3d37,Flagelloscypha,sp,1,,Flagelloscypha 
1fcfdfc5b4eb2ad745d02862ef96498e0ec79807,Flagelloscypha,sp,2,,Flagelloscypha 
1fcfdfc5b4eb2ad745d02862ef96498e0ec79807,Flagelloscypha,sp,2,,Flagelloscypha 
26f5ee6f9c678b5dc73667992f3b5cb7f9257ed5,Flagelloscypha,sp,2,,Flagelloscypha 
7c8bff9807e4519eff361a36306212dd77ea8f07,Flagelloscypha,sp,2,,Flagelloscypha 
0a5f40bb9394f4f265c4c0b44c2abb600c0b6a3b,Flagelloscypha,sp,3,,Flagelloscypha 
7c164f00ac2521ef7d67cbb247d94eab7ebe2596,Flagelloscypha,sp,3,,Flagelloscypha 
a7e35ffe40b22db15e1e55304eb396ebe5dd3d37,Flagelloscypha,sp,3,,Flagelloscypha 
a7e35ffe40b22db15e1e55304eb396ebe5dd3d37,Flagelloscypha,sp,3,,Flagelloscypha 
5361c465dc980ab7c665044742e1a49cba67ac55,Flagelloscypha,sp,4,,Flagelloscypha 
5e2cae28b892e832497681a33775a3c1a1b591e4,Flagelloscypha,sp,4,,Flagelloscypha 
67d37e7935c335b0f9b3d511d4033f810c7c66fd,Flagelloscypha,sp,4,,Flagelloscypha 
911460e572168e23b1a1da4a7574892f73f87803,Flagelloscypha,sp,4,,Flagelloscypha 
be5976f484870f07c81d3dbe98545f55903c8785,Flagelloscypha,sp,4,,Flagelloscypha 
fb72d68906193ffe2d5019ce66aa2aa3d8a0c9d0,Flagelloscypha,sp,4,,Flagelloscypha 
14d0e31161f59692fb84964a87d889b23051245b,Flagelloscypha,,,minutissima,Flagelloscypha minutissima
17a1d31b40d03533780b84f7fb759ced2cc475ac,Flagelloscypha,,,minutissima,Flagelloscypha minutissima
1ed6b9c98062e7a15f1525a878d79a0e2de6a872,Flagelloscypha,,,minutissima,Flagelloscypha minutissima
29de4883106608b486ef3ce37fda5b22c0c5bbd0,Flagelloscypha,,,minutissima,Flagelloscypha minutissima
3911aa57ace31251ddf9468223ea1561f1779a53,Flagelloscypha,cf,,minutissima,Flagelloscypha minutissima
3911aa57ace31251ddf9468223ea1561f1779a53,Flagelloscypha,cf,,minutissima,Flagelloscypha minutissima
3c3524260f04b9b7fdb38f76f5781df79ebbd572,Flagelloscypha,cf,,minutissima,Flagelloscypha minutissima
43ba1be9dbb990eb3ed2e556ed4f031b8bbff522,Flagelloscypha,cf,,minutissima,Flagelloscypha minutissima
528d878b3856aae28579be5a5af53a84f0c6693c,Flagelloscypha,,,minutissima,Flagelloscypha minutissima
768519c239cb1f5147f82cb326ca816269248e9e,Flagelloscypha,,,minutissima,Flagelloscypha minutissima
8781d661fa628d51a254bc25c348cdd6b8e92c8c,Flagelloscypha,cf,,minutissima,Flagelloscypha minutissima
9ba5f4746a08d4fcb238bcb148ea26a08b23be23,Flagelloscypha,cf,,minutissima,Flagelloscypha minutissima
bda86fdc26e9015dae82991663ca1b2a94a7f43e,Flagelloscypha,,,minutissima,Flagelloscypha minutissima
be8b4cf1f773d9f7356b5cec4b8dbda1bde8e3bb,Flagelloscypha,cf,,minutissima,Flagelloscypha minutissima
eee5e170b434236743d91e98937cb3af500fe78c,Flagelloscypha,cf,,minutissima,Flagelloscypha minutissima
01b1c3b391fa55ded85429c7e7709fb1f9867542,Flammula,,,alnicola,Flammula alnicola
048d71df2a47d91305f01998d11940781d68bb31,Flammula,,,alnicola,Flammula alnicola
0c848a4ab13f23de45d5ff961e606fea38d727cb,Flammula,,,alnicola,Flammula alnicola
102223434aacd83afe8f56f83f46f8e667234b95,Flammula,,,alnicola,Flammula alnicola
1a3a7686e3e94e9bcd2943f24e9f4b5834f1d33c,Flammula,,,alnicola,Flammula alnicola
1a492db5d48b59e2d3af355d249dfdf6eea49c5a,Flammula,,,alnicola,Flammula alnicola
2065fcfd11419a9660fad50778809bfa16f89801,Flammula,,,alnicola,Flammula alnicola
28d467524e154221f6601ad55b55c1e1b4582efd,Flammula,,,alnicola,Flammula alnicola
2b818d3d2d659fa1e5f287c5d0991507c80d3400,Flammula,,,alnicola,Flammula alnicola
2b818d3d2d659fa1e5f287c5d0991507c80d3400,Flammula,,,alnicola,Flammula alnicola
2b818d3d2d659fa1e5f287c5d0991507c80d3400,Flammula,,,alnicola,Flammula alnicola
2b818d3d2d659fa1e5f287c5d0991507c80d3400,Flammula,,,alnicola,Flammula alnicola
2c4ccad1e9bedcc9dd4f73a7d92bb6d357a17d00,Flammula,,,alnicola,Flammula alnicola
35eb2aebd4cdbcf65b0ff266676517003badde33,Flammula,,,alnicola,Flammula alnicola
35eb2aebd4cdbcf65b0ff266676517003badde33,Flammula,,,alnicola,Flammula alnicola
3b6ff8c315a303f149fdcbed69205d7441dff1bd,Flammula,,,alnicola,Flammula alnicola
4af5b077e3269cb522ac8b8a0d8f4360d9079c59,Flammula,,,alnicola,Flammula alnicola
4f94a73804ee44f6470a2bb2a1872b3a6aa8f5c0,Flammula,,,alnicola,Flammula alnicola
57bd53f0c8e9b962428e935115f2f163c9446605,Flammula,,,alnicola,Flammula alnicola
6d196e1a9401d5d935c05b4781510d670758bdee,Flammula,,,alnicola,Flammula alnicola
7422c41c3a2de58aaa0d4e84b075b4b1f5b89bc1,Flammula,,,alnicola,Flammula alnicola
9ad943d20c21b62a4ab63ff9d4d78af7feb84902,Flammula,,,alnicola,Flammula alnicola
9e73aba7960f90d745f94e37d61ca8c1f8258d4a,Flammula,,,alnicola,Flammula alnicola
a9b8d81e04cfdc14f109d233978b49897785ec9a,Flammula,,,alnicola,Flammula alnicola
b7c07f5cd5fa5402400d50532a62f7730c8f88f7,Flammula,,,alnicola,Flammula alnicola
b7c07f5cd5fa5402400d50532a62f7730c8f88f7,Flammula,,,alnicola,Flammula alnicola
bc0fe0b4d6c9b8ba8dc6645f6481124115815189,Flammula,,,alnicola,Flammula alnicola
c33aec5fe7c39a21a7161b955da179936d21bed5,Flammula,,,alnicola,Flammula alnicola
cd1f51ea4f40a2a2f44f27ba94e3cd62879d34dd,Flammula,,,alnicola,Flammula alnicola
cfb1df4547b14b13e78e6f9af1b9374bc13cb921,Flammula,,,alnicola,Flammula alnicola
d6b170c23e762a176b35bd5d62fb8c3cc28e5523,Flammula,,,alnicola,Flammula alnicola
1deeb9a93a6162b5bcbb62e4ec659e497b5b80e1,Fomitopsis,,,betulina,Fomitopsis betulina
21263787951d14539b1e283ed49a969cdbb563d5,Fomitopsis,,,betulina,Fomitopsis betulina
767e02eac4c5d13642124951b11380b1c0337bd2,Fomitopsis,,,betulina,Fomitopsis betulina
767e02eac4c5d13642124951b11380b1c0337bd2,Fomitopsis,,,betulina,Fomitopsis betulina
767e02eac4c5d13642124951b11380b1c0337bd2,Fomitopsis,,,betulina,Fomitopsis betulina
c6f25a262b983bd0a31436b1d2811979875591d3,Fomitopsis,,,betulina,Fomitopsis betulina
d33827f2f04ff65cf022c8a33e8389b7068c640c,Fomitopsis,,,betulina,Fomitopsis betulina
23f53f3e5af3deb21bf65bf95b1fc0f8e367c93d,Fungi,sp,,,Fungi 
50c50bca973049e4a778c58e619ae898fbd48d68,Fungi,sp,,,Fungi 
e73fa67250897aaa9fc1aa14efd6b35aafc334d4,Fungi,sp,,,Fungi 
0a5007aa3c9ae9c5949a6d9f2db8c0676d2682df,Fungi,sp,10,,Fungi 
239947c2fb2801d6e491c587fe883da36ee7829a,Fungi,sp,10,,Fungi 
53cd8ff06911b16217ff2c62ebdc4c2b63500dfb,Fungi,sp,10,,Fungi 
6a8a1ed55edb149f18534e703bf720a8655b62a4,Fungi,sp,10,,Fungi 
3c2406df87077572dab46593ffb45be0f44bb417,Fungi,sp,11,,Fungi 
66358aa8e128b37046dd58bd68734ade5fcb0373,Fungi,sp,11,,Fungi 
f48475e8200f284a0697b2ba9a9f675f345cf2a1,Fungi,sp,11,,Fungi 
33246d6a81a470998015d9b32044ad0eecf67eee,Fungi,sp,12,,Fungi 
3db75ebbbc5deb783bf62c1d47dd5fd377d4bc1b,Fungi,sp,12,,Fungi 
092cbd9ef97a91e4678d64e6fcbcf5f76e606c13,Fungi,sp,13,,Fungi 
707384b04d6093e67b027a0cda0ebf0c15c3f050,Fungi,sp,13,,Fungi 
1a49c0068bd4a4d9eac9cb31b757c837eacc7fcb,Fungi,sp,14,,Fungi 
1a49c0068bd4a4d9eac9cb31b757c837eacc7fcb,Fungi,sp,14,,Fungi 
3576b46c13a0951cdecb00c79f7252344b575010,Fungi,sp,14,,Fungi 
6573c3083aeef64749665b7d8329c5f3d1a648c4,Fungi,sp,14,,Fungi 
7624c2871466da5cd92b160b6d6148c8cc0f5c05,Fungi,sp,14,,Fungi 
bde6e01973e9104ae543b2cff5542db1983929d7,Fungi,sp,14,,Fungi 
d57d9a17cfde17cd38e349a927a30af54c0818f1,Fungi,sp,14,,Fungi 
d57d9a17cfde17cd38e349a927a30af54c0818f1,Fungi,sp,14,,Fungi 
03e09ee7e007791f1a6aa80857cb360f18404066,Fungi,sp,15,,Fungi 
08a6043faf51f73c61b6748a37e4df2b2b1e4e7b,Fungi,sp,15,,Fungi 
0c02ef1eea66803ef464a2e88e10e1492b20128e,Fungi,sp,15,,Fungi 
134212b52851ee15be2ca12b934e249b0f381f06,Fungi,sp,15,,Fungi 
1875e913d8f0af6c22841e79dd8328cae02b09bc,Fungi,sp,15,,Fungi 
1f2371aa652b68ea7bf8847fdfbf52ea3b50f163,Fungi,sp,15,,Fungi 
26b58aea412577b3eb18c41eed1b8a56d6a7510a,Fungi,sp,15,,Fungi 
2c226171861effec462237d6ce9d3060b410ba1c,Fungi,sp,15,,Fungi 
311e35280503809816ad779f1c3fb10d0c20afc7,Fungi,sp,15,,Fungi 
3b04b5c99c682dc0e648b88c90e46ed5d8783705,Fungi,sp,15,,Fungi 
4926e73f9bf841a4fd32dd18ffd4652b3e2b105f,Fungi,sp,15,,Fungi 
5944fc1847039d46d10b762f7ff838d9c45661da,Fungi,sp,15,,Fungi 
5944fc1847039d46d10b762f7ff838d9c45661da,Fungi,sp,15,,Fungi 
80adad586fb00d11ccf08d82ec3d5e343e687fe6,Fungi,sp,15,,Fungi 
8717694186f1b7e3737ff772f1e00a7c93b77703,Fungi,sp,15,,Fungi 
8717694186f1b7e3737ff772f1e00a7c93b77703,Fungi,sp,15,,Fungi 
8717694186f1b7e3737ff772f1e00a7c93b77703,Fungi,sp,15,,Fungi 
8717694186f1b7e3737ff772f1e00a7c93b77703,Fungi,sp,15,,Fungi 
9c32d9c8a828c1d212fa922711dc6cd741e5108e,Fungi,sp,15,,Fungi 
a3a3e075d5e63c65b5f3a70830b60827092c28d8,Fungi,sp,15,,Fungi 
d8bcc04650ce9d49c95d1db6b8881121c51b5a55,Fungi,sp,15,,Fungi 
3b08c97055aaa1705f97e36a4c1aaaff85b9e08f,Fungi,sp,16,,Fungi 
8b128198a7efb89e2efed32b217d84d37b15de57,Fungi,sp,16,,Fungi 
99b8464886a5b26c492c7da9ca9102a7ee0a3eb3,Fungi,sp,16,,Fungi 
b8308bd94b2a94df77e38c695503c7b067969523,Fungi,sp,16,,Fungi 
e27fc3fde6f76659c0e9615ccab2f957d3a3ea12,Fungi,sp,16,,Fungi 
0cd727c15ac2f6100089c5c41c5ebf1ac4c30110,Fungi,sp,17,,Fungi 
1a6e593d0da2818f81aec974adddbbaf1c147c32,Fungi,sp,17,,Fungi 
246355b331cc5b77f261a12504816485b53175fd,Fungi,sp,17,,Fungi 
252b900872eb543d52f92cc6cfcbc6de34d72d87,Fungi,sp,17,,Fungi 
2e545e1059b2ca5c8e1d9d905f06dd445fb4cad3,Fungi,sp,17,,Fungi 
2e545e1059b2ca5c8e1d9d905f06dd445fb4cad3,Fungi,sp,17,,Fungi 
2e545e1059b2ca5c8e1d9d905f06dd445fb4cad3,Fungi,sp,17,,Fungi 
3c51d4d18940bac41eb4609daa67872629323746,Fungi,sp,17,,Fungi 
48d76930efbcdc614ed0605d913a972d67f62297,Fungi,sp,17,,Fungi 
48d76930efbcdc614ed0605d913a972d67f62297,Fungi,sp,17,,Fungi 
5777d2fd5f2b42012b9d0dfbf7ad4004e8faf891,Fungi,sp,17,,Fungi 
589b66e0aff4ccdf8f5381c48fa7557ed8dabcaa,Fungi,sp,17,,Fungi 
7a11e848ae8ff6f43142daa04710b3691b3e6bdc,Fungi,sp,17,,Fungi 
85d43e80e43dd4000abfda61964212ac9881336c,Fungi,sp,17,,Fungi 
a7de12f29fd03df60d26ffdd5a0b03b381eeeca3,Fungi,sp,17,,Fungi 
b20ad82239ad2722a33368eb9b771986ed7b277f,Fungi,sp,17,,Fungi 
b3a0bb23684ff893d3fea08129a635fe1f616ab5,Fungi,sp,17,,Fungi 
b46e2b54c474197852c5c9870154125fccd6d0cf,Fungi,sp,17,,Fungi 
bcc31505fe383bab703fa048ec4804cf86094fae,Fungi,sp,17,,Fungi 
dde417fd117718048e9418c172a34a1b317e7592,Fungi,sp,17,,Fungi 
e1edd4d2f9313bbfd86edacd3bdc92089c08a031,Fungi,sp,17,,Fungi 
ef604c2c2bd9eb358f536f566825569e8138a7cb,Fungi,sp,17,,Fungi 
fdc9cee2f0baabd2d82017b55b89078338007805,Fungi,sp,17,,Fungi 
04d8c86ccd103399baa166482c9a7c5a3deaa7dd,Fungi,sp,18,,Fungi 
0ad3aecaba99a869dc7ea63fd3ef3841452e06b9,Fungi,sp,18,,Fungi 
123729b331090a6ba088d1c2ef26d76c220b62f6,Fungi,sp,18,,Fungi 
123729b331090a6ba088d1c2ef26d76c220b62f6,Fungi,sp,18,,Fungi 
1383b957dff3ee6a8e02a7159844a449fd7c12e3,Fungi,sp,18,,Fungi 
26fb82905192ca08b2ea35fe6c1532ccfa352b7f,Fungi,sp,18,,Fungi 
2c11adfa5a9267e38db67ba45a5c29c826b06590,Fungi,sp,18,,Fungi 
3fbc867f5285169537ed4351c41bc0d08f541c91,Fungi,sp,18,,Fungi 
445dc0b7159f9b440fd1a18a44ea225066027dcc,Fungi,sp,18,,Fungi 
44de0df0a3b3dadd70ce146bad104e081616c365,Fungi,sp,18,,Fungi 
7a8f41f16379a580d4883668ed0d3a85d315c49a,Fungi,sp,18,,Fungi 
a2b641ceae31a1c307e8434305d2c2b55bde38d6,Fungi,sp,18,,Fungi 
a51ed5db9f4e73c36d0e4230844a09ab79a56ee6,Fungi,sp,18,,Fungi 
ac65375d9f02335e4cc8eb943790ceaf7027595c,Fungi,sp,18,,Fungi 
c2b6cb000a9a6bcb46a5bcc3d03ef53700bef88d,Fungi,sp,18,,Fungi 
ce91c08a2136ea880afefbdf939485872d43384d,Fungi,sp,18,,Fungi 
ebe1c097775f87ab161d0d46b0a7037410eca5dd,Fungi,sp,18,,Fungi 
000cf9175017db71be12038d15d5bbefd969d1eb,Fungi,sp,19,,Fungi 
00be4bb148658e77f26fb98f4f62ab1088951094,Fungi,sp,19,,Fungi 
247a94041f5969d942ea1b3a699ed8fe9fea4f25,Fungi,sp,19,,Fungi 
41b80937084b40db6e90cd5aad83bd33c09e567a,Fungi,sp,19,,Fungi 
41b80937084b40db6e90cd5aad83bd33c09e567a,Fungi,sp,19,,Fungi 
7ce068d00dfd5f33206c2000425db12ba7b613e2,Fungi,sp,19,,Fungi 
87b83c8a9fecc2cde2ab08579910283236fd9e9d,Fungi,sp,19,,Fungi 
b987ae38cee3ada3325c4a603fd0d1254dd9639e,Fungi,sp,19,,Fungi 
e10ca931a055cd697d2aafe2b2e690418bca9786,Fungi,sp,2,,Fungi 
10a75f82c7cc1a797ebc1c7a6233abc81c9badd3,Fungi,sp,20,,Fungi 
45d1c523b9f4fb960f105c11a71c44c73a31df7a,Fungi,sp,20,,Fungi 
643ce59287d0cb9f452443898db8140f1d622022,Fungi,sp,20,,Fungi 
d6c807ba4b7a1fa683ef76bdafede1050f1fb52f,Fungi,sp,20,,Fungi 
585b523aa3055b6b05de71f114cfb0de4fb89e23,Fungi,sp,21,,Fungi 
1b27cd6aafb0317c8d1465df25d4c91a1ce88e32,Fungi,sp,22,,Fungi 
1f3592f5eb264e017fdf54d9d0651e7912661a22,Fungi,sp,22,,Fungi 
217662f748de4614de01db8353580543c00b56c8,Fungi,sp,22,,Fungi 
3c6e9502e22b62cbd364863b106743f9e9c62eea,Fungi,sp,22,,Fungi 
204bbd1e70a5d5ff892d8f20d6b7e4ff8e5b827e,Fungi,sp,23,,Fungi 
30cbda6e778202c79396b53aee1c563fc6c29ac9,Fungi,sp,23,,Fungi 
30cbda6e778202c79396b53aee1c563fc6c29ac9,Fungi,sp,23,,Fungi 
30cbda6e778202c79396b53aee1c563fc6c29ac9,Fungi,sp,23,,Fungi 
30cbda6e778202c79396b53aee1c563fc6c29ac9,Fungi,sp,23,,Fungi 
38297a98f4eb9b732e9cc826b58031abe6cf9210,Fungi,sp,23,,Fungi 
56803847cd08e076cdafe4e96d09ad6e8f254fd2,Fungi,sp,23,,Fungi 
91109213a747d4002c9adf68efb469dd22db5f96,Fungi,sp,23,,Fungi 
ad2ba0f1b0bf6ca4615c478e6db15f987a28b9d6,Fungi,sp,23,,Fungi 
d9ffe29509affd82fe770e9cf3d948025bb15dd3,Fungi,sp,23,,Fungi 
d9ffe29509affd82fe770e9cf3d948025bb15dd3,Fungi,sp,23,,Fungi 
d9ffe29509affd82fe770e9cf3d948025bb15dd3,Fungi,sp,23,,Fungi 
f06b2c23e0342dc0cafdeb88640995730fdf90fe,Fungi,sp,23,,Fungi 
12531ab45ec3265c0cd4210a5e8bdefcaa915b79,Fungi,sp,24,,Fungi 
283e0d5b256f67ef2cc983452b43eb13440e4440,Fungi,sp,24,,Fungi 
8e4b68a57aa75bb78efa05482db6ea2b3c7575cd,Fungi,sp,24,,Fungi 
a92232530601f6d782d98918239bee4be23abaf5,Fungi,sp,24,,Fungi 
18cca733f49116bffb39b9cb4ddc3089c5a85ce0,Fungi,sp,25,,Fungi 
237a2a5f25e11108efbc9f6bbd6405deec395211,Fungi,sp,25,,Fungi 
5b7f28a11a2f791f4338a9924f4c4a8c972eddd0,Fungi,sp,25,,Fungi 
8ef0dda70ff9587d094e50660fd4e3fb79bab431,Fungi,sp,25,,Fungi 
f29f523dc7dc9310bb836b5d247e711e7a835d29,Fungi,sp,25,,Fungi 
fd2799cc6b1b61ed6d3a0c71eb61d97e824edff9,Fungi,sp,25,,Fungi 
174c97cd1e3bfd31ab8e4cdc3472178027b4e021,Fungi,sp,26,,Fungi 
233ec80f26dfc2b6fcd92e436067c7dfbcb745d3,Fungi,sp,26,,Fungi 
33987605ef01c41e8f6fe48de2ca41f5bfdf00a3,Fungi,sp,26,,Fungi 
4e79e6b2264959cda647999fdb52033a68ad4b2e,Fungi,sp,26,,Fungi 
89290da0114b05c0c74f46f094d6758e08d1190b,Fungi,sp,26,,Fungi 
cfb87908039672a2ac7a862dbd260965ba6fd34c,Fungi,sp,26,,Fungi 
01ddffda26e69f29b70384859bfbfb3b23e85d50,Fungi,sp,27,,Fungi 
0dd50cfa640b04a2163056a2bf6fc44127e2774c,Fungi,sp,27,,Fungi 
236b7496477bbbc10977a6c0557bc68d0443d53b,Fungi,sp,3,,Fungi 
28ff9f59b0e7724b7bb7d29f6f84b9fce731a0fd,Fungi,sp,3,,Fungi 
784c893ee652fdb17228ba02c70974cea5c730c4,Fungi,sp,3,,Fungi 
8f014bafe99460202abe2002fde58de4054ccb35,Fungi,sp,3,,Fungi 
a4803c4f4c0938d69b2d9c3b2d3eb0631621429f,Fungi,sp,3,,Fungi 
d40f92c94830fc1c02a52c2292e3b46e15691fd0,Fungi,sp,3,,Fungi 
15943a4d2c9f686d781af00d992d9dd47572072e,Fungi,sp,4,,Fungi 
3fbae79ce2e9ee313a6e46a8b020e7a55ba216c0,Fungi,sp,4,,Fungi 
49c845e1712c52ffa081ca466c8c7a072b83f9da,Fungi,sp,4,,Fungi 
569c101e3407c08c50789570319bb477e18be0e6,Fungi,sp,4,,Fungi 
a2250fdb03298a3e4053b87463fe408c333cca53,Fungi,sp,4,,Fungi 
c8db4299b49c0e14eed2007ccdf45d97a62a42bd,Fungi,sp,4,,Fungi 
f0b2b963cb93f9887a634c65029bdf11a5c17ca2,Fungi,sp,4,,Fungi 
03a5b03545f5d8477059cd931fc90bf9e0c19db3,Fungi,sp,5,,Fungi 
1d5fe6886be5145ff4377653a4d3b5c1d18cf933,Fungi,sp,5,,Fungi 
8fb02111c1e015112feefe7299fe379af934daec,Fungi,sp,5,,Fungi 
c6326d46b7d81b93c7fee17af85b8418e9a254a4,Fungi,sp,5,,Fungi 
a66ec31874e15a528f8e41714fb4ee8501901ed6,Fungi,sp,6,,Fungi 
0072d13e67e1edbaea86e98e14c475f070b9cd05,Fungi,sp,7,,Fungi 
0cf14ee7134d66346667bb1f7cd3ebcbec561300,Fungi,sp,7,,Fungi 
1526fa320e4b8115a06e75d5b7aacd50decb4166,Fungi,sp,7,,Fungi 
28be1972d39842fe41fb55eca5ca7c8b65e08405,Fungi,sp,7,,Fungi 
4b17a3604d37367170bba4f076c5575bc8aaf47a,Fungi,sp,7,,Fungi 
4f0d7ab07eefe0538d2d3474859d8aa41c5107f1,Fungi,sp,7,,Fungi 
62da4ac94627753939f0cf22b7feeb9c2d909cfb,Fungi,sp,7,,Fungi 
7466a06647e0bf174644cd3069cfca5eef69b7d4,Fungi,sp,7,,Fungi 
83660e5c93aa82cb58123e70de93fb005876fc9c,Fungi,sp,7,,Fungi 
85d9b57091b069aef8b2c72e92ca54c671f128f7,Fungi,sp,7,,Fungi 
8f8830811680ac34f43b85110cc165aacae2a1e6,Fungi,sp,7,,Fungi 
92ef27ea5eabd7a7dc6c6767affb0b3ce0a25a4c,Fungi,sp,7,,Fungi 
9344e83e5a72aeb4a6b6d8ab15e04b5a5e806ccf,Fungi,sp,7,,Fungi 
9344e83e5a72aeb4a6b6d8ab15e04b5a5e806ccf,Fungi,sp,7,,Fungi 
9344e83e5a72aeb4a6b6d8ab15e04b5a5e806ccf,Fungi,sp,7,,Fungi 
9344e83e5a72aeb4a6b6d8ab15e04b5a5e806ccf,Fungi,sp,7,,Fungi 
948bdbaf481aeb2d65b2ba0e31ee888f05bd491f,Fungi,sp,7,,Fungi 
980af07a7368d082cd7ab07a1968915b7e426bf4,Fungi,sp,7,,Fungi 
a52d903c96ec45a1a2d30e92f34277d0883fdded,Fungi,sp,7,,Fungi 
ad4f0ea21984a8d8a83b04615bf29d47e7ec17e6,Fungi,sp,7,,Fungi 
c315a4ffefc2a8d66329a76aba90ebd53314f31a,Fungi,sp,7,,Fungi 
c315a4ffefc2a8d66329a76aba90ebd53314f31a,Fungi,sp,7,,Fungi 
c9270caaf1fa62c93787f7af0a9ddc83cfefd429,Fungi,sp,7,,Fungi 
c9270caaf1fa62c93787f7af0a9ddc83cfefd429,Fungi,sp,7,,Fungi 
fc984a71fed5cc1699060516a56eadadb702038f,Fungi,sp,7,,Fungi 
29ad2b456fc1bcf8e45b5e521c72a6ca236f6163,Fungi,sp,8,,Fungi 
b92a7cae7a685ecf37de9addf05596ef49375c9b,Fungi,sp,8,,Fungi 
05e224ddb7c0ba4d100dc333f1007996db0c1950,Fungi,sp,9,,Fungi 
0498e9107b75654cc06ec6f3ae8763cedeca4969,Fungi,,,,Fungi 
050ac6b1c67fcd25ad68c4c521736e1b58c1e8f9,Fungi,,,,Fungi 
072c04ee371a0a3cb19d384560380658b38ebc51,Fungi,,,,Fungi 
076269243ee9445394f4ca4958e1e027047c101e,Fungi,,,,Fungi 
10bdbc8722aa5d1e10fa0439ffb3b259a5f3d5c7,Fungi,,,,Fungi 
147046c765e35bff7fe9d4338b78bf8b6797c1c0,Fungi,,,,Fungi 
199e6bb529a0c9350f21f8743775c1491fd52cc8,Fungi,,,,Fungi 
1a18db84b5f8bb08d67f4bbfe7a78f97bfa9b0a8,Fungi,,,,Fungi 
1f76099be46d3fefabda3fb2bd6d5963b0767614,Fungi,,,,Fungi 
25ac1e7469834a11ad697f70090d5108fd767a91,Fungi,,,,Fungi 
2695c7a89bb962a6995c061f09fe3fa8b4d7cf1a,Fungi,,,,Fungi 
2a8088d4f7bea8425868d9931d142f9be286cad5,Fungi,,,,Fungi 
2b2bddee4fc7270616f1548cd7a80adebb9d86ce,Fungi,,,,Fungi 
2b2bddee4fc7270616f1548cd7a80adebb9d86ce,Fungi,,,,Fungi 
2b2bddee4fc7270616f1548cd7a80adebb9d86ce,Fungi,,,,Fungi 
2b2bddee4fc7270616f1548cd7a80adebb9d86ce,Fungi,,,,Fungi 
2f3d64fadf3651c180288aaddd100d0558b3032d,Fungi,,,,Fungi 
3706f9c9b8312fffcd7ca11609a741c8f6d9110a,Fungi,,,,Fungi 
37fe33a964da109c234988e1a8a166bc35db4494,Fungi,,,,Fungi 
38ffc0792db841dc93a4dad26f76629f16161976,Fungi,,,,Fungi 
408250db1321830b0c3fb6414403d400d12a4fb8,Fungi,,,,Fungi 
4ce3aef6c5d44ff4deced47e03f8ec2f3b6c6245,Fungi,,,,Fungi 
4ce3aef6c5d44ff4deced47e03f8ec2f3b6c6245,Fungi,,,,Fungi 
4ce3aef6c5d44ff4deced47e03f8ec2f3b6c6245,Fungi,,,,Fungi 
4ce3aef6c5d44ff4deced47e03f8ec2f3b6c6245,Fungi,,,,Fungi 
4ce3aef6c5d44ff4deced47e03f8ec2f3b6c6245,Fungi,,,,Fungi 
5fe2f2736574eb6e7cd4d31cfcc383e8c8b650c6,Fungi,,,,Fungi 
61952399ff7c1b0dc9b82b3bc1764b3093e1dade,Fungi,,,,Fungi 
65024c0908ea577ec1313f5e8898af3f91c945c7,Fungi,,,,Fungi 
6c8a7853e0bca879ccd758fde5d73d3fae71432a,Fungi,,,,Fungi 
7b692a4a618e6023d0e0f74ff983e411853bc9f2,Fungi,,,,Fungi 
8163d63eefc098fc580370062f07276faae42936,Fungi,,,,Fungi 
872b924beba1fad4c64c4dc9782d1b40b9c16977,Fungi,,,,Fungi 
b89d4ea013170c4d1dbdec17ee5bc8734356afa7,Fungi,,,,Fungi 
d2a9bc64a39103b4165f49bd29c185f5549a2f2f,Fungi,,,,Fungi 
d2a9bc64a39103b4165f49bd29c185f5549a2f2f,Fungi,,,,Fungi 
d2a9bc64a39103b4165f49bd29c185f5549a2f2f,Fungi,,,,Fungi 
d2a9bc64a39103b4165f49bd29c185f5549a2f2f,Fungi,,,,Fungi 
d2a9bc64a39103b4165f49bd29c185f5549a2f2f,Fungi,,,,Fungi 
d2a9bc64a39103b4165f49bd29c185f5549a2f2f,Fungi,,,,Fungi 
e4ff75f565aa1872f4a5d729da3f1981b5fd298b,Fungi,,,,Fungi 
195daa0453ef7894bd849f21629780e1c711a47d,Galerina,sp,,,Galerina 
5e7dca76b795934d787b4618e7990a0d47bbc83c,Galerina,sp,,,Galerina 
9dba45a8720c3a82ab3e4c850d43ffdb24725ad8,Galerina,sp,,,Galerina 
05fe685e283e6246d2e15a647fa834784aad4bb6,Galerina,sp,1,,Galerina 
8a234f2142468341ff2f250e02545cfab2c4fb58,Galerina,sp,1,,Galerina 
dbccf7231db81ead17efab14bdd67432f0f370b6,Galerina,sp,1,,Galerina 
0a7ce03aa30d08f473b090d9b68f5051bfa2d73a,Galerina,sp,10,,Galerina 
380a250f37801aeb643afabd56548d6cf5e84dc8,Galerina,sp,10,,Galerina 
3869206971625d1a2a0f7c2dbbc9d5c67ae46d6e,Galerina,sp,10,,Galerina 
696db4e97012ae47003a38b4655f50b643363d56,Galerina,sp,10,,Galerina 
80e646e5b75fb12b756b2fe6012ad2d5c9bfe109,Galerina,sp,10,,Galerina 
ecd642d29f7ef6f5d7bd0fde0bcfa98b8a3b37d9,Galerina,sp,10,,Galerina 
02d83e6bef6804ad31c1e9248fce42b4374e0f47,Galerina,sp,11,,Galerina 
205af517dd13ab8a0a39d32346231cf99b7043be,Galerina,sp,11,,Galerina 
3585bc0b3e74b11b1d59ce2025feb92fab53e667,Galerina,sp,11,,Galerina 
3585bc0b3e74b11b1d59ce2025feb92fab53e667,Galerina,sp,11,,Galerina 
3585bc0b3e74b11b1d59ce2025feb92fab53e667,Galerina,sp,11,,Galerina 
3f91a457b3b6f6098c4c20147d1964f0e5df9a72,Galerina,sp,11,,Galerina 
40c5bcd9cc01761d8f2dcba8db699d2e44a96b17,Galerina,sp,11,,Galerina 
40c5bcd9cc01761d8f2dcba8db699d2e44a96b17,Galerina,sp,11,,Galerina 
5b66bc97ca7d47858f0cce2f8acc0e8e0ee87475,Galerina,sp,11,,Galerina 
6a2ffe94fff521c2e3e7fee9101e9e381c010019,Galerina,sp,11,,Galerina 
7313c9a0bd10570df1c4af7b615a9e8fa6223eb9,Galerina,sp,11,,Galerina 
9bfe260b22d4411b27eb458e6279403035a69224,Galerina,sp,11,,Galerina 
4470d9ce5a3c86674533a27c901591510333ced0,Galerina,sp,12,,Galerina 
4470d9ce5a3c86674533a27c901591510333ced0,Galerina,sp,12,,Galerina 
a48b8b5ba9efefcc8238b81c2e030a46d85737f3,Galerina,sp,12,,Galerina 
051bff18bcf76f904c18884f514f2f4cedc57233,Galerina,sp,13,,Galerina 
05dd3356144c542e0b191f8e886aad9997ea205d,Galerina,sp,13,,Galerina 
05dd3356144c542e0b191f8e886aad9997ea205d,Galerina,sp,13,,Galerina 
05dd3356144c542e0b191f8e886aad9997ea205d,Galerina,sp,13,,Galerina 
05dd3356144c542e0b191f8e886aad9997ea205d,Galerina,sp,13,,Galerina 
28f63d8e4f6a21b83d7938eadccce66e4891294f,Galerina,sp,13,,Galerina 
85e587ce908552844b3480b88e2fc8dc72d4a548,Galerina,sp,13,,Galerina 
0f8d6e5a3dcb3f5c2edd9a3f88d18b46b6238448,Galerina,sp,14,,Galerina 
2fd0be347dd34e6fab889fec8624479566d5140e,Galerina,sp,14,,Galerina 
456352f72502d4248c4dae144a99c1a53995738e,Galerina,sp,14,,Galerina 
485e864e8ee79afca1235990a4aa3ffe12b52234,Galerina,sp,14,,Galerina 
485e864e8ee79afca1235990a4aa3ffe12b52234,Galerina,sp,14,,Galerina 
6661a66f3770e4aef3acc103af3966c13081dc80,Galerina,sp,14,,Galerina 
7ac1e7bfa604fd5de6e5f12de62ae4b28fddb583,Galerina,sp,14,,Galerina 
9cee54ed4e423cc627449f76cd61ccee9e71b753,Galerina,sp,14,,Galerina 
b4d8dc9522f1a57033cc3a214c123b1fa65fde38,Galerina,sp,14,,Galerina 
eb9fe340fd9ef880fed277f251d9c09f21887669,Galerina,sp,14,,Galerina 
2fe14eec3820358ea3c8ba4a0c359203668b0f87,Galerina,sp,15,,Galerina 
4fafb3cf11902c361173420161c3a76cbbff9e0a,Galerina,sp,16,,Galerina 
f595b8bdfe2e74c978abc666b7a4f703a79b64de,Galerina,sp,17,,Galerina 
7beb9c3b7af7091ed9fb720c17df3a321c042753,Galerina,sp,18,,Galerina 
ac67b65ffe7a99ada0b682b78376400cab723ad9,Galerina,sp,18,,Galerina 
10fa0997f5ce2581a818b2989dcb3e4c12444ac4,Galerina,sp,19,,Galerina 
27422ec0a61ff4f9d656d4ddee9f9f2615be1664,Galerina,sp,19,,Galerina 
3bec3901ed1b9cb70c42e7e2d38fbba44247a4de,Galerina,sp,19,,Galerina 
6044f36830f3dc7eb357d69b11b6ec784b785d2d,Galerina,sp,19,,Galerina 
b4419ff550dcd662537d3e115b4de217cd52611d,Galerina,sp,19,,Galerina 
2853ca6d5d9ee24a85958af74aba149f7a27d1b5,Galerina,sp,20,,Galerina 
7eebf00d2d9e88f0ff784ac836a55bed8d9cccf6,Galerina,sp,20,,Galerina 
d45708273778bf8d5bbf0c3739b7b6665f6e1acc,Galerina,sp,20,,Galerina 
05ce66f27888a09c740b6299585aadafc070c55d,Galerina,sp,3,,Galerina 
08b47fc01dbf4b00c4bbb53bcfa9c9082ef55c77,Galerina,sp,3,,Galerina 
34a4d5d14b0a27c58e359ab8a617369806e71750,Galerina,sp,3,,Galerina 
38f883f55114422ee2b9c672f866d463798dd4dd,Galerina,sp,3,,Galerina 
3b4df78193eee82cf57856bb54ec6acbd134dc19,Galerina,sp,3,,Galerina 
4248d7dfeca73b50b23bfffd3d50782f3dc7a34d,Galerina,sp,3,,Galerina 
4248d7dfeca73b50b23bfffd3d50782f3dc7a34d,Galerina,sp,3,,Galerina 
6391ef64cad973792dce1f67054d43693475caca,Galerina,sp,3,,Galerina 
6fd0dab264e654e29be2d42239ee798b379caad5,Galerina,sp,3,,Galerina 
6fd0dab264e654e29be2d42239ee798b379caad5,Galerina,sp,3,,Galerina 
6fd0dab264e654e29be2d42239ee798b379caad5,Galerina,sp,3,,Galerina 
6fd0dab264e654e29be2d42239ee798b379caad5,Galerina,sp,3,,Galerina 
6fd0dab264e654e29be2d42239ee798b379caad5,Galerina,sp,3,,Galerina 
747db60d237cf3004e25ac31f2f356aef142f40a,Galerina,sp,3,,Galerina 
7687dcae32ffc059ba2f980e6f3da9a6933f7d12,Galerina,sp,3,,Galerina 
b47b540d5167c18662cd0d544b56c1ebce4de4c2,Galerina,sp,3,,Galerina 
b47b540d5167c18662cd0d544b56c1ebce4de4c2,Galerina,sp,3,,Galerina 
b47b540d5167c18662cd0d544b56c1ebce4de4c2,Galerina,sp,3,,Galerina 
b47b540d5167c18662cd0d544b56c1ebce4de4c2,Galerina,sp,3,,Galerina 
b47b540d5167c18662cd0d544b56c1ebce4de4c2,Galerina,sp,3,,Galerina 
b47b540d5167c18662cd0d544b56c1ebce4de4c2,Galerina,sp,3,,Galerina 
b47b540d5167c18662cd0d544b56c1ebce4de4c2,Galerina,sp,3,,Galerina 
b47b540d5167c18662cd0d544b56c1ebce4de4c2,Galerina,sp,3,,Galerina 
d0fb64a15b007d52885c447d023f2f320de611c7,Galerina,sp,3,,Galerina 
e02480bc6300f53de2c50e2ba8ee975d1419af34,Galerina,sp,3,,Galerina 
0ab75f0d085ff83bc16dc6b5c67f64c1be883d18,Galerina,sp,4,,Galerina 
13ee2d126be8bb25851e4f72658673495651a617,Galerina,sp,4,,Galerina 
498b855d616722f474da8899fe7913eb14da99d4,Galerina,sp,4,,Galerina 
83036ebe97ec943c55de40b4fa4af5a151f1bdd3,Galerina,sp,4,,Galerina 
8342f3c39cedb179d4c0f00e553591e57b137891,Galerina,sp,4,,Galerina 
a34a9b3675238886e460f2b894209ff7b6c26c3f,Galerina,sp,4,,Galerina 
a625d2d489b32b7cb2f7c349d34256afc5a322a3,Galerina,sp,4,,Galerina 
a625d2d489b32b7cb2f7c349d34256afc5a322a3,Galerina,sp,4,,Galerina 
a625d2d489b32b7cb2f7c349d34256afc5a322a3,Galerina,sp,4,,Galerina 
a625d2d489b32b7cb2f7c349d34256afc5a322a3,Galerina,sp,4,,Galerina 
a625d2d489b32b7cb2f7c349d34256afc5a322a3,Galerina,sp,4,,Galerina 
a625d2d489b32b7cb2f7c349d34256afc5a322a3,Galerina,sp,4,,Galerina 
a625d2d489b32b7cb2f7c349d34256afc5a322a3,Galerina,sp,4,,Galerina 
a625d2d489b32b7cb2f7c349d34256afc5a322a3,Galerina,sp,4,,Galerina 
bd50a55c0191bfd922e4a772ab85b88b9c42dadc,Galerina,sp,4,,Galerina 
9544c4949c50b427e8cbdd6bdc3f57419f7e0c59,Galerina,sp,5,,Galerina 
d5979bb5bfb0af6c489d250307e3b52b8d63d54e,Galerina,sp,5,,Galerina 
e6aaf67a9c4bfe4e84bdb1ebfd455fe0a98f7094,Galerina,sp,5,,Galerina 
001d69befe3ee2928c46d09705612e0c11f7a056,Galerina,sp,6,,Galerina 
8759672f5e05c86cd8cfa3e1b2ab13d8a03bb106,Galerina,sp,6,,Galerina 
5c60bf022649700a407e8b20c2be05a59a044acb,Galerina,sp,7,,Galerina 
a13438c4c1b0e2baae38691eee64ba2d872c759d,Galerina,sp,7,,Galerina 
136fb815618674b7b5803ecbedef7a4102ef39c7,Galerina,sp,9,,Galerina 
8454507c1eacdeb5402408274ed03769b979ad7a,Galerina,sp,9,,Galerina 
a6d670a402a6cdcf911d90f7c3f34a0c6f34e38c,Galerina,sp,9,,Galerina 
e98b99a0cfb07720073a1de920756f834efd4be4,Galerina,sp,9,,Galerina 
f137ab8c69c9b224456c4b7f51bf4a1621c5b6b5,Galerina,sp,9,,Galerina 
fabbd795775fcaee20909d3d225abf778fa297d1,Galerina,sp,9,,Galerina 
2e063894ffa5d603ee47e479f77ca47abd866ae0,Galerina,,,acris,Galerina acris
2e063894ffa5d603ee47e479f77ca47abd866ae0,Galerina,,,acris,Galerina acris
58c18b69f25db9f7c52ec4d817835527d807e6d7,Galerina,,,acris,Galerina acris
460f3dbbaf533975c109f4abba2eed7083888b60,Galerina,,,allospora,Galerina allospora
49b2407bd27b8e24cfa811042f88778621bb49cb,Galerina,,,allospora,Galerina allospora
80a4de17649bf08c6dc1c3c4a98cc287d3283fa0,Galerina,,,allospora,Galerina allospora
9a7517b985e3ff3fabe418b99dbab3c4d5817fd6,Galerina,,,allospora,Galerina allospora
4f2786e4740d0fcc56049340e81cda470e70a918,Galerina,aff,,atkinsoniana,Galerina atkinsoniana
6cd79d8f55267610f7393bdd80ead6a3284d08a6,Galerina,,,atkinsoniana,Galerina atkinsoniana
6cd79d8f55267610f7393bdd80ead6a3284d08a6,Galerina,,,atkinsoniana,Galerina atkinsoniana
cbfdce04ed6c3f257d4d803ef451ee259a9ca131,Galerina,,,atkinsoniana,Galerina atkinsoniana
095247aecd6e774e79908dcfa9328a6f8e4e0a16,Galerina,,,atkinsoniana2,Galerina atkinsoniana2
0c318b8f876bba65e60111572fe13d671c9cc993,Galerina,,,atkinsoniana2,Galerina atkinsoniana2
310978b299d91269ead0e41aab8958ea980f295c,Galerina,,,atkinsoniana2,Galerina atkinsoniana2
395d2dceb36181701a8cfdb70c00d144de839594,Galerina,,,atkinsoniana2,Galerina atkinsoniana2
3c498f7a89cbaf30902a9cb52e46646da5d746a1,Galerina,,,atkinsoniana2,Galerina atkinsoniana2
3c498f7a89cbaf30902a9cb52e46646da5d746a1,Galerina,,,atkinsoniana2,Galerina atkinsoniana2
4216fe8765bdcfd7a89d807f5a4db1bf11567786,Galerina,,,atkinsoniana2,Galerina atkinsoniana2
6a15fdbc5ca4a7e93b433e9997c605858a6019ab,Galerina,,,atkinsoniana2,Galerina atkinsoniana2
b0e6f44efb61f1ce4d0a93edab1c81d316002369,Galerina,,,atkinsoniana2,Galerina atkinsoniana2
efa62e152fb076a24c0fbe3db9da0c91ebe67202,Galerina,,,atkinsoniana2,Galerina atkinsoniana2
0d90b30fed2a20b0fd2cf4b3a4f3279fe78e8207,Galerina,aff,,calyptrata,Galerina calyptrata
1efba3e326ac9d213004c435472b635a761147f7,Galerina,aff,,calyptrata,Galerina calyptrata
349cae445a14fe287a02792ae477b6cf9e1a1fab,Galerina,aff,,calyptrata,Galerina calyptrata
349cae445a14fe287a02792ae477b6cf9e1a1fab,Galerina,aff,,calyptrata,Galerina calyptrata
6f2a3e46bcc7b1fbdc5198a31a5d78e9d1d7f20a,Galerina,aff,,calyptrata,Galerina calyptrata
8276ce379d25b90f47d29bae79e1d2b4c3d152f2,Galerina,aff,,calyptrata,Galerina calyptrata
5bebc782f370937c0ef36b7feae3370061102add,Galerina,cf,,clavata,Galerina clavata
034f4b7e2aca7eac18051b74d0b40fc34d1c213b,Galerina,,,fallax,Galerina fallax
034f4b7e2aca7eac18051b74d0b40fc34d1c213b,Galerina,,,fallax,Galerina fallax
0578ea621e75c2f888753fd27130a5872e8c20aa,Galerina,,,fallax,Galerina fallax
08389c311d44a8d9be7503d673444c3d071264f5,Galerina,,,fallax,Galerina fallax
0f0a0508a4cf5e0941ca10775e063d14ddc47a1a,Galerina,,,fallax,Galerina fallax
139d36fcd340cfe9a805d6e139f5c17945907160,Galerina,aff,,fallax,Galerina fallax
1425bfcd463a9961b6c60f427774774ccc732d36,Galerina,,,fallax,Galerina fallax
233821b889aead5264723a8efbe9f49ad030103f,Galerina,,,fallax,Galerina fallax
266c9be4b3360f44cbee8c2c5058a941d740339f,Galerina,,,fallax,Galerina fallax
29b51e98b153d98f89389a4d6ece6412f8a9e13d,Galerina,,,fallax,Galerina fallax
2e7d44ffbfd305ec3b56d4e3552217ff2a5d496f,Galerina,,,fallax,Galerina fallax
33a232d44d0026328c9c305f45b255f02744820c,Galerina,,,fallax,Galerina fallax
33a232d44d0026328c9c305f45b255f02744820c,Galerina,,,fallax,Galerina fallax
366952b3a39351df6ce21a054cb0ec95a48bbde2,Galerina,,,fallax,Galerina fallax
3ce27ef42bea48ec1ded8d213eb52c24486eeacc,Galerina,,,fallax,Galerina fallax
3ce27ef42bea48ec1ded8d213eb52c24486eeacc,Galerina,,,fallax,Galerina fallax
505033447e1ec5d5c74b909b08f236d7a24ad476,Galerina,,,fallax,Galerina fallax
51a11f7da4b6f03ef6c7ac400b483cf317b0d65d,Galerina,,,fallax,Galerina fallax
6359d01e500e20e5e3c87f79c96ca053741ab9c9,Galerina,aff,,fallax,Galerina fallax
69e4c57155ea093d55063222892bdb48010cf623,Galerina,,,fallax,Galerina fallax
786321ef6d259886a0b7a61568d50cd5a797b0ef,Galerina,,,fallax,Galerina fallax
786321ef6d259886a0b7a61568d50cd5a797b0ef,Galerina,,,fallax,Galerina fallax
7a09a9924e274f4adc33c147b3854b0a7537a231,Galerina,,,fallax,Galerina fallax
85c8f82bb7fdc77c3397d0c405f6c115334de2bf,Galerina,,,fallax,Galerina fallax
a028cd87dea4ef60a9f220e03e667cefa27d0107,Galerina,,,fallax,Galerina fallax
a42a208a43e8870cd5c63b75063e31241adcd669,Galerina,,,fallax,Galerina fallax
ad2fbe9070a5b4ed2eff92a32e3aaaad2eb34bb3,Galerina,,,fallax,Galerina fallax
ad2fbe9070a5b4ed2eff92a32e3aaaad2eb34bb3,Galerina,,,fallax,Galerina fallax
c045454842a53cf3832d7a4feba20cee81ed96b8,Galerina,,,fallax,Galerina fallax
c51ab5e54473393d2c8ccc7c54bffe6d7193f6d5,Galerina,,,fallax,Galerina fallax
c67170866f8fe2e1d1d9b1270a729df40d0cd650,Galerina,,,fallax,Galerina fallax
cc9dc68c2e71d158de5ae436697053af7d092b6f,Galerina,,,fallax,Galerina fallax
dcb0cb1ae008612b768903368042776d9ea536b3,Galerina,,,fallax,Galerina fallax
eeb5f854e3192ff93553529dab9cefda1e5097b9,Galerina,,,fallax,Galerina fallax
eeb5f854e3192ff93553529dab9cefda1e5097b9,Galerina,,,fallax,Galerina fallax
f12d90a9fe6ca4c6bc3f6897c35e04c90089bbe5,Galerina,,,fallax,Galerina fallax
f41a9156a3506ed81cbacc1f4d4f795fee84ede7,Galerina,,,fallax,Galerina fallax
4011516449474cf281de8ad261a99aa676a8bb8d,Galerina,,,hybrida,Galerina hybrida
645b9fafedbe7fe1f98f076f0e45825bfae797cd,Galerina,,,hybrida,Galerina hybrida
dc1198971271d82dd500b0e1da61b0806fdb3801,Galerina,,,hypnorum,Galerina hypnorum
04d53894c8b323a7acb5d0676a807e7ceba6ff6c,Galerina,cf,,jaapii,Galerina jaapii
1c805a1580c2d747a60a9f0a09425d13e151e567,Galerina,cf,,jaapii,Galerina jaapii
32250578e8102b6b9588126bd04a0efd5bdd3c0d,Galerina,cf,,jaapii,Galerina jaapii
32250578e8102b6b9588126bd04a0efd5bdd3c0d,Galerina,cf,,jaapii,Galerina jaapii
13b8367e5d721a9810463fe72daf56f271f3bc00,Galerina,,,lubrica,Galerina lubrica
13b8367e5d721a9810463fe72daf56f271f3bc00,Galerina,,,lubrica,Galerina lubrica
13b8367e5d721a9810463fe72daf56f271f3bc00,Galerina,,,lubrica,Galerina lubrica
1e9bc22bccb2fd44a3b3a45a47a29b24d99d9f8f,Galerina,,,lubrica,Galerina lubrica
30d5688295b49c340c590e88500cb7fe3b6e5bd6,Galerina,,,lubrica,Galerina lubrica
30d5688295b49c340c590e88500cb7fe3b6e5bd6,Galerina,,,lubrica,Galerina lubrica
30d5688295b49c340c590e88500cb7fe3b6e5bd6,Galerina,,,lubrica,Galerina lubrica
30d5688295b49c340c590e88500cb7fe3b6e5bd6,Galerina,,,lubrica,Galerina lubrica
30d5688295b49c340c590e88500cb7fe3b6e5bd6,Galerina,,,lubrica,Galerina lubrica
30d5688295b49c340c590e88500cb7fe3b6e5bd6,Galerina,,,lubrica,Galerina lubrica
93c8280b618ef5a0219f924a0c5ec34965c81e69,Galerina,,,lubrica,Galerina lubrica
b06c280e7d4a2c82d97dbba974b8ddd32c744253,Galerina,,,lubrica,Galerina lubrica
bd77a537cbf7dd7abb5fec01dec9fa20d76cd0a0,Galerina,,,lubrica,Galerina lubrica
e9ed1a463cf0559f10a4aa7410950d28eb1bfea5,Galerina,,,lubrica,Galerina lubrica
e9ed1a463cf0559f10a4aa7410950d28eb1bfea5,Galerina,,,lubrica,Galerina lubrica
e9ed1a463cf0559f10a4aa7410950d28eb1bfea5,Galerina,,,lubrica,Galerina lubrica
e9ed1a463cf0559f10a4aa7410950d28eb1bfea5,Galerina,,,lubrica,Galerina lubrica
f580ce3a9dded20dc89cf6166f3199d407298a9e,Galerina,,,lubrica,Galerina lubrica
2186f22f94cc24080c8918c50eac3beea0282707,Galerina,,,luteolosperma,Galerina luteolosperma
2f2a006628de5c6aa8f642e354889d997ce3b365,Galerina,,,luteolosperma,Galerina luteolosperma
2f2a006628de5c6aa8f642e354889d997ce3b365,Galerina,,,luteolosperma,Galerina luteolosperma
2f2a006628de5c6aa8f642e354889d997ce3b365,Galerina,,,luteolosperma,Galerina luteolosperma
39a32ade62a71e9f713b79092648c3444a5aa070,Galerina,,,luteolosperma,Galerina luteolosperma
67c6dceac066be8eb7e0093172aa26f43a601e42,Galerina,,,luteolosperma,Galerina luteolosperma
681ed23f0238b97b584cfa7efd7990b0c000741c,Galerina,,,luteolosperma,Galerina luteolosperma
740717e84c07ae4aeb24d2b071ec43429cb8960f,Galerina,,,luteolosperma,Galerina luteolosperma
740717e84c07ae4aeb24d2b071ec43429cb8960f,Galerina,,,luteolosperma,Galerina luteolosperma
74d19570e398d9768d39b095d6c58518841e2f71,Galerina,,,luteolosperma,Galerina luteolosperma
76c6f3c659532af61dad5c8ea17b6083e507c2ff,Galerina,,,luteolosperma,Galerina luteolosperma
81a4aafe3d76f7de54e180ec5856bfdebae56ee2,Galerina,,,luteolosperma,Galerina luteolosperma
8c70e64d9fcebaad5344a32925bf959edd219386,Galerina,,,luteolosperma,Galerina luteolosperma
8f6296344b75e70aa71226e216a2e389117ba9d4,Galerina,,,luteolosperma,Galerina luteolosperma
aae4c4e9f2eb3df65eeb56d819ba44ca1eab57a0,Galerina,,,luteolosperma,Galerina luteolosperma
d31483ec2ac009ea368adb343d54b54749b84a85,Galerina,,,luteolosperma,Galerina luteolosperma
dd2d8d6e1e6742d7fe524fbe759cacfea27fa916,Galerina,,,luteolosperma,Galerina luteolosperma
e504b41d5cd8c0bf236396603964a15880561e6d,Galerina,,,luteolosperma,Galerina luteolosperma
00d299513aa3b64da5f07b070148d7d105ea8bdc,Galerina,cf,,marginata,Galerina marginata
173b1b5984a0cad6c86f73dcd0948c254bc61089,Galerina,cf,,marginata,Galerina marginata
17835ebbaccb5ec7f461f40ca452f6843f8c098e,Galerina,cf,,marginata,Galerina marginata
1891457741237438e715ed69510d20c143537b0c,Galerina,cf,,marginata,Galerina marginata
1bc2c3db65d814c582d8c47ddf0b62394d564293,Galerina,cf,,marginata,Galerina marginata
27f626065a454f70c918e725b1659a48ee8dcc4a,Galerina,cf,,marginata,Galerina marginata
3baf65682b0011df34cc730f780d5ff102af5fba,Galerina,cf,,marginata,Galerina marginata
3e65a9e022553ff85098d98cc826f06487ab08ee,Galerina,cf,,marginata,Galerina marginata
53ce27ef5a00b838cc476d02808e5880a407d450,Galerina,cf,,marginata,Galerina marginata
7a4334910489c4b043a25a422c37ecc1bfd29762,Galerina,cf,,marginata,Galerina marginata
7d0e6978093a40e20b3697b56fcdd51c23e610ff,Galerina,cf,,marginata,Galerina marginata
bf71cfa79815d0d92422140f058d260486292f75,Galerina,cf,,marginata,Galerina marginata
52f4e73dfb49fba9fb14ecd68a5644f5fa346332,Galerina,,,mniophila,Galerina mniophila
6022045a054273d7ba2a542cc2599d4610e4c1e6,Galerina,,,mniophila,Galerina mniophila
84d1ab5a8ef51ef5a231a05ba183c1ea72981dbd,Galerina,,,mniophila,Galerina mniophila
8767e39ea619edb740308b76d252ef0ce84e057a,Galerina,,,mniophila,Galerina mniophila
b7e95a38877209e2d2dfb3a8ea15d91f25694c11,Galerina,,,mniophila,Galerina mniophila
b7e95a38877209e2d2dfb3a8ea15d91f25694c11,Galerina,,,mniophila,Galerina mniophila
c0a5f52db087c13a9f8ad2b7e51126ce75dc897c,Galerina,,,mniophila,Galerina mniophila
c3bac84ef04d2003a1829f17a77073b04424d1b0,Galerina,,,mniophila,Galerina mniophila
fe398897323673b28ae58bc4dce627930cdb66dc,Galerina,,,mniophila,Galerina mniophila
fe398897323673b28ae58bc4dce627930cdb66dc,Galerina,,,mniophila,Galerina mniophila
00e55e2e228772860330b094da101ebe3307b528,Galerina,,,paludosa,Galerina paludosa
0f278e768b1fc5d787f44a71411c2e68aeebf09e,Galerina,,,paludosa,Galerina paludosa
14ad0f552c89acf853bb036c75777392f086c1e7,Galerina,,,paludosa,Galerina paludosa
164d138b47d8b08e94e63d0e382cad8cadc01a8b,Galerina,,,paludosa,Galerina paludosa
7c5b15b75fe39af4e4483665ba346cb13b4131af,Galerina,,,paludosa,Galerina paludosa
8f412f4572b20dd31e4ec32dcca0aac8f3f8deeb,Galerina,,,paludosa,Galerina paludosa
c789a596c682a16e5ee7f4a11c3eaf27e89906ac,Galerina,,,paludosa,Galerina paludosa
1d84b65df0fbc764d4304e576f2653f47ab5134e,Galerina,,,pseudocamerina,Galerina pseudocamerina
44f528234116ffca0e32f1bb5a67924b9c52e1f9,Galerina,,,pseudocamerina,Galerina pseudocamerina
45af6d92d0bd7dc0b5ef721053f0dba6bf9edf94,Galerina,,,pseudocamerina,Galerina pseudocamerina
45af6d92d0bd7dc0b5ef721053f0dba6bf9edf94,Galerina,,,pseudocamerina,Galerina pseudocamerina
7e328200c5437320f0d170afad480a4dcf3a3be7,Galerina,,,pseudocamerina,Galerina pseudocamerina
89725692bfead033092f0f3049770073b8db36cd,Galerina,,,pseudocamerina,Galerina pseudocamerina
a54169a28bad5154c72c1b13d601a1d89b373ae3,Galerina,,,pseudocamerina,Galerina pseudocamerina
ca6e23db2612d2e14072abaf0d52cf9bcbfaad41,Galerina,,,pseudocamerina,Galerina pseudocamerina
f19aead080b3223760a492ec38d6577beac74a18,Galerina,,,pseudocamerina,Galerina pseudocamerina
00a08cd0d57926a82a44b8145f9f236695e4af87,Galerina,,,sphagnicola,Galerina sphagnicola
061b2c249ae93e3a6fc444bfe6272b79f5db9156,Galerina,,,sphagnicola,Galerina sphagnicola
10108ad56720e100fafe7ba5c388740403f65235,Galerina,,,sphagnicola,Galerina sphagnicola
1200a07b02f6494ebd6cb12d6845c5e528bbe3db,Galerina,,,sphagnicola,Galerina sphagnicola
1200a07b02f6494ebd6cb12d6845c5e528bbe3db,Galerina,,,sphagnicola,Galerina sphagnicola
1200a07b02f6494ebd6cb12d6845c5e528bbe3db,Galerina,,,sphagnicola,Galerina sphagnicola
1200a07b02f6494ebd6cb12d6845c5e528bbe3db,Galerina,,,sphagnicola,Galerina sphagnicola
1addbe1059557dccf8d997a2f31855604262ac17,Galerina,,,sphagnicola,Galerina sphagnicola
2b64498aa357a019785049436fdaddf5981c95e1,Galerina,,,sphagnicola,Galerina sphagnicola
2ec43766ff4b20e39b6a1428123cc43938df0e59,Galerina,,,sphagnicola,Galerina sphagnicola
36379fda78e745388f8724ed26875ea320095a29,Galerina,,,sphagnicola,Galerina sphagnicola
48cf102184ec95534afc70d8d48edb1b926e5620,Galerina,,,sphagnicola,Galerina sphagnicola
629b47ce60f49f2f8c71132905d2976ab8ba8236,Galerina,,,sphagnicola,Galerina sphagnicola
c28841e998deb1c34896721e18b4b33b34e0f5d8,Galerina,,,sphagnicola,Galerina sphagnicola
d826b8e6621158c4c57128d26861967a6e518c5d,Galerina,,,sphagnicola,Galerina sphagnicola
ef1cda4fe0a56df0aec48bca92a16037d3bc6c2b,Galerina,,,sphagnicola,Galerina sphagnicola
f28c0b44aa1c74622bbbb0fc283b32996f619145,Galerina,,,sphagnicola,Galerina sphagnicola
f28c0b44aa1c74622bbbb0fc283b32996f619145,Galerina,,,sphagnicola,Galerina sphagnicola
f28c0b44aa1c74622bbbb0fc283b32996f619145,Galerina,,,sphagnicola,Galerina sphagnicola
f28c0b44aa1c74622bbbb0fc283b32996f619145,Galerina,,,sphagnicola,Galerina sphagnicola
f28c0b44aa1c74622bbbb0fc283b32996f619145,Galerina,,,sphagnicola,Galerina sphagnicola
f28c0b44aa1c74622bbbb0fc283b32996f619145,Galerina,,,sphagnicola,Galerina sphagnicola
f28c0b44aa1c74622bbbb0fc283b32996f619145,Galerina,,,sphagnicola,Galerina sphagnicola
f28c0b44aa1c74622bbbb0fc283b32996f619145,Galerina,,,sphagnicola,Galerina sphagnicola
f28c0b44aa1c74622bbbb0fc283b32996f619145,Galerina,,,sphagnicola,Galerina sphagnicola
f28c0b44aa1c74622bbbb0fc283b32996f619145,Galerina,,,sphagnicola,Galerina sphagnicola
f28c0b44aa1c74622bbbb0fc283b32996f619145,Galerina,,,sphagnicola,Galerina sphagnicola
f28c0b44aa1c74622bbbb0fc283b32996f619145,Galerina,,,sphagnicola,Galerina sphagnicola
1dc0cd7fad1ae2562b07e2a51df618b64b80abdb,Galerina,aff,,stordalii,Galerina stordalii
2357a8a3256bd425fb32563830430d80c2116ac4,Galerina,cf,,stylifera,Galerina stylifera
e8ad72e284e4ef6add3297ac2df95a1583131966,Galerina,,,stylifera,Galerina stylifera
3178561b6cb36d96a876fa098ab18c590d007dd2,Galerina,,,tibiicystis,Galerina tibiicystis
386dc2f2ee278d2cd198370b2e1dc894ea346378,Galerina,,,tibiicystis,Galerina tibiicystis
92b62e1bf4be5b14de39473803102fdda9d15a3c,Galerina,,,tibiicystis,Galerina tibiicystis
e12d46219716ef754836fcaf9ec034d85a3e01c4,Galerina,,,tibiicystis,Galerina tibiicystis
13b4cebef299e4b998c45a61ac252f90911c559c,Galerina,cf,,vittiformis,Galerina vittiformis
1912cef3570b100f590f5a4baf39d8063e9dfa8e,Galerina,cf,,vittiformis,Galerina vittiformis
2ab0047870e6bf3805940f55049cfd7ff053e79e,Galerina,cf,,vittiformis,Galerina vittiformis
2ab0047870e6bf3805940f55049cfd7ff053e79e,Galerina,cf,,vittiformis,Galerina vittiformis
defa8351ede7f53eea16c133d26a44a479f2ddb2,Galerina,cf,,vittiformis,Galerina vittiformis
defa8351ede7f53eea16c133d26a44a479f2ddb2,Galerina,cf,,vittiformis,Galerina vittiformis
cf3a01501c36c221676cec9f86dcb87e966c8fb5,Gamundia,sp,1,,Gamundia 
337c70ed74f65b014a3ec5cbeceaec3feaffb346,Gliophorus,sp,1,,Gliophorus 
8a771ec846c811d68dc8fe9011dcbaff5821bf9c,Gliophorus,sp,1,,Gliophorus 
b4a914b596d865df83718b1645e3e7435beed93f,Gliophorus,cf,,laetus,Gliophorus laetus
e11b345ef818941ebd39f8605ba30f276afdc921,Gliophorus,cf,,laetus,Gliophorus laetus
bc7489e381eadb9dabb661eee91ba248efd6314d,Globaria,,,muscicola,Globaria muscicola
574cfe78edce4eca0d6daf1ad3e4a2673d03f0ae,Godronia,sp,,,Godronia 
51995a1d565513432c671df5bb3a9d22c8dfc386,Gomphidius,,,flavipes,Gomphidius flavipes
ae540ef5e46481418350c10240ebba7d33940f53,Gymnopilus,sp,1,,Gymnopilus 
41140f58ac12a29f9a15b46cfada544afac60e33,Gymnopilus,sp,2,,Gymnopilus 
19e14946d17195c8f073ef71e5be623f62b1b5b3,Gymnopilus,,,decipiens,Gymnopilus decipiens
1d2b706c465ee56069ceebece9e9d1b34eea7112,Gymnopilus,,,decipiens,Gymnopilus decipiens
1d2b706c465ee56069ceebece9e9d1b34eea7112,Gymnopilus,,,decipiens,Gymnopilus decipiens
68e75601c0f9d039d76e537ec66ca9f910b43ae3,Gymnopilus,,,decipiens,Gymnopilus decipiens
8c9d1950d1c3074cf094fa109167709c7663bd2c,Gymnopilus,,,decipiens,Gymnopilus decipiens
b42720d7e7abce77bc8a74754fd6499641cb8907,Gymnopilus,,,decipiens,Gymnopilus decipiens
4526c0faa3182d2ac4631af972ae537a022b23eb,Gymnopilus,,,hybridus,Gymnopilus hybridus
56aa1ff069c15e616ac8308b20f784e657014039,Gymnopilus,,,hybridus,Gymnopilus hybridus
56aa1ff069c15e616ac8308b20f784e657014039,Gymnopilus,,,hybridus,Gymnopilus hybridus
c2def0326d2bb3ca8f191fb88b33e9755141c868,Gymnopilus,,,hybridus,Gymnopilus hybridus
e3b4280fba139b75ec250faee75517834e107a3e,Gymnopilus,,,hybridus,Gymnopilus hybridus
0ffad398ca7225f4fc666ab6dc5d6d3d76e5ff0c,Gymnopilus,cf,2,penetrans,Gymnopilus penetrans
dc5d84562cd9528cd920b3e53b35d18b5c12f6ce,Gymnopilus,,,sordidostipes,Gymnopilus sordidostipes
022193a5576a3fea94b81baaa455e77b8799f43c,Gymnopus,cf,,androsaceus,Gymnopus androsaceus
0778b048185c7183cde6b144bf520229c6eda220,Gymnopus,cf,,androsaceus,Gymnopus androsaceus
08d2ba60a3ad8ccd91139b1f0218f26539330686,Gymnopus,cf,,androsaceus,Gymnopus androsaceus
091e2cad75a5f723eee84b84cfbb02d479c23dff,Gymnopus,cf,,androsaceus,Gymnopus androsaceus
0a0ecdd183ebc21664814cde3b67266d7fed031b,Gymnopus,cf,,androsaceus,Gymnopus androsaceus
0b07c50a9d906452c24816b61a0ee3273e87157a,Gymnopus,cf,,androsaceus,Gymnopus androsaceus
0c4f042480e1e88a2066d6d0fda358b9a651c861,Gymnopus,cf,,androsaceus,Gymnopus androsaceus
1009116b3fea9fc549d53be9e7b325b73ff9cff8,Gymnopus,cf,,androsaceus,Gymnopus androsaceus
101681650b9a5be5082dd6782cbead919db7aae0,Gymnopus,cf,,androsaceus,Gymnopus androsaceus
10ea53c15d768a14f34943d31ef512d8588c8632,Gymnopus,cf,,androsaceus,Gymnopus androsaceus
12ea7da090124c8212b28bea5ae90b0b99ce3ee8,Gymnopus,cf,,androsaceus,Gymnopus androsaceus
1fcc4b4639d5bb50ec5149dbf876a9045d6117e8,Gymnopus,cf,,androsaceus,Gymnopus androsaceus
2c37c504a6799fbc392ea438b3fd9d6b461335b4,Gymnopus,cf,,androsaceus,Gymnopus androsaceus
32fe903bcf39d78657d829e70253f9a170b540ab,Gymnopus,cf,,androsaceus,Gymnopus androsaceus
32fe903bcf39d78657d829e70253f9a170b540ab,Gymnopus,cf,,androsaceus,Gymnopus androsaceus
37e849858daab82067930af4151d380f9f72be73,Gymnopus,cf,,androsaceus,Gymnopus androsaceus
3c36c1ba271593645bfb1de4995249da3f891f88,Gymnopus,cf,,androsaceus,Gymnopus androsaceus
3c3d3b6f389a100453c177a0e7c5fb2571ebcb8b,Gymnopus,cf,,androsaceus,Gymnopus androsaceus
55cbe34d3b009618aa5180a7d8cd7b05a1049d93,Gymnopus,cf,,androsaceus,Gymnopus androsaceus
641c2905bde98e3c2b0418c8341da95d8dee56eb,Gymnopus,cf,,androsaceus,Gymnopus androsaceus
67d404eded072336177c9e579d335d5ccf6f2bca,Gymnopus,cf,,androsaceus,Gymnopus androsaceus
67d404eded072336177c9e579d335d5ccf6f2bca,Gymnopus,cf,,androsaceus,Gymnopus androsaceus
67d404eded072336177c9e579d335d5ccf6f2bca,Gymnopus,cf,,androsaceus,Gymnopus androsaceus
75961873e36b57b14f8f1dc6be736ccc0f6aebab,Gymnopus,cf,,androsaceus,Gymnopus androsaceus
784e201959634e05dd2bbbb5da6427acbd772fa1,Gymnopus,cf,,androsaceus,Gymnopus androsaceus
78c44f390b25683600135b463f9ecd8a46f8334d,Gymnopus,cf,,androsaceus,Gymnopus androsaceus
80e89510fca0292a3f1eecdf2edf5e7c90fed002,Gymnopus,cf,,androsaceus,Gymnopus androsaceus
86ceafee6d90d92f0f08babcf17b06f5c5adfa39,Gymnopus,cf,,androsaceus,Gymnopus androsaceus
8e5416e8a53e135564457f49797d9552f0d16377,Gymnopus,cf,,androsaceus,Gymnopus androsaceus
93a4e0abb4805ff6794ad97ffc12ee9da27eff73,Gymnopus,cf,,androsaceus,Gymnopus androsaceus
a1e283de963c6e7b887ac4a68da02f86317b3b0a,Gymnopus,cf,,androsaceus,Gymnopus androsaceus
ac469cb1d185ceabf45b87e27e43058e7364b3fb,Gymnopus,cf,,androsaceus,Gymnopus androsaceus
b1afba98bd465e1d68752f2712ca5530e5ff16fe,Gymnopus,cf,,androsaceus,Gymnopus androsaceus
cb7aa01d2393d11010c42bcbee3012afcb4f4e24,Gymnopus,cf,,androsaceus,Gymnopus androsaceus
cb7aa01d2393d11010c42bcbee3012afcb4f4e24,Gymnopus,cf,,androsaceus,Gymnopus androsaceus
cb7aa01d2393d11010c42bcbee3012afcb4f4e24,Gymnopus,cf,,androsaceus,Gymnopus androsaceus
cb7aa01d2393d11010c42bcbee3012afcb4f4e24,Gymnopus,cf,,androsaceus,Gymnopus androsaceus
cb7aa01d2393d11010c42bcbee3012afcb4f4e24,Gymnopus,cf,,androsaceus,Gymnopus androsaceus
cb7aa01d2393d11010c42bcbee3012afcb4f4e24,Gymnopus,cf,,androsaceus,Gymnopus androsaceus
cb7aa01d2393d11010c42bcbee3012afcb4f4e24,Gymnopus,cf,,androsaceus,Gymnopus androsaceus
cb7aa01d2393d11010c42bcbee3012afcb4f4e24,Gymnopus,cf,,androsaceus,Gymnopus androsaceus
cb7aa01d2393d11010c42bcbee3012afcb4f4e24,Gymnopus,cf,,androsaceus,Gymnopus androsaceus
cb7aa01d2393d11010c42bcbee3012afcb4f4e24,Gymnopus,cf,,androsaceus,Gymnopus androsaceus
cb7aa01d2393d11010c42bcbee3012afcb4f4e24,Gymnopus,cf,,androsaceus,Gymnopus androsaceus
cb7aa01d2393d11010c42bcbee3012afcb4f4e24,Gymnopus,cf,,androsaceus,Gymnopus androsaceus
d2eb573244fadcfe361cd8e91fc1c1d8f5d85b4d,Gymnopus,cf,,androsaceus,Gymnopus androsaceus
339d867be0ef71c926d9ea3f63c3b2288ef6fcf5,Gymnopus,aff,2,aquosus,Gymnopus aquosus
339d867be0ef71c926d9ea3f63c3b2288ef6fcf5,Gymnopus,aff,2,aquosus,Gymnopus aquosus
339d867be0ef71c926d9ea3f63c3b2288ef6fcf5,Gymnopus,aff,2,aquosus,Gymnopus aquosus
339d867be0ef71c926d9ea3f63c3b2288ef6fcf5,Gymnopus,aff,2,aquosus,Gymnopus aquosus
6f0048efb2f5dffbff1aec793280a8dfba4305d2,Gymnopus,aff,2,aquosus,Gymnopus aquosus
e27557f381c6f1dbeefd52e8823fbf95f07b710e,Gymnopus,aff,2,aquosus,Gymnopus aquosus
005420aaf52cbcb641b4d9897527049971efc0ab,Gymnopus,aff,,aquosus,Gymnopus aquosus
1cff4aefda354baaa5c702809af46755862041fb,Gymnopus,cf,,aquosus,Gymnopus aquosus
617b60ad3c31095b6c9b1173b49a9ca16877ec54,Gymnopus,aff,,aquosus,Gymnopus aquosus
68ee2fd095138b5dd1762a346d9f10014076a8d0,Gymnopus,,,aquosus,Gymnopus aquosus
7a304b87784307db2f4a6bc6da4a0f9a0ff96747,Gymnopus,aff,,aquosus,Gymnopus aquosus
c2c94d1d3b211e56957a5a77b157bfd51ab28126,Gymnopus,aff,,aquosus,Gymnopus aquosus
fa64955e8e326fd22b2ba02da0cb6171f0e0eb19,Gymnopus,aff,,aquosus,Gymnopus aquosus
17cc8a7c6b268d80d7f3eba2a3a206a3f8ce30a0,Gymnopus,cf,,dryophilus,Gymnopus dryophilus
859af08ea3214d16050bb2008a6bcc5e34462a17,Gymnopus,cf,,dryophilus,Gymnopus dryophilus
2a7a253a2bca54e426273037e3b156a0ee2cd3b6,Gymnopus,cf,,subsulphureus,Gymnopus subsulphureus
3bc1c5cc5955b001918f40a09301e8735d85fe3b,Gymnopus,cf,,subsulphureus,Gymnopus subsulphureus
4e38d761659f990a30f14a736d7dd32e97ba7436,Gymnopus,cf,,subsulphureus,Gymnopus subsulphureus
6ed3a39afc7c3ae06c5bd97c36d598ab7971f84e,Gymnopus,cf,,subsulphureus,Gymnopus subsulphureus
6ed3a39afc7c3ae06c5bd97c36d598ab7971f84e,Gymnopus,cf,,subsulphureus,Gymnopus subsulphureus
8a34661e2478ea302b7bc554ee4a8bcf0efea06d,Gymnopus,cf,,subsulphureus,Gymnopus subsulphureus
93bc2495cf75094266694419ed6fa3213186c4ef,Gymnopus,cf,,subsulphureus,Gymnopus subsulphureus
acd0889f539e44ffa808c76052463fd11c502683,Gymnopus,cf,,subsulphureus,Gymnopus subsulphureus
b29aa2acf66c29d82640c1132c157b748c361892,Gymnopus,cf,,subsulphureus,Gymnopus subsulphureus
effe22223bda1a9b9d24e7bbd7d98ca725efb462,Gymnopus,cf,,subsulphureus,Gymnopus subsulphureus
50d7848e1636a2c00fba07e5b8daa8b015adae96,Hebeloma,sp,1,,Hebeloma 
2987c33b24d6608b58a698b60fd3c9ba5f876181,Hebeloma,sp,3,,Hebeloma 
0d27629a7fd1c8c83ea751d55550dcf32ca029b3,Hebeloma,sp,4,,Hebeloma 
0471f6edd0651cc67d1fac515a5efa2b99ff5ea8,Hebeloma,,,aurantioumbrinum,Hebeloma aurantioumbrinum
4419ed0e1c311186c672c9d4a6615844363c19ce,Hebeloma,,,aurantioumbrinum,Hebeloma aurantioumbrinum
4419ed0e1c311186c672c9d4a6615844363c19ce,Hebeloma,,,aurantioumbrinum,Hebeloma aurantioumbrinum
812da57f164f76e929aefd80e8ce92ab31ea48cc,Hebeloma,,,aurantioumbrinum,Hebeloma aurantioumbrinum
9cce1c1c7fdf4528de45077630e7fcd5645bbae8,Hebeloma,,,aurantioumbrinum,Hebeloma aurantioumbrinum
a0c5aa55a3ca7f09a5198ad5fb5683acf8f8737d,Hebeloma,,,aurantioumbrinum,Hebeloma aurantioumbrinum
b94f87a2eaea1fc4ee246efca03f3f8833d43acc,Hebeloma,,,aurantioumbrinum,Hebeloma aurantioumbrinum
ee62d9af5506956ab398566fa04cbb373128d922,Hebeloma,,,aurantioumbrinum,Hebeloma aurantioumbrinum
f45a9656b461cbb7e4d09ba736a158274c8d038b,Hebeloma,,,avellaneum,Hebeloma avellaneum
0e6515364ccbf6d9b29ef2065bb92a2c7d91b8e8,Hebeloma,,,fragilipes,Hebeloma fragilipes
1238475223b55860c94ffbdedab1ebca3c277c7b,Hebeloma,,,fragilipes,Hebeloma fragilipes
1ba3b20a636591da8ec894555f0f926e1e92b2d6,Hebeloma,,,fragilipes,Hebeloma fragilipes
50f35a89fa5673356bed644852b0c1346c59b2f0,Hebeloma,,,fragilipes,Hebeloma fragilipes
756008cb92e6bd858e21f73627b0974e60a9c197,Hebeloma,,,fragilipes,Hebeloma fragilipes
756008cb92e6bd858e21f73627b0974e60a9c197,Hebeloma,,,fragilipes,Hebeloma fragilipes
84aab341f06b1a60fb75a7a44f78fb9d582ec477,Hebeloma,,,fragilipes,Hebeloma fragilipes
c26b5dad43c6b0b86ae9a40c1765c271deee67c5,Hebeloma,,,fragilipes,Hebeloma fragilipes
e7b8641e23c980a67829952d059bf96a0a660c65,Hebeloma,,,fragilipes,Hebeloma fragilipes
ef29a17a467c68cd8d249989ba07c646fa5535d7,Hebeloma,,,fragilipes,Hebeloma fragilipes
03ff9ace11bb5b530d7d0d8723c19b135a6268f5,Hebeloma,,,incarnatulum,Hebeloma incarnatulum
0fa3d650ed7bdd3f705f16ddd28d865a22260856,Hebeloma,,,incarnatulum,Hebeloma incarnatulum
1210ff52f306cdc66544db1e71e4f5014a8492f2,Hebeloma,,,incarnatulum,Hebeloma incarnatulum
1b1204d0ae8e18564e9f501a340eaa4f4e77982c,Hebeloma,,,incarnatulum,Hebeloma incarnatulum
28e1dfe64f04b7041e86afc03ce2eb08a54e73e6,Hebeloma,,,incarnatulum,Hebeloma incarnatulum
3210a531aee75c016f43880bc9d0674a19d60700,Hebeloma,,,incarnatulum,Hebeloma incarnatulum
3262eb343b2deea4b1a640a8232d5027c5770ce8,Hebeloma,,,incarnatulum,Hebeloma incarnatulum
4401d341f92a2b922018560298f60fbb194c6776,Hebeloma,,,incarnatulum,Hebeloma incarnatulum
4f1e691a1eb0a866428a2fd97044e8ef458b78dd,Hebeloma,,,incarnatulum,Hebeloma incarnatulum
580fde9d12006daa4d641e125820458b0fe52c72,Hebeloma,,,incarnatulum,Hebeloma incarnatulum
5a603f7ca9f130321826351768be2463d4402b2d,Hebeloma,,,incarnatulum,Hebeloma incarnatulum
5af038d24e59a3854679fdd47ed4a42a89b8f1f0,Hebeloma,,,incarnatulum,Hebeloma incarnatulum
6cb5d741b32d5d9ac893904c3b6fae18a8228e7f,Hebeloma,,,incarnatulum,Hebeloma incarnatulum
78652fd7439789b81711e3713b7ebed2bd65cec0,Hebeloma,,,incarnatulum,Hebeloma incarnatulum
7efad23e6c41a05e15eff5c75162457629c9d51b,Hebeloma,,,incarnatulum,Hebeloma incarnatulum
9166b8de09021e5a18f8a0d4a23a27eb3b138ae7,Hebeloma,,,incarnatulum,Hebeloma incarnatulum
99db236b2fafea890ce22b1acf545e6168469bde,Hebeloma,,,incarnatulum,Hebeloma incarnatulum
b8a1e649a1363ab6a223d587818bab9c945dd277,Hebeloma,,,incarnatulum,Hebeloma incarnatulum
b8a1e649a1363ab6a223d587818bab9c945dd277,Hebeloma,,,incarnatulum,Hebeloma incarnatulum
c039147789565ec7e0f39b4971d80d55d8c54306,Hebeloma,,,incarnatulum,Hebeloma incarnatulum
c039147789565ec7e0f39b4971d80d55d8c54306,Hebeloma,,,incarnatulum,Hebeloma incarnatulum
c039147789565ec7e0f39b4971d80d55d8c54306,Hebeloma,,,incarnatulum,Hebeloma incarnatulum
c039147789565ec7e0f39b4971d80d55d8c54306,Hebeloma,,,incarnatulum,Hebeloma incarnatulum
d3df972eff7e8ae27c97fe675112aa0ee1e5e7e4,Hebeloma,,,incarnatulum,Hebeloma incarnatulum
dd942186143ec1d378076480841133c4d6bd0658,Hebeloma,,,incarnatulum,Hebeloma incarnatulum
ec31758d1de173c2ac2be6843cd0ef1ee054ecaf,Hebeloma,,,incarnatulum,Hebeloma incarnatulum
fbfd137998aebf6e60c7ddf7adf4b67270422636,Hebeloma,,,incarnatulum,Hebeloma incarnatulum
377f535dae25e6ce7dc048cb907dbb01841736e8,Hebeloma,cf,,leucosarx,Hebeloma leucosarx
1682e7d0fd0f4ca640590290b2c242a9b8e18b64,Hebeloma,,,mesophaeum,Hebeloma mesophaeum
2a8186c896d156cdcccafb0d2e46a65bd05d7660,Hebeloma,,,mesophaeum,Hebeloma mesophaeum
8ac89c085b51b6b2e0f9f8ef4c3b0b9f8b5e6aff,Hebeloma,,,mesophaeum,Hebeloma mesophaeum
92d69d0c83531a24486983572f6524a71d68716c,Hebeloma,,,mesophaeum,Hebeloma mesophaeum
aeec1bc7d4f430a7c4d978e8b13f916aeb8f9490,Hebeloma,cf,,mesophaeum,Hebeloma mesophaeum
c0fcdb41b090c5874c727b990fcc9bc9626d81af,Hebeloma,,,mesophaeum,Hebeloma mesophaeum
d79c02345a37669924f4e89b9ffbaa8a7a148dd5,Hebeloma,cf,,mesophaeum,Hebeloma mesophaeum
050498db244d7711e5fcc5a2725a0aa0ae8617b5,Hebeloma,,,monticola,Hebeloma monticola
462a49fcf9001415a90db495a58277bf58e7bad6,Hebeloma,,,monticola,Hebeloma monticola
4870a54506d6f00760adf1b245b4f12ae9b7f15a,Hebeloma,,,monticola,Hebeloma monticola
4c05a5a7ae8560457ee4ef552511fd9086dc89e3,Hebeloma,,,monticola,Hebeloma monticola
5ccb58371ebe1e29e6d6541531087edd6e91533e,Hebeloma,,,monticola,Hebeloma monticola
5fa63dc69a8e518fc48452e3030664f6a79488f7,Hebeloma,,,monticola,Hebeloma monticola
6fda2a0cde5b5b60eb0333ded077ce37a29b4d6c,Hebeloma,,,monticola,Hebeloma monticola
770652dcd4b5c5890e848af3ead2deeb98e7fd6d,Hebeloma,,,monticola,Hebeloma monticola
7c29f3fff8497c216561d95ef6df06ec018ca9e6,Hebeloma,,,monticola,Hebeloma monticola
9fa05e9b01ebff832def26e803ba1d756c10a3bf,Hebeloma,,,monticola,Hebeloma monticola
b7426f982432e43f10f80d111648f73732540b6a,Hebeloma,,,monticola,Hebeloma monticola
db5afd5db93629857ba063ebbfbbb9d96078822e,Hebeloma,,,monticola,Hebeloma monticola
db5afd5db93629857ba063ebbfbbb9d96078822e,Hebeloma,,,monticola,Hebeloma monticola
db5afd5db93629857ba063ebbfbbb9d96078822e,Hebeloma,,,monticola,Hebeloma monticola
02fe2af3ab21b4cc953011da17ce0f284dfa7260,Hebeloma,,,subconcolor,Hebeloma subconcolor
0511653f2312a7d3774d477e3dcb7409f7479169,Hebeloma,,,subconcolor,Hebeloma subconcolor
0a1521090bebe9982c024872567cf0b9d568686d,Hebeloma,,,subconcolor,Hebeloma subconcolor
149bac810bc5baaf1ed4d750bb7dae8f1b85e95c,Hebeloma,,,subconcolor,Hebeloma subconcolor
175f00143a8f0ca40a3bd681538aefded75cf119,Hebeloma,,,subconcolor,Hebeloma subconcolor
5ea98c408ff9d465dfbb986945ed854c5321c61f,Hebeloma,,,subconcolor,Hebeloma subconcolor
b68400211ca4226da1335b0e95f1a569ee513a5b,Hebeloma,,,subconcolor,Hebeloma subconcolor
ba66de2b929b295ee11c20a3a88dfb31b6003dcb,Hebeloma,,,subconcolor,Hebeloma subconcolor
c97a66397c885f34e10a7fdce5e64af961ac4619,Hebeloma,,,subconcolor,Hebeloma subconcolor
e067c7d5722f374eb338fd2b476da78ccb27ce3e,Hebeloma,,,subconcolor,Hebeloma subconcolor
3b6f0bc8faff2a55c8b9ab8bc49e148d3297aa53,Hebeloma,cf,2,velutipes,Hebeloma velutipes
972d3676da6d24bb85befb0312ed390f9503b4da,Hebeloma,cf,2,velutipes,Hebeloma velutipes
9ada495f97e5055e893af6525b8146bfd457f62a,Hebeloma,cf,2,velutipes,Hebeloma velutipes
a16752e3d4bec114b0ca8fcd128093476db3e280,Hebeloma,cf,2,velutipes,Hebeloma velutipes
b6a8c3b96e2d6f82b4319b34685c11e1781408e3,Hebeloma,cf,2,velutipes,Hebeloma velutipes
d5acb6e0aef5abc7d47a58b3116ea43ee87b9493,Hebeloma,cf,2,velutipes,Hebeloma velutipes
011ee26232b82c3c8ce842ce04e6bf992f899571,Hebeloma,cf,,velutipes,Hebeloma velutipes
14a491d763f2467000fc4ee9d6d54cc10972234c,Hebeloma,cf,,velutipes,Hebeloma velutipes
c039147789565ec7e0f39b4971d80d55d8c54306,Hebeloma,cf,,velutipes,Hebeloma velutipes
c039147789565ec7e0f39b4971d80d55d8c54306,Hebeloma,cf,,velutipes,Hebeloma velutipes
f2710b1adbbf40a6aa5515566148b2333bc74d7d,Helotiales,sp,,,Helotiales 
8fbbebf2f6c9e6b3553e5efca977833752a74a9b,Helotiales,sp,2,,Helotiales 
e47162faf0730d31546909e11190a19a38030840,Hemimycena,sp,2,,Hemimycena 
1078deb685e81c7348435da00d55fefe4613a755,Hemimycena,sp,5,,Hemimycena 
1078deb685e81c7348435da00d55fefe4613a755,Hemimycena,sp,5,,Hemimycena 
1c15596ec47a85ba5fbb6797dd0d06926f3722e6,Hemimycena,sp,5,,Hemimycena 
5c7c44ccb1d08725ad16b4f196838d40619dc6ea,Hemimycena,sp,5,,Hemimycena 
5c7c44ccb1d08725ad16b4f196838d40619dc6ea,Hemimycena,sp,5,,Hemimycena 
ae08425c86ea340cf40df195c9181130cd78fb4d,Hemimycena,sp,5,,Hemimycena 
cdf1cf2c40005925bffa7864982e6f7d61c6d596,Hemimycena,sp,5,,Hemimycena 
09ab5d83006a4bb8bf4190fbcd99395ff6a7c597,Hemimycena,cf,2,lactea,Hemimycena lactea
6f69cdcbe51244244827b6ebc92d264979da2b8e,Hemimycena,cf,2,lactea,Hemimycena lactea
7779b18d2fb57aafa93859d36a5b3496c9fb0c9b,Henningsomyces,sp,1,,Henningsomyces 
1affa6f0b01c6e12578d9229aeb4113bbfbbdf7b,Hohenbuehelia,sp,,,Hohenbuehelia 
9c69e517a62389084c23e1a42c524ed26b86b20d,Hohenbuehelia,sp,,,Hohenbuehelia 
acf4d43c070815c723a3ba73ad72c571d2c995ed,Hohenbuehelia,sp,,,Hohenbuehelia 
e1dbb25e518be5855444022a64fa214c0f8769ce,Hohenbuehelia,sp,,,Hohenbuehelia 
f81c457fb7fd91a6c5586f099c88ad2707b9eadc,Hohenbuehelia,sp,,,Hohenbuehelia 
febb5667de3481e2f49b37b955a73e08e465121e,Hohenbuehelia,sp,,,Hohenbuehelia 
09b53aeec1105732f892e238b067ceb7a29e7c08,Homophron,cf,,spadiceum,Homophron spadiceum
26f1743d3abc9ea08c0941f7eec75ead5996f6a0,Homophron,cf,,spadiceum,Homophron spadiceum
56f612ae1029993e14479537a0389a063442d80c,Homophron,cf,,spadiceum,Homophron spadiceum
262c5f713948268bba9d21ecd1ae9d26ca90f6df,Hydnellum,,,aurantiacum,Hydnellum aurantiacum
c4cdf2122751c2c9ebfc631dbef4d91209da11aa,Hydnellum,,,ferrugineum,Hydnellum ferrugineum
49b2f1b59176900ef84959995666b261f82b4b82,Hydnoporia,sp,,,Hydnoporia 
4ae86106bdcaf57883df26e9c25198751fbe3e05,Hydnum,sp,,,Hydnum 
3355966802910d3b60a639f5dbcae7dc98d9b9e0,Hydnum-,,,canadense,Hydnum- canadense
2186854e21ebc858859e4323b1c14d5cfcfc340b,Hydnum,,,melitosarx,Hydnum melitosarx
2186854e21ebc858859e4323b1c14d5cfcfc340b,Hydnum,,,melitosarx,Hydnum melitosarx
335ac30c1bf11470d28535401a59afad9c4c1383,Hydnum,,,melitosarx,Hydnum melitosarx
78f15d1e815b3addbb8303d4942449cd65f44858,Hydnum,,,melitosarx,Hydnum melitosarx
799cf6477984d04fadcda84c8b379a2db575e9f3,Hydnum,,,melitosarx,Hydnum melitosarx
d52b6462ce6032103f133906c02bd0d29a0d9adf,Hydnum,,,melitosarx,Hydnum melitosarx
017358721b7a8f53c35dd8017b326544cba2096c,Hydropus,aff,,pseudotenax,Hydropus pseudotenax
070572665f5ee0ced33119b1113562df46d5caeb,Hydropus,aff,,pseudotenax,Hydropus pseudotenax
070572665f5ee0ced33119b1113562df46d5caeb,Hydropus,aff,,pseudotenax,Hydropus pseudotenax
070572665f5ee0ced33119b1113562df46d5caeb,Hydropus,aff,,pseudotenax,Hydropus pseudotenax
070572665f5ee0ced33119b1113562df46d5caeb,Hydropus,aff,,pseudotenax,Hydropus pseudotenax
070572665f5ee0ced33119b1113562df46d5caeb,Hydropus,aff,,pseudotenax,Hydropus pseudotenax
070572665f5ee0ced33119b1113562df46d5caeb,Hydropus,aff,,pseudotenax,Hydropus pseudotenax
070572665f5ee0ced33119b1113562df46d5caeb,Hydropus,aff,,pseudotenax,Hydropus pseudotenax
070572665f5ee0ced33119b1113562df46d5caeb,Hydropus,aff,,pseudotenax,Hydropus pseudotenax
070572665f5ee0ced33119b1113562df46d5caeb,Hydropus,aff,,pseudotenax,Hydropus pseudotenax
072b6683c7489a0863b1987a730a5143fc43343a,Hydropus,aff,,pseudotenax,Hydropus pseudotenax
1098d3f12de15d8b584ea2c12b3dd67fbb5c9e75,Hydropus,aff,,pseudotenax,Hydropus pseudotenax
10e5210748843635a9d6beb6d8d2e3a7a2bff1c2,Hydropus,aff,,pseudotenax,Hydropus pseudotenax
120471ab25806820e37d04dc7b97224a451a820b,Hydropus,aff,,pseudotenax,Hydropus pseudotenax
18bd6a514eb4210dc316f7815effa7aa13cd8b7e,Hydropus,aff,,pseudotenax,Hydropus pseudotenax
18bd6a514eb4210dc316f7815effa7aa13cd8b7e,Hydropus,aff,,pseudotenax,Hydropus pseudotenax
191711e5e7fb6af3a57603ddf530ac339342a62f,Hydropus,aff,,pseudotenax,Hydropus pseudotenax
1a10f0e9421ed6d6cef5a856a45494bb21298853,Hydropus,aff,,pseudotenax,Hydropus pseudotenax
1a10f0e9421ed6d6cef5a856a45494bb21298853,Hydropus,aff,,pseudotenax,Hydropus pseudotenax
1abd7820860c4452333761a38038f611204d8512,Hydropus,aff,,pseudotenax,Hydropus pseudotenax
2de772bb9244b341df3a1ff0c19bedc6dd80914a,Hydropus,aff,,pseudotenax,Hydropus pseudotenax
3aeb207abbe97c2c39e344200b2ddfa5086cccc1,Hydropus,aff,,pseudotenax,Hydropus pseudotenax
4168f49282389826acb1c54820037ee5bcc51f0b,Hydropus,aff,,pseudotenax,Hydropus pseudotenax
4285e3aac0b69fc178fc29cd4b559c39243cdd9a,Hydropus,aff,,pseudotenax,Hydropus pseudotenax
45920b19ab5f0fcc7ae22405f170eae43219a6f3,Hydropus,aff,,pseudotenax,Hydropus pseudotenax
521bc026f20681048417274cfac128f7feec7672,Hydropus,aff,,pseudotenax,Hydropus pseudotenax
57ea35bbc2ffa0d8f4cc3ff6a34857b169d6149b,Hydropus,aff,,pseudotenax,Hydropus pseudotenax
595dd8ffdacf7d8da5a78e95fef1b1d15ae79a43,Hydropus,aff,,pseudotenax,Hydropus pseudotenax
67e4b0c10398ac7c63d4a6e63d159ceaceea02f6,Hydropus,aff,,pseudotenax,Hydropus pseudotenax
8abff3e606fe2d85aa77f7f114e1deace2c41efc,Hydropus,aff,,pseudotenax,Hydropus pseudotenax
ba1e2f08a72e8797237a3ca3295d9e92fd6fe14b,Hydropus,aff,,pseudotenax,Hydropus pseudotenax
bf7217c3303f454d49c1fed5c91123f842fe6f5d,Hydropus,aff,,pseudotenax,Hydropus pseudotenax
da9b909221b133286e6b7a78f71baff3454051f8,Hydropus,aff,,pseudotenax,Hydropus pseudotenax
e399734166812c9d7e8a76400cc84174740342c6,Hydropus,aff,,pseudotenax,Hydropus pseudotenax
f0cf7b89da124f6613f929c80380b2fedc985018,Hydropus,aff,,pseudotenax,Hydropus pseudotenax
f48abe0079a2d85bcb9f91a637b909fc167bfb9e,Hydropus,aff,,pseudotenax,Hydropus pseudotenax
f48abe0079a2d85bcb9f91a637b909fc167bfb9e,Hydropus,aff,,pseudotenax,Hydropus pseudotenax
3e297533b6a159f92ab1de62897f805b6ba2d816,Hygrocybe,sp,1,,Hygrocybe 
4513439ca5cc912409a3166c2c0a4945ae097a85,Hygrocybe,sp,1,,Hygrocybe 
4513439ca5cc912409a3166c2c0a4945ae097a85,Hygrocybe,sp,1,,Hygrocybe 
4513439ca5cc912409a3166c2c0a4945ae097a85,Hygrocybe,sp,1,,Hygrocybe 
4513439ca5cc912409a3166c2c0a4945ae097a85,Hygrocybe,sp,1,,Hygrocybe 
4513439ca5cc912409a3166c2c0a4945ae097a85,Hygrocybe,sp,1,,Hygrocybe 
8810106e8bd1fabde7b144f4811ec9602d1f5114,Hygrocybe,sp,1,,Hygrocybe 
a49e975d7a56d1c5e1aaf4cf2782ddde8b847560,Hygrocybe,sp,1,,Hygrocybe 
bc2ed13e03d3971af685d5328dc575c39c01e57f,Hygrocybe,sp,1,,Hygrocybe 
c237bf715e2a7d0ecb8d7ffd0d09db02440a5888,Hygrocybe,sp,1,,Hygrocybe 
36ef49fdf2eae24966dd2419cac2f43134d7a0f8,Hygrocybe,sp,2,,Hygrocybe 
86ad202994a4b74cca425a16af3f98388232f280,Hygrocybe,sp,2,,Hygrocybe 
c6b1298b54d34a1b87f0697b2af1d04f6d3f6ef2,Hygrocybe,sp,2,,Hygrocybe 
ca76b1f1718a59cfdb5a144d317b3aa678ffed9b,Hygrocybe,sp,2,,Hygrocybe 
5b896378cbca54f349e46c0c483285195be63cdf,Hygrocybe,cf,,coccinea,Hygrocybe coccinea
cc541b1e756208ee3ecfc332ff669861d42a813b,Hygrocybe,cf,,coccinea,Hygrocybe coccinea
d807c0701cbfe05d318486f7dd57596d7dda4c68,Hygrocybe,cf,,coccinea,Hygrocybe coccinea
d807c0701cbfe05d318486f7dd57596d7dda4c68,Hygrocybe,cf,,coccinea,Hygrocybe coccinea
35b9d9f61c9a2e57cdb984a003ea7e29ca2b001f,Hygrocybe,cf,,glacialis,Hygrocybe glacialis
a6a60e7f828d08db0089771434e3a82761525ffc,Hygrocybe,cf,,glacialis,Hygrocybe glacialis
94fdb48f3a99b7d1215961c797b7b72cca48b92e,Hygrocybe,cf,,punicea,Hygrocybe punicea
03115814bd88ea26d670b11cb567abdeab6aff37,Hygrocybe,aff,,singeri,Hygrocybe singeri
a8d3e5c5303864a4d5634f94c313d2f57b79ed06,Hygrocybe,aff,,singeri,Hygrocybe singeri
c75fc6028a4a64cfe6f5fe2b8d7cb18caeafad62,Hygrocybe,aff,,singeri,Hygrocybe singeri
24095887e48714653e7500514c23f1ee3e360116,Hygrophorus,sp,1,,Hygrophorus 
3c919d505b41c30a627f28483aae7b429c116e30,Hygrophorus,,,agathosmoides,Hygrophorus agathosmoides
8651cb9bf56183f769618ff9ea1317c1f008dc04,Hygrophorus,,,agathosmoides,Hygrophorus agathosmoides
86624e341c411adc3751f29a1869dcd091912938,Hygrophorus,,,korhonenii,Hygrophorus korhonenii
bb7b6dfcea183bb45f5623f7f2eaaa27ac93c350,Hygrophorus,,,korhonenii,Hygrophorus korhonenii
4b0a355b973c947952b7773d2bc819cbbba132bd,Hygrophorus,,,lucorum,Hygrophorus lucorum
675d59222104fa1fd25529d2b2bd007bd941d247,Hygrophorus,,,lucorum,Hygrophorus lucorum
c337eab69a4e48b542c2f5c3de1abc1e915d645b,Hygrophorus,,,lucorum,Hygrophorus lucorum
d29f3ae6e0c653f364dcac45d4a12dbdffef943d,Hygrophorus,,,lucorum,Hygrophorus lucorum
ec59cbfa0482ac15e9ab5ca0b0320c769378b6d2,Hygrophorus,,,lucorum,Hygrophorus lucorum
01133174c1be1e390abf8077bbfc70eb4c32d262,Hygrophorus,,,piceae,Hygrophorus piceae
1dec3fda386c6e8457171c6d3e93ea94949a4c09,Hygrophorus,,,piceae,Hygrophorus piceae
41c0bb57489d7b1b47ff59cad7015afcb62c527d,Hygrophorus,,,piceae,Hygrophorus piceae
6234793f06fb9f520e94e5e620d44159d3e5b01c,Hygrophorus,,,piceae,Hygrophorus piceae
8693d1b1009f547d24a17bdcea6bf49729657d5f,Hygrophorus,,,piceae,Hygrophorus piceae
a62170fad3d456dbf7e56952cf602ae7ae0f0b14,Hygrophorus,,,piceae,Hygrophorus piceae
a9f570154bb5d4a795ee068ccd44f42594ebe64f,Hygrophorus,,,piceae,Hygrophorus piceae
bb27e474bd995a8b902084827ec531703c194bdc,Hygrophorus,,,piceae,Hygrophorus piceae
bb27e474bd995a8b902084827ec531703c194bdc,Hygrophorus,,,piceae,Hygrophorus piceae
cf2238e621409becc0cfad8278e9ca0ce012f2c1,Hygrophorus,,,piceae,Hygrophorus piceae
d4ef8420a0c0f533706acfedf2859910c6e794e8,Hygrophorus,,,piceae,Hygrophorus piceae
d4ef8420a0c0f533706acfedf2859910c6e794e8,Hygrophorus,,,piceae,Hygrophorus piceae
d4ef8420a0c0f533706acfedf2859910c6e794e8,Hygrophorus,,,piceae,Hygrophorus piceae
d4ef8420a0c0f533706acfedf2859910c6e794e8,Hygrophorus,,,piceae,Hygrophorus piceae
f641810365a83a1cc52f8d2b3e4a71814d480973,Hygrophorus,,,piceae,Hygrophorus piceae
0ea90a9f1ab2553b40b036d0ec151825bcc58f5b,Hygrophorus,,,speciosus,Hygrophorus speciosus
0fb64d76f005908f41fc930a16da7287bff6a71f,Hygrophorus,,,speciosus,Hygrophorus speciosus
0fb64d76f005908f41fc930a16da7287bff6a71f,Hygrophorus,,,speciosus,Hygrophorus speciosus
801ec8aae1f19deba5e2584ca471688e73d7b0be,Hygrophorus,,,speciosus,Hygrophorus speciosus
db02e74ef599061771e2b279de0f38bc9bf9b000,Hygrophorus,,,speciosus,Hygrophorus speciosus
f2a5e824cce466b931f8b713f69bc0e09c9ecc10,Hygrophorus,,,speciosus,Hygrophorus speciosus
0369b2cc977f5069b85bca01c42b60dbb764566a,Hymenogaster,sp,,,Hymenogaster 
13720564cfc49bcc4ccb68a6506d0a96b781e519,Hymenogaster,sp,,,Hymenogaster 
35082287d2b21d34f2dfe7b32d4f79ffc62451aa,Hymenogaster,sp,,,Hymenogaster 
763c590bb9962b6a5c7d07b35cefcd34cc6e9e23,Hymenogaster,sp,,,Hymenogaster 
86630c730d2e585662803a14e125934a24f415ac,Hymenogaster,sp,,,Hymenogaster 
c9ad1a621d1c76cc2892e28c5fdf89721dc19220,Hymenogaster,sp,,,Hymenogaster 
cbdf0976ef487d6b7906a559c470055b850e7390,Hymenogaster,sp,,,Hymenogaster 
ddf315bb294d8233acdf2bf288e90c647c11a130,Hymenogaster,sp,,,Hymenogaster 
03ea964e619b23f9ff862f0666f4377b18eb59db,Hyphodontiella,sp,,,Hyphodontiella 
095be59d99e2d3003c238f1a33cb87df24e3984b,Hyphodontiella,sp,,,Hyphodontiella 
17c79567b7b942a929128468aa49a846a2afc3a4,Hyphodontiella,sp,,,Hyphodontiella 
17c79567b7b942a929128468aa49a846a2afc3a4,Hyphodontiella,sp,,,Hyphodontiella 
24000c3bd936e5357cf0a008492128f2ce9e1955,Hyphodontiella,sp,,,Hyphodontiella 
2bce1e9a98264c383c14200d97278ac9f354304b,Hyphodontiella,sp,,,Hyphodontiella 
317586085276fe0d2a064784d5dd556d5cd3ad7f,Hyphodontiella,sp,,,Hyphodontiella 
317586085276fe0d2a064784d5dd556d5cd3ad7f,Hyphodontiella,sp,,,Hyphodontiella 
317586085276fe0d2a064784d5dd556d5cd3ad7f,Hyphodontiella,sp,,,Hyphodontiella 
3342a9a7a177c3607d22f6f572a0092217df4bcf,Hyphodontiella,sp,,,Hyphodontiella 
7f5e86546270879a12ec295309fe4203688c683b,Hyphodontiella,sp,,,Hyphodontiella 
8905f46a5f019efb8db9105cd7530fae3413afbc,Hyphodontiella,sp,,,Hyphodontiella 
94dfbb7952805a32a06f03e0ed7c7c33aab81d45,Hyphodontiella,sp,,,Hyphodontiella 
c313cd7593f694b1bffce1aa57c21ed03bc56755,Hyphodontiella,sp,,,Hyphodontiella 
cc748b4791d85bc0f6b308bd0c12d1bd0d992ea7,Hyphodontiella,sp,,,Hyphodontiella 
e1a1019b845bd12fc3f3c14b3351e679e771b93c,Hyphodontiella,sp,,,Hyphodontiella 
0100e69ba589470b2e7e848d284c2fb49f98ba5a,Hypholoma,sp,,,Hypholoma 
7c74997bd5c2780f1e6d1b3f3a3a6f294d1478d9,Hypholoma,sp,,,Hypholoma 
cd131d7a53b4abc6dfedf24dedf0f20df6568b2e,Hypholoma,sp,1,,Hypholoma 
05bc401c5154876ce4e5579b9edeb88d168e8d48,Hypholoma,sp,2,,Hypholoma 
a01dd9084fa2e1bc8f9922c7196c4d70a27f59d8,Hypholoma,sp,2,,Hypholoma 
7f0988c3d1f204d13507b2bf22a2b76be8e95f53,Hypholoma,sp,3,,Hypholoma 
0d0dfa788c5f5d4b375eb1ed49cd0363c6bbaaec,Hypholoma,sp,4,,Hypholoma 
1413b492204c190b0435886c74b21df2705e7be7,Hypholoma,sp,4,,Hypholoma 
163a0a52f8a43f2d688ffb53d0595b63f0da0117,Hypholoma,sp,4,,Hypholoma 
2b8d41aeaa477998173eedd4c100fc6b966bb083,Hypholoma,sp,4,,Hypholoma 
ec79abbbcc758cfec00ebe3c3b211b2241aeab93,Hypholoma,sp,4,,Hypholoma 
1efd3f349ea666b8455f1fa000ab4934e7f4da36,Hypholoma,sp,5,,Hypholoma 
824aecb92c036bf50af59f3ecf5e2f2a7b7a45f4,Hypholoma,sp,5,,Hypholoma 
03575730c6d3e27a3af12d6878bb4d082c2a49e6,Hypholoma,,,capnoides,Hypholoma capnoides
0994ee8e5eae3232dcedf4f64ddf5a38789ca3c9,Hypholoma,,,capnoides,Hypholoma capnoides
0f097d28481547b64447ff87bd3e3b5e51d90497,Hypholoma,,,capnoides,Hypholoma capnoides
306dba410b730b85a6a1187166b27be6259650b7,Hypholoma,,,capnoides,Hypholoma capnoides
36adf5f798740d4acc8c5df3fda2d9c3cd10c516,Hypholoma,,,capnoides,Hypholoma capnoides
3c3b4df4d0adce2472098272f79721051464c355,Hypholoma,,,capnoides,Hypholoma capnoides
3c3b4df4d0adce2472098272f79721051464c355,Hypholoma,,,capnoides,Hypholoma capnoides
46f59fa519689f73566f1f8add43349128eaffed,Hypholoma,,,capnoides,Hypholoma capnoides
756206e46970f784040961d127fd8a5b15e6fe0e,Hypholoma,,,capnoides,Hypholoma capnoides
8633facb8589bf60410daca34be05e7da193b428,Hypholoma,,,capnoides,Hypholoma capnoides
8c660700ec879a1eb5b9768bf722c57b36a0ea05,Hypholoma,,,capnoides,Hypholoma capnoides
c06e50923e5a25a44223b3cf165968d137d69611,Hypholoma,,,capnoides,Hypholoma capnoides
c06e50923e5a25a44223b3cf165968d137d69611,Hypholoma,,,capnoides,Hypholoma capnoides
c06e50923e5a25a44223b3cf165968d137d69611,Hypholoma,,,capnoides,Hypholoma capnoides
c06e50923e5a25a44223b3cf165968d137d69611,Hypholoma,,,capnoides,Hypholoma capnoides
c06e50923e5a25a44223b3cf165968d137d69611,Hypholoma,,,capnoides,Hypholoma capnoides
d08050394ea7a31bd74f8361091c06f11ba0cf30,Hypholoma,,,capnoides,Hypholoma capnoides
d3813196dbba76c304a203fdaf300c485fb4f774,Hypholoma,,,capnoides,Hypholoma capnoides
ddbcfa5f9a04a09076b9104d713eefcad9b0985a,Hypholoma,,,capnoides,Hypholoma capnoides
e5d30161575027aa40707691883edcde66578a65,Hypholoma,,,capnoides,Hypholoma capnoides
fa1084492cb2f9f31fea024dc137b7768d299257,Hypholoma,,,capnoides,Hypholoma capnoides
0005a112b5749b5676296df7c55087e6168c9258,Hypholoma,cf,,elongatum,Hypholoma elongatum
03e6446b95363e0539176cf236440d404674f9d8,Hypholoma,cf,,elongatum,Hypholoma elongatum
041c5c1ce32f9463c6a42daa60ad1c9e524c6ee0,Hypholoma,cf,,elongatum,Hypholoma elongatum
0a6b4e1a86dde47e343360163db3a48b58cb0470,Hypholoma,cf,,elongatum,Hypholoma elongatum
0c8ebe9e7dcec4f4ae0328ae0490625f76b425d5,Hypholoma,cf,,elongatum,Hypholoma elongatum
1522e1e75bda28b9ca62fad6a7bcf93f2c01ed2d,Hypholoma,cf,,elongatum,Hypholoma elongatum
1595497e98a7ab98b964b033380012d663378903,Hypholoma,cf,,elongatum,Hypholoma elongatum
15fe6e5d6552583bf0d8531dbe7735ffe9f03ff5,Hypholoma,cf,,elongatum,Hypholoma elongatum
1be42aa478c00b840165aebc9ab0f07931e41243,Hypholoma,cf,,elongatum,Hypholoma elongatum
1be42aa478c00b840165aebc9ab0f07931e41243,Hypholoma,cf,,elongatum,Hypholoma elongatum
1be42aa478c00b840165aebc9ab0f07931e41243,Hypholoma,cf,,elongatum,Hypholoma elongatum
1be42aa478c00b840165aebc9ab0f07931e41243,Hypholoma,cf,,elongatum,Hypholoma elongatum
225a01ee70dfcc2c0291f202d83112b89a939d5a,Hypholoma,cf,,elongatum,Hypholoma elongatum
23f9235e2e724128e26760438703ec2e599980eb,Hypholoma,cf,,elongatum,Hypholoma elongatum
280e56d86313454a8ca2c8fc520d8cc616211af7,Hypholoma,cf,,elongatum,Hypholoma elongatum
381f66ce6b32675904586b6fabc0908e25c97177,Hypholoma,cf,,elongatum,Hypholoma elongatum
39961bb9882a2c1d94070d980ebe19fee9166dc7,Hypholoma,cf,,elongatum,Hypholoma elongatum
402766847bc652cc3e1cc7aa260f03c39f3e10e6,Hypholoma,cf,,elongatum,Hypholoma elongatum
4c21cdd3fc1565d8fa3efa3fd9ac0880209329b2,Hypholoma,cf,,elongatum,Hypholoma elongatum
4e218e2c7da32d8dc0f6cde17e4792801d09d277,Hypholoma,cf,,elongatum,Hypholoma elongatum
4f27e138c6fa70bc480415ebdd31d03c16a08969,Hypholoma,cf,,elongatum,Hypholoma elongatum
59a6791c56459c531f91540d9b95d4c6298784b6,Hypholoma,cf,,elongatum,Hypholoma elongatum
5abf2845222382b194cddfb910f6a9c2cff3d8c2,Hypholoma,cf,,elongatum,Hypholoma elongatum
67a0c1ea0e5758df03f413d94a3a8a79c996c7e8,Hypholoma,cf,,elongatum,Hypholoma elongatum
6a1c8c4ccd6bf73b6d7baeb716dec95928eefa4e,Hypholoma,cf,,elongatum,Hypholoma elongatum
729f0cd30e576970cb05bfa0c52c3091dfec3efe,Hypholoma,cf,,elongatum,Hypholoma elongatum
7972625d17b3ba4d0b5286b1f9c43f60ca86be68,Hypholoma,cf,,elongatum,Hypholoma elongatum
7972625d17b3ba4d0b5286b1f9c43f60ca86be68,Hypholoma,cf,,elongatum,Hypholoma elongatum
7fdc436834151bb0d81200bed01c4e8e017d887f,Hypholoma,cf,,elongatum,Hypholoma elongatum
89bb3ca77d94db3fcdf8eb700b0b9fa8a39b297d,Hypholoma,cf,,elongatum,Hypholoma elongatum
9187f44d2131d9651c1e4a7cf141dc601b8ca32a,Hypholoma,cf,,elongatum,Hypholoma elongatum
946764551e214cf14610fbe5c08756190eb81c12,Hypholoma,cf,,elongatum,Hypholoma elongatum
9cf47995e736655826d0fd90db8a7576bd857942,Hypholoma,cf,,elongatum,Hypholoma elongatum
a0c8d22c3345ac727e76bb97e45cd7d141461429,Hypholoma,cf,,elongatum,Hypholoma elongatum
a0c8d22c3345ac727e76bb97e45cd7d141461429,Hypholoma,cf,,elongatum,Hypholoma elongatum
b7449aa5c6ae42c9d81146fd64dd920425e06312,Hypholoma,cf,,elongatum,Hypholoma elongatum
bae46730794e381b40cf5901892dc42cc6095bcf,Hypholoma,cf,,elongatum,Hypholoma elongatum
d42f152aaad5b2cc6773dc17742ea9a7e96345c4,Hypholoma,cf,,elongatum,Hypholoma elongatum
d42f152aaad5b2cc6773dc17742ea9a7e96345c4,Hypholoma,cf,,elongatum,Hypholoma elongatum
d42f152aaad5b2cc6773dc17742ea9a7e96345c4,Hypholoma,cf,,elongatum,Hypholoma elongatum
e82819c70164cd26dbbf33ca0d1b0d555b3b055c,Hypholoma,cf,,elongatum,Hypholoma elongatum
ed12c3240be363730818db67f4afdcc7aef223d7,Hypholoma,cf,,elongatum,Hypholoma elongatum
fc1ea1c0c2c3a7c669bbca9a952fb2774ca3d0be,Hypholoma,cf,,elongatum,Hypholoma elongatum
fc1ea1c0c2c3a7c669bbca9a952fb2774ca3d0be,Hypholoma,cf,,elongatum,Hypholoma elongatum
fc1ea1c0c2c3a7c669bbca9a952fb2774ca3d0be,Hypholoma,cf,,elongatum,Hypholoma elongatum
fc1ea1c0c2c3a7c669bbca9a952fb2774ca3d0be,Hypholoma,cf,,elongatum,Hypholoma elongatum
fc1ea1c0c2c3a7c669bbca9a952fb2774ca3d0be,Hypholoma,cf,,elongatum,Hypholoma elongatum
fc1ea1c0c2c3a7c669bbca9a952fb2774ca3d0be,Hypholoma,cf,,elongatum,Hypholoma elongatum
2d315667f0afb8100659226fa6d4a926e0b1f495,Hypholoma,,,fasciculare,Hypholoma fasciculare
7812a5cffca087fdd3446fe0a69714f3b241f1d7,Hypholoma,,,fasciculare,Hypholoma fasciculare
a2d1523b64e75a201d9cc2a6e34d8cb203befe5c,Hypholoma,,,fasciculare,Hypholoma fasciculare
dac05b645c3effac63ef4b8a62c636a576a4aec5,Hypholoma,,,fasciculare,Hypholoma fasciculare
469ec7c298ab1ad3ca106a5ac90488f7ef1abc71,Hypholoma,aff,2,myosotis,Hypholoma myosotis
4c2e3c03f2f2f21bc9ccf29c0050206148ee39bb,Hypholoma,aff,2,myosotis,Hypholoma myosotis
08a7a0fd9f54401796dcb31aa13629769cb89f8f,Hypholoma,aff,3,myosotis,Hypholoma myosotis
0d151c53114959004118172cc08b66b13fae23f1,Hypholoma,aff,3,myosotis,Hypholoma myosotis
1e5c152cd95a3d6c6f14b69983601d56628ca93d,Hypholoma,aff,3,myosotis,Hypholoma myosotis
1fca7a90a05f252e6af7831f1989cb247157e9cd,Hypholoma,aff,3,myosotis,Hypholoma myosotis
2247fd4cfd82510ee47efd260a85a609bef96387,Hypholoma,aff,3,myosotis,Hypholoma myosotis
4625c4383844b275dcd3b12e106bfd1e7cbd6069,Hypholoma,aff,3,myosotis,Hypholoma myosotis
a2376f64ed11e3c985786dc01d2c57476a457c4f,Hypholoma,aff,3,myosotis,Hypholoma myosotis
bd8f32ab273cccab7db85524206ca108bc1a248e,Hypholoma,aff,3,myosotis,Hypholoma myosotis
c638b5f026bce6a58fdb4cd440ea7b20c96c22cc,Hypholoma,aff,3,myosotis,Hypholoma myosotis
d198d933b5a1d67f8a6670594a1ae0783052c8e9,Hypholoma,aff,3,myosotis,Hypholoma myosotis
db277da83056a70271f8d65c84b3623a66e2a61f,Hypholoma,aff,3,myosotis,Hypholoma myosotis
eecd02817fa30e72473f19eff75f5dae5656049f,Hypholoma,aff,3,myosotis,Hypholoma myosotis
330aab135fa47840cce16c7ad6fc8c424a362ec0,Hypholoma,aff,,myosotis,Hypholoma myosotis
60f0b86d3a8bb9bf44b8e4bec861619b5e7493a5,Hypholoma,aff,,myosotis,Hypholoma myosotis
6e1236a46e01dc4620a5a9156ccd8e6c0acad9d2,Hypholoma,aff,,myosotis,Hypholoma myosotis
7398d8a37f712deb25a1fcc4afa85d4a62601afe,Hypholoma,aff,,myosotis,Hypholoma myosotis
932c9e1913f06af820138f4dc6f974b356b042ac,Hypholoma,aff,,myosotis,Hypholoma myosotis
a26ca1d209185975e25ae68fca6701355a970d75,Hypholoma,aff,,myosotis,Hypholoma myosotis
a5979b8a3b0fbd4d78b22473db1f1a76dbba9a32,Hypholoma,aff,,myosotis,Hypholoma myosotis
c6b49f8a5dbf6007ce361d2aa757b62b3c087a18,Hypholoma,aff,,myosotis,Hypholoma myosotis
3629c592ee47ec5e1e213bce6a8b73243c10e8ab,Hypholoma,,,polytrichi,Hypholoma polytrichi
4548fe28fa0eb85369693393ba6ac63430e40a84,Hypholoma,,,polytrichi,Hypholoma polytrichi
3680df020f8eaeb7b8c66c462bcb1c81adbfeda0,Hypholoma,,,subericaeum,Hypholoma subericaeum
9ac2e1a08c6075d3bc168242035a20d37cb052ef,Hypholoma,,,subericaeum,Hypholoma subericaeum
068efb38e615b3f66abf01f3ad0990a08ebe434a,Hypholoma,aff,2,udum,Hypholoma udum
086bfa8912f20102ea93126ce9d883a76c425258,Hypholoma,aff,2,udum,Hypholoma udum
086bfa8912f20102ea93126ce9d883a76c425258,Hypholoma,aff,2,udum,Hypholoma udum
086bfa8912f20102ea93126ce9d883a76c425258,Hypholoma,aff,2,udum,Hypholoma udum
086bfa8912f20102ea93126ce9d883a76c425258,Hypholoma,aff,2,udum,Hypholoma udum
09c1bd535e8111d3225177f967352004f3ce5b1d,Hypholoma,aff,2,udum,Hypholoma udum
0ff7a27bf7a1909ee60f2eecad50c554b8125eb1,Hypholoma,aff,2,udum,Hypholoma udum
23c6a61f8a56289dfac0194dedbdb43b77195300,Hypholoma,aff,2,udum,Hypholoma udum
46c275c58001bf55028fd839bcdc8e2c43575c05,Hypholoma,aff,2,udum,Hypholoma udum
482b39d380f8650ce1d63d7e545b6b181de9d639,Hypholoma,aff,2,udum,Hypholoma udum
5a6e6fa7e0d2749e1e586bff0f467fbbf1ec06f8,Hypholoma,aff,2,udum,Hypholoma udum
62365e3a85266659928f8fcc087ec3fe4536f05e,Hypholoma,aff,2,udum,Hypholoma udum
62365e3a85266659928f8fcc087ec3fe4536f05e,Hypholoma,aff,2,udum,Hypholoma udum
6e2cfbf00cea5943c2595fa1d46e88a647595fec,Hypholoma,aff,2,udum,Hypholoma udum
c61ff628aad47fc2e847d5d4050b2da3150a7b6c,Hypholoma,aff,2,udum,Hypholoma udum
de0ea9b4d60d36bd099e1a8324ff6df1f4d68238,Hypholoma,aff,2,udum,Hypholoma udum
ed141f1e02fc6a092cc612f8409c9fc0209b9639,Hypholoma,aff,2,udum,Hypholoma udum
0c9c601611a752763b5688da76a30b7739a2a76f,Hypholoma,aff,,udum,Hypholoma udum
0e0ab65599013566316e91d00327fc41766fdac0,Hypholoma,,,udum,Hypholoma udum
1d7aae8e6a37cfa071adcc75e11e47a7c3b8e1d7,Hypholoma,,,udum,Hypholoma udum
1d8a0700f45a0a0eaacd08f51944ce9e29aba24d,Hypholoma,,,udum,Hypholoma udum
20cafd91ce4098fbcde638d8eabe235e2bca06e9,Hypholoma,,,udum,Hypholoma udum
2afdd548131a8cc7416c5eec254d71d1ec8e5b6b,Hypholoma,,,udum,Hypholoma udum
2b2310468da70b3fcb26415525c82ac3fb63fbcd,Hypholoma,,,udum,Hypholoma udum
368e0de03c7466daf1b9d77c0c625926f88652bf,Hypholoma,,,udum,Hypholoma udum
3a657ecccebb5160bd59984f342bc545856d7bc1,Hypholoma,,,udum,Hypholoma udum
3f47ed6694d9dcb01bb0f89d43beff12d4eec90d,Hypholoma,,,udum,Hypholoma udum
403622c7c3ffdf7f55769f4d54544681858eb14f,Hypholoma,aff,,udum,Hypholoma udum
42f9caa6b86d5128ca85108813c3b766acb9cd59,Hypholoma,,,udum,Hypholoma udum
4a1fa2481959b2c90c075b76ce3feebe8bebc867,Hypholoma,aff,,udum,Hypholoma udum
4d2efd9eb8c62ebd65e8d337696cfa9f32e2fce4,Hypholoma,,,udum,Hypholoma udum
4e8e52b01256efbd8b4acdcc53194b150b3cdca6,Hypholoma,,,udum,Hypholoma udum
4e8e52b01256efbd8b4acdcc53194b150b3cdca6,Hypholoma,,,udum,Hypholoma udum
4e8e52b01256efbd8b4acdcc53194b150b3cdca6,Hypholoma,,,udum,Hypholoma udum
4e8e52b01256efbd8b4acdcc53194b150b3cdca6,Hypholoma,,,udum,Hypholoma udum
5ce9ce5ad166811cfffa18afb4ddf8e27fe896e1,Hypholoma,aff,,udum,Hypholoma udum
6c44e60726564360f2e8ce338d05daff87d68591,Hypholoma,,,udum,Hypholoma udum
6c44e60726564360f2e8ce338d05daff87d68591,Hypholoma,,,udum,Hypholoma udum
6c44e60726564360f2e8ce338d05daff87d68591,Hypholoma,,,udum,Hypholoma udum
6c44e60726564360f2e8ce338d05daff87d68591,Hypholoma,,,udum,Hypholoma udum
6c44e60726564360f2e8ce338d05daff87d68591,Hypholoma,,,udum,Hypholoma udum
6c44e60726564360f2e8ce338d05daff87d68591,Hypholoma,,,udum,Hypholoma udum
6c44e60726564360f2e8ce338d05daff87d68591,Hypholoma,,,udum,Hypholoma udum
6c44e60726564360f2e8ce338d05daff87d68591,Hypholoma,,,udum,Hypholoma udum
6c44e60726564360f2e8ce338d05daff87d68591,Hypholoma,,,udum,Hypholoma udum
6c44e60726564360f2e8ce338d05daff87d68591,Hypholoma,,,udum,Hypholoma udum
6c44e60726564360f2e8ce338d05daff87d68591,Hypholoma,,,udum,Hypholoma udum
6c44e60726564360f2e8ce338d05daff87d68591,Hypholoma,,,udum,Hypholoma udum
6c44e60726564360f2e8ce338d05daff87d68591,Hypholoma,,,udum,Hypholoma udum
6c44e60726564360f2e8ce338d05daff87d68591,Hypholoma,,,udum,Hypholoma udum
6c44e60726564360f2e8ce338d05daff87d68591,Hypholoma,,,udum,Hypholoma udum
78daebd4f04d1d00639cc588e4adf26de3201384,Hypholoma,,,udum,Hypholoma udum
8278927618e406f06ff8795a60d517ff94581a23,Hypholoma,,,udum,Hypholoma udum
85eda36a795867f990aca67056c2e2e73665934f,Hypholoma,,,udum,Hypholoma udum
8d9c962d2bfda59558f8613cd7733401e0eeff66,Hypholoma,,,udum,Hypholoma udum
8d9c962d2bfda59558f8613cd7733401e0eeff66,Hypholoma,,,udum,Hypholoma udum
8d9c962d2bfda59558f8613cd7733401e0eeff66,Hypholoma,,,udum,Hypholoma udum
8d9c962d2bfda59558f8613cd7733401e0eeff66,Hypholoma,,,udum,Hypholoma udum
8d9c962d2bfda59558f8613cd7733401e0eeff66,Hypholoma,,,udum,Hypholoma udum
8d9c962d2bfda59558f8613cd7733401e0eeff66,Hypholoma,,,udum,Hypholoma udum
8d9c962d2bfda59558f8613cd7733401e0eeff66,Hypholoma,,,udum,Hypholoma udum
8d9c962d2bfda59558f8613cd7733401e0eeff66,Hypholoma,,,udum,Hypholoma udum
8d9c962d2bfda59558f8613cd7733401e0eeff66,Hypholoma,,,udum,Hypholoma udum
8d9c962d2bfda59558f8613cd7733401e0eeff66,Hypholoma,,,udum,Hypholoma udum
8d9c962d2bfda59558f8613cd7733401e0eeff66,Hypholoma,,,udum,Hypholoma udum
acefb568a6693cf1bedc15d2be4eb14921ca55bd,Hypholoma,,,udum,Hypholoma udum
b05589aa7794838c6796171959a218773e750b72,Hypholoma,,,udum,Hypholoma udum
b20aa3937d982cceb558849f91157ad8eb12550d,Hypholoma,,,udum,Hypholoma udum
b2e1229ba9a163bc6f213b521dee0ca831d67e3e,Hypholoma,,,udum,Hypholoma udum
b543e151232d13afccace18ad9ccf23c866b2381,Hypholoma,,,udum,Hypholoma udum
bd1ec6bb35e7c7a6e75ce455f4cc1f3c46dbf2f7,Hypholoma,,,udum,Hypholoma udum
c313032af36f7eba89a2e7e5b61e49b5af0935f9,Hypholoma,,,udum,Hypholoma udum
d699686b10ee7bc22cfc7c37a5498704cdc66502,Hypholoma,aff,,udum,Hypholoma udum
d9a73dde03ac87d46ee425e4c4c7d7efe1a52691,Hypholoma,,,udum,Hypholoma udum
fb7562afd24277c02a55b89c2273f20648261574,Hypholoma,,,udum,Hypholoma udum
feb8dd4e6a09de5e27cd7ad5fc3586ea3a66fb7d,Hypholoma,,,udum,Hypholoma udum
51bd6a35aacf62e803bd1a3c906bae9f3cbc0d3e,Hypoderma,sp,,,Hypoderma 
2eccfeafdbf88bebdef7abdde9b017e7cb996b54,Infundibulicybe,cf,,gibba,Infundibulicybe gibba
53ccb094b23d3db2076e2d8a7603942ed29ad9b4,Infundibulicybe,cf,,gibba,Infundibulicybe gibba
971d47c74766c1561062d4afa69ac638793c4cbb,Infundibulicybe,cf,,gibba,Infundibulicybe gibba
a4fe93411c8c5623f515370a1eb850d0c053396b,Infundibulicybe,cf,,gibba,Infundibulicybe gibba
b67316a6e007698ffb4ec0101da581a2f4d163ce,Infundibulicybe,cf,,gibba,Infundibulicybe gibba
5a4b75ac95ffe778346ef148dfc09a4c05e28c88,Infundibulicybe,,,phaeocentralis,Infundibulicybe phaeocentralis
bdedec0b06d80cb68aaf20ec9eba44bc3ca1cc22,Infundibulicybe,,,phaeocentralis,Infundibulicybe phaeocentralis
bdedec0b06d80cb68aaf20ec9eba44bc3ca1cc22,Infundibulicybe,,,phaeocentralis,Infundibulicybe phaeocentralis
e22e41b6536d9127d5c7109e9a42501480dc798e,Infundibulicybe,,,phaeocentralis,Infundibulicybe phaeocentralis
f9370e59ec23e026c68e6ed7a784a51f01b4bdca,Infundibulicybe,,,phaeocentralis,Infundibulicybe phaeocentralis
2f900f6be4a5806e65d52dabfae31dce56eec654,Inocybe,sp,1,,Inocybe 
5202711c56b1adcd23a385fdf4b191f9c777e02e,Inocybe,sp,1,,Inocybe 
589bf2595d8166a1fde57040291e207a64dd530c,Inocybe,sp,1,,Inocybe 
d7546119eb55daa38780553c6c19809989c84336,Inocybe,sp,1,,Inocybe 
d7546119eb55daa38780553c6c19809989c84336,Inocybe,sp,1,,Inocybe 
d7546119eb55daa38780553c6c19809989c84336,Inocybe,sp,1,,Inocybe 
139f4648332776d767831ca6a4f56a0fc3734ad2,Inocybe,sp,10,,Inocybe 
fe3ee3ca9cb8fface2a571dc660411fec4294c9b,Inocybe,sp,10,,Inocybe 
5fd6beb16531281d1530031a281d50c7f6897bb9,Inocybe,sp,12,,Inocybe 
f7e6049a4d1427f3a6498e1bfc2cd8ae9c008897,Inocybe,sp,13,,Inocybe 
d11ddbb95a82c86e1dcaf0ca009296f8aee4f1e3,Inocybe,sp,14,,Inocybe 
dd8c63e747ed47cd14dca0f6a5d7e94ba171473d,Inocybe,sp,14,,Inocybe 
15c61d6f3d57c5229de4323f3d2aa6ba20ede61a,Inocybe,sp,15,,Inocybe 
6cfd7716d6705c811811582acd9520966ed72eca,Inocybe,sp,16,,Inocybe 
274c501d37f4cb9608424da6b1c9a16d99abfb1c,Inocybe,sp,2,,Inocybe 
01f64e780c465f2a8dd9eb12c1c49ed9f9f1e0c2,Inocybe,sp,3,,Inocybe 
2aee4cc7b9ba08ffe37e9023048ecd881d8386ee,Inocybe,sp,3,,Inocybe 
6a3cf388f741d4ff56ab3f72bbb00b7570d9b948,Inocybe,sp,3,,Inocybe 
ef0f53a21f9b3c11dd91a324f41dd6944b29ad46,Inocybe,sp,3,,Inocybe 
72ae511b0a03f98e36f02a3b6be2ea15f9128c9c,Inocybe,sp,4,,Inocybe 
84c2773b72a8607feb45157348ad43ac9946fd6d,Inocybe,sp,4,,Inocybe 
8f46ee511bc0654e2e716a81a0e702ce317a1d64,Inocybe,sp,4,,Inocybe 
9cc1c8f0bd928cf26147cec5ebb4ab23893413e3,Inocybe,sp,4,,Inocybe 
e9789a7345c1f90ec91812982953f25689a92529,Inocybe,sp,4,,Inocybe 
2a84f006a3a39020f9a606faa6dff7a75a94024d,Inocybe,sp,5,,Inocybe 
8c9e3eca83f6650e39cc6ec87b00c1ba1e357977,Inocybe,sp,5,,Inocybe 
8c9e3eca83f6650e39cc6ec87b00c1ba1e357977,Inocybe,sp,5,,Inocybe 
bee01411d73aa5782a7264f784e7923d9aa38b81,Inocybe,sp,5,,Inocybe 
c12f185c87cea16ad81d6aec2c5d57fd4a3aafc8,Inocybe,sp,5,,Inocybe 
2daf95453645734626bc41f6d34c6d4685c3e861,Inocybe,sp,6,,Inocybe 
03266b36be44722b861634b1f1d82664ff8e2d04,Inocybe,sp,7,,Inocybe 
ba428b5752e77c3eaccb0c23f0b15d3091d7fb5d,Inocybe,sp,8,,Inocybe 
2bf44bf873e6a28753fa893a8b3891fc935bec94,Inocybe,sp,9,,Inocybe 
68812c9135ef69a312bfeaad9dca473d37baf782,Inocybe,,,acutoides,Inocybe acutoides
965c71dd04950125a4a3812be2110e022eb3a352,Inocybe,,,acutoides,Inocybe acutoides
d393e1b689bb0e5c131c74bdb83400f4bd0f2204,Inocybe,,,acutoides,Inocybe acutoides
ca429d36b976b606e96188e9659c091092a5bf1e,Inocybe,aff,,astraiana,Inocybe astraiana
31edf9bae4b266fe63a4543249f44378d762d650,Inocybe,cf,,auricoma,Inocybe auricoma
4e20fc634e789f5ed327c5918f92ad2b583b88aa,Inocybe,aff,,auricoma,Inocybe auricoma
5ed9e23e00b4651ea095a998f248df96a5e5b58f,Inocybe,,,borealis,Inocybe borealis
7a44c4af199fa84a0a0b6003fcc8df3a67b0d1cd,Inocybe,,,borealis,Inocybe borealis
7a44c4af199fa84a0a0b6003fcc8df3a67b0d1cd,Inocybe,,,borealis,Inocybe borealis
8b012943b311e0993afa271243b93d71e3b2d065,Inocybe,,,borealis,Inocybe borealis
a66799a80f589962a1a823435821eb73b5e484c3,Inocybe,,,borealis,Inocybe borealis
be10b0272ba0d01103b33e20459f7d3d5c0ddff1,Inocybe,,,borealis,Inocybe borealis
be10b0272ba0d01103b33e20459f7d3d5c0ddff1,Inocybe,,,borealis,Inocybe borealis
cd15c011ae3ac54a9daf0def33175a6c97d01d95,Inocybe,,,borealis,Inocybe borealis
939f15f9b6f14d6f5d36e428ffee43e5061bdf4a,Inocybe,,,boreocarelica,Inocybe boreocarelica
5197d76c627c2b30750b4b48cce4a0d6c7635912,Inocybe,,,bulbosissima,Inocybe bulbosissima
5197d76c627c2b30750b4b48cce4a0d6c7635912,Inocybe,,,bulbosissima,Inocybe bulbosissima
19260cadedf9a0ab1c9de7f089a615fdc7f1bcf5,Inocybe,cf,,caprimulgi,Inocybe caprimulgi
302f49b30e7f088d1b32f1eb173d602c7052318d,Inocybe,cf,,caprimulgi,Inocybe caprimulgi
42d04a79e5cd2806901e46640838327dd94dc6d3,Inocybe,cf,,caprimulgi,Inocybe caprimulgi
46833396490d2a48bd2334328edfe97bbe1a1f26,Inocybe,cf,,caprimulgi,Inocybe caprimulgi
8e74c33b5936c7b73a3fdc8dd64315ed6d60a01c,Inocybe,cf,,caprimulgi,Inocybe caprimulgi
65d8809318de1250e61e7237db5d43b13c84f8f2,Inocybe,cf,,cervicolor,Inocybe cervicolor
4ba1446f35b64b2899d7df70f6c38b447fa7b4a4,Inocybe,aff,,cincinnata,Inocybe cincinnata
1a5dbdfc2b9c2aa2f72a7c09dd84e6cd985d2ec7,Inocybe,,,flocculosa,Inocybe flocculosa
2132db501f00f4501c2cbb88f465410576582a61,Inocybe,,,flocculosa,Inocybe flocculosa
21867f64a58ac3146048c0f8ec6ae6ea58fa4955,Inocybe,cf,,flocculosa,Inocybe flocculosa
969c46eff0dcc9ee6c789337ea22ff6a874ba9eb,Inocybe,,,flocculosa,Inocybe flocculosa
b0d3656c16f6cda907c89b50066232c3ef6cc677,Inocybe,,,flocculosa,Inocybe flocculosa
b0d3656c16f6cda907c89b50066232c3ef6cc677,Inocybe,,,flocculosa,Inocybe flocculosa
b0d3656c16f6cda907c89b50066232c3ef6cc677,Inocybe,,,flocculosa,Inocybe flocculosa
d176475180cd7c0f21fd9472986820b5bdf34872,Inocybe,,,flocculosa,Inocybe flocculosa
d176475180cd7c0f21fd9472986820b5bdf34872,Inocybe,,,flocculosa,Inocybe flocculosa
d176475180cd7c0f21fd9472986820b5bdf34872,Inocybe,,,flocculosa,Inocybe flocculosa
d176475180cd7c0f21fd9472986820b5bdf34872,Inocybe,,,flocculosa,Inocybe flocculosa
1047cdef3611e2eb82caea0bf602a1ef8d5a91fb,Inocybe,,,fuscescentipes,Inocybe fuscescentipes
443f90573beb0f46503d6d3bf2a115ecde83134c,Inocybe,,,fuscescentipes,Inocybe fuscescentipes
47fe066c189631c4ad6334e1dcee9826e8b09bf9,Inocybe,,,fuscescentipes,Inocybe fuscescentipes
49731aa990f97a44f82e6649f34b59f8fbe63e9e,Inocybe,,,fuscescentipes,Inocybe fuscescentipes
76ca9e268c0dc6cb8acebf62fe02a13b21cecfa4,Inocybe,,,fuscescentipes,Inocybe fuscescentipes
76ca9e268c0dc6cb8acebf62fe02a13b21cecfa4,Inocybe,,,fuscescentipes,Inocybe fuscescentipes
81b833eca5307c99a30048a08abfd9248b2c4bee,Inocybe,,,fuscescentipes,Inocybe fuscescentipes
a07684616905c847f2aeb33da574314efa5b6e81,Inocybe,,,fuscescentipes,Inocybe fuscescentipes
bc37821a360558e12877712aaadea5c29b45f5d1,Inocybe,,,fuscescentipes,Inocybe fuscescentipes
bc37821a360558e12877712aaadea5c29b45f5d1,Inocybe,,,fuscescentipes,Inocybe fuscescentipes
bd3b164b5464f2f740edf4e4bf2655e57cb118b5,Inocybe,,,fuscescentipes,Inocybe fuscescentipes
c0938f0d8e1c7e636b1384322ef931c9b0a958de,Inocybe,,,fuscescentipes,Inocybe fuscescentipes
cead3f98895ff8f267a3a78e759c265756da32b5,Inocybe,,,fuscescentipes,Inocybe fuscescentipes
e01c6e8efbcc97b1788c351b3478a4a0142bc6ab,Inocybe,,,fuscescentipes,Inocybe fuscescentipes
2cdc053ff00e062ad0552aff90b91dce3f2e34e5,Inocybe,,,galactica,Inocybe galactica
3ec9f51cf782ce006bf74f730280e859706499b5,Inocybe,,,galactica,Inocybe galactica
3ec9f51cf782ce006bf74f730280e859706499b5,Inocybe,,,galactica,Inocybe galactica
ef598b2723ea6abe3a368635f21800f5202a1130,Inocybe,,,galactica,Inocybe galactica
9035f0cf729fe451fc49846cce1e54da3998b6dc,Inocybe,cf,,geophylla,Inocybe geophylla
ca7ded7339d4803abf783555e9ef75265f5e3b3f,Inocybe,cf,,geophylla,Inocybe geophylla
12e37aeb26246f682fd8ceb0c8ded5ea7c077dfa,Inocybe,,,goniopusio,Inocybe goniopusio
1f9f044984e3e55bdd60fc9d8a28a699fab5a9e0,Inocybe,cf,,griseolilacina,Inocybe griseolilacina
20ffaf21a87986988487b7f2c1b6515b73de9eb3,Inocybe,cf,,griseolilacina,Inocybe griseolilacina
2eaa93194b20e79932d27a1c8cec7e350482981d,Inocybe,cf,,griseolilacina,Inocybe griseolilacina
74694a27889f12ba9940c2a8a5e9b131296cd4d1,Inocybe,cf,,griseolilacina,Inocybe griseolilacina
2136bc49336827ff1bc02746e08eb38cfeceb6d3,Inocybe,,,helobia,Inocybe helobia
4108a0ef6bc7c3fe1d39c4c870311d5a78eb2aa4,Inocybe,,,helobia,Inocybe helobia
438d55a482297829b56b69d5c2fe954faeb75fea,Inocybe,,,helobia,Inocybe helobia
438d55a482297829b56b69d5c2fe954faeb75fea,Inocybe,,,helobia,Inocybe helobia
8825d6032e202e6e4dae6b3bf11e55dbc45153a7,Inocybe,,,helobia,Inocybe helobia
8dcfc3d728fe6b1b03d5fa1f822f800349f0fae2,Inocybe,,,helobia,Inocybe helobia
8dcfc3d728fe6b1b03d5fa1f822f800349f0fae2,Inocybe,,,helobia,Inocybe helobia
0bb525cacc460daf8f427837ee91317c52de3f3e,Inocybe,cf,,jacobi,Inocybe jacobi
1dd64cf793e8f28fa0038076809059833be6f151,Inocybe,cf,,jacobi,Inocybe jacobi
22205596d3147be2c0f9a3009ab65561e895fe96,Inocybe,cf,,jacobi,Inocybe jacobi
2ba611eeda4abeb3e3141bd482478f9dba8c8c50,Inocybe,cf,,jacobi,Inocybe jacobi
462751cf01ac136ef6e232cb66f83c949f56a364,Inocybe,cf,,jacobi,Inocybe jacobi
4a8bfe5cc54671de0e299862553c2bdf5ae5ed6e,Inocybe,cf,,jacobi,Inocybe jacobi
526721ec0ad65b0c00878b3a7b9d78e904a561ab,Inocybe,cf,,jacobi,Inocybe jacobi
248a0889c16ec9872d8e8b53e2d4594cb6ebcf84,Inocybe,aff,,lacera,Inocybe lacera
248a0889c16ec9872d8e8b53e2d4594cb6ebcf84,Inocybe,aff,,lacera,Inocybe lacera
3f9791dce26f887ce17bf4a264c9b6f41e0bbbf4,Inocybe,aff,,lacera,Inocybe lacera
63c515d0dbdc95fe8f2fadc87dbcfcede3df3975,Inocybe,,,lapponica,Inocybe lapponica
63c515d0dbdc95fe8f2fadc87dbcfcede3df3975,Inocybe,,,lapponica,Inocybe lapponica
b879ade24860eea389f674091dbf01831708d838,Inocybe,,,lapponica,Inocybe lapponica
6100052556783e8b2a8faa26910e311c105218c8,Inocybe,,,leptophylla,Inocybe leptophylla
13f4fb2eb33beda0e0cfe8e644affa9ab328c7a3,Inocybe,,,lindrothii,Inocybe lindrothii
13f4fb2eb33beda0e0cfe8e644affa9ab328c7a3,Inocybe,,,lindrothii,Inocybe lindrothii
60cb659cc419c3cb14f2d18a8e346cab197a9d73,Inocybe,,,lindrothii,Inocybe lindrothii
07deb8443c82493bbe29468d482cb2f961f36ce2,Inocybe,,,moravica,Inocybe moravica
0a239a00957e4fc58ffb7346f51901c662461585,Inocybe,,,moravica,Inocybe moravica
10b2ca5a7acd2d5ababcd0af0bcd7f2e446cba30,Inocybe,,,moravica,Inocybe moravica
1bd35c260ad0b97e29e7f18dcf3897e38c061635,Inocybe,,,moravica,Inocybe moravica
2857872e3daf6e468147161e062da2c6dc36080d,Inocybe,,,moravica,Inocybe moravica
295254cd78253e98ca5216a46d89365e8273952e,Inocybe,,,moravica,Inocybe moravica
295254cd78253e98ca5216a46d89365e8273952e,Inocybe,,,moravica,Inocybe moravica
295254cd78253e98ca5216a46d89365e8273952e,Inocybe,,,moravica,Inocybe moravica
295254cd78253e98ca5216a46d89365e8273952e,Inocybe,,,moravica,Inocybe moravica
295254cd78253e98ca5216a46d89365e8273952e,Inocybe,,,moravica,Inocybe moravica
37d4115bedadefebfeeef693065cb916e89960b4,Inocybe,,,moravica,Inocybe moravica
3dcbb3242a0b69b666f85d41293e1834331b47c3,Inocybe,,,moravica,Inocybe moravica
54126860248f303ea64d004579b085d5f2c173d6,Inocybe,,,moravica,Inocybe moravica
770499bcb198887a9ff17c8bcac8a5767ee4deea,Inocybe,,,moravica,Inocybe moravica
b0f607972e7a800227a27f9599d34ec3c9f1dec3,Inocybe,,,moravica,Inocybe moravica
d5f0823b2626cc43fa5df7adc5798931bdc196c5,Inocybe,,,moravica,Inocybe moravica
75b269e32f85a8a65a818b972c1406a8a26ba392,Inocybe,aff,,mortenii,Inocybe mortenii
7b11889ae3d5b88f8fd572c56ad4b3bc9b1e46eb,Inocybe,aff,,mortenii,Inocybe mortenii
a9aecd0e13805b8651e2d78f3a55d34d19a38273,Inocybe,aff,,mortenii,Inocybe mortenii
f7277b6405ba78bcb00eefcec50f533816e06a67,Inocybe,aff,,mortenii,Inocybe mortenii
f7277b6405ba78bcb00eefcec50f533816e06a67,Inocybe,aff,,mortenii,Inocybe mortenii
f7277b6405ba78bcb00eefcec50f533816e06a67,Inocybe,aff,,mortenii,Inocybe mortenii
07bc707b3cdf869432f8914be7d7967590b79e34,Inocybe,aff,,napipes,Inocybe napipes
07bc707b3cdf869432f8914be7d7967590b79e34,Inocybe,aff,,napipes,Inocybe napipes
84e093b98dd6632331ae8cc2fd0b582e3e870b88,Inocybe,aff,,napipes,Inocybe napipes
ae3309b64136872b751fe50dab6b608a10f5e31b,Inocybe,aff,,napipes,Inocybe napipes
be94effd50f86d3cad9973f738949ef2f0cede8d,Inocybe,aff,,napipes,Inocybe napipes
0806c10a8f7722a8ff0a198588218d898daae5ba,Inocybe,cf,,nitidiuscula,Inocybe nitidiuscula
457194fdc87a2be91728c80a283af9e7b6684a27,Inocybe,cf,,nitidiuscula,Inocybe nitidiuscula
74319de83c7fa4ba401b5ed3246b8a3a7775d86c,Inocybe,cf,,nitidiuscula,Inocybe nitidiuscula
850d9cd4b18af7c8b78aa6e52733fe66bba04699,Inocybe,cf,,nitidiuscula,Inocybe nitidiuscula
878b6f086c46986a10a23872763839ae9ac64953,Inocybe,cf,,nitidiuscula,Inocybe nitidiuscula
b1b620049aca34e51fe785eeb78f11fc0ea28f33,Inocybe,cf,,nitidiuscula,Inocybe nitidiuscula
baeb6275f6b44ed6584922a71f9ae56139161354,Inocybe,cf,,nitidiuscula,Inocybe nitidiuscula
ceafa210088db7f24d898e05989cf7b34377bb3e,Inocybe,cf,,nitidiuscula,Inocybe nitidiuscula
efee247ef06e1d6b69e7da08a0c1079c17ffea1c,Inocybe,cf,,nitidiuscula,Inocybe nitidiuscula
07ca29ec8a6552c0d135220d52834200c7614c7b,Inocybe,,,occulta,Inocybe occulta
157c70008b707178ed7c2bad33a79b3a8312a8c0,Inocybe,,,occulta,Inocybe occulta
21ea3f82fe959d40e70f80d1f7a60b1dd88cf747,Inocybe,,,occulta,Inocybe occulta
2c4df410624867494cae61566f3f98be66324f0a,Inocybe,,,occulta,Inocybe occulta
5094d9d046bb7d9754c6af4be0eadeb39358b066,Inocybe,,,occulta,Inocybe occulta
62b5bb7987f49eaabc2f8dc11c2d27432e981e80,Inocybe,,,occulta,Inocybe occulta
7f9f9bf6ce29bbe7b713264a528655736b9c6c62,Inocybe,,,occulta,Inocybe occulta
9c10d0d4cd297f433b8ddbf3c621f4b3a7ade46b,Inocybe,,,occulta,Inocybe occulta
9c10d0d4cd297f433b8ddbf3c621f4b3a7ade46b,Inocybe,,,occulta,Inocybe occulta
d0fd31ff431de13db484e2aaa8ca4a19f1270120,Inocybe,,,occulta,Inocybe occulta
d0fd31ff431de13db484e2aaa8ca4a19f1270120,Inocybe,,,occulta,Inocybe occulta
d0fd31ff431de13db484e2aaa8ca4a19f1270120,Inocybe,,,occulta,Inocybe occulta
d0fd31ff431de13db484e2aaa8ca4a19f1270120,Inocybe,,,occulta,Inocybe occulta
d0fd31ff431de13db484e2aaa8ca4a19f1270120,Inocybe,,,occulta,Inocybe occulta
d0fd31ff431de13db484e2aaa8ca4a19f1270120,Inocybe,,,occulta,Inocybe occulta
d0fd31ff431de13db484e2aaa8ca4a19f1270120,Inocybe,,,occulta,Inocybe occulta
d0fd31ff431de13db484e2aaa8ca4a19f1270120,Inocybe,,,occulta,Inocybe occulta
d2b9969a3ba0c69939c7343d2660af06a2b22243,Inocybe,,,occulta,Inocybe occulta
39afc5203e0e049829522a7d001b70f702fd0dc1,Inocybe,,,paragiacomi,Inocybe paragiacomi
507fdd187155fe4a3906f54710607a461d2b9ebe,Inocybe,,,paragiacomi,Inocybe paragiacomi
07b2f890fa9a8634650968351b5a65d210113ffb,Inocybe,,,phaeocystidiosa,Inocybe phaeocystidiosa
0c8cb0678075a5318a114652c30fdf13aa070370,Inocybe,,,phaeocystidiosa,Inocybe phaeocystidiosa
90a850be1e9a11c89b3cc80e935cfb2999ebc649,Inocybe,,,phaeocystidiosa,Inocybe phaeocystidiosa
f0755f678c84bd511b9218a90cdfb0627d8b52de,Inocybe,,,phaeocystidiosa,Inocybe phaeocystidiosa
157b54cbee667d6c32fa66a13c1a1adddb8dffde,Inocybe,cf,,praetervisa,Inocybe praetervisa
359238d59d1022c3977e67b7f740f5be81add7cf,Inocybe,cf,,praetervisa,Inocybe praetervisa
226d97f6702332d56153ade2f219746712097ba7,Inocybe,,,pseudodestricta,Inocybe pseudodestricta
c932943c7a86f41f4117b59decd0c8c4544b2c36,Inocybe,,,pseudoscabelliformis,Inocybe pseudoscabelliformis
038ca7381c9de3f85448cfb59ba101f5d8d585b6,Inocybe,,,pseudoteraturgus,Inocybe pseudoteraturgus
038ca7381c9de3f85448cfb59ba101f5d8d585b6,Inocybe,,,pseudoteraturgus,Inocybe pseudoteraturgus
038ca7381c9de3f85448cfb59ba101f5d8d585b6,Inocybe,,,pseudoteraturgus,Inocybe pseudoteraturgus
2142c71b345c6c74153327a4f1cdf3a48eac9a7c,Inocybe,,,rivularis,Inocybe rivularis
2142c71b345c6c74153327a4f1cdf3a48eac9a7c,Inocybe,,,rivularis,Inocybe rivularis
05664a12363ae4dcb1e1d3e5a4c37754480a0d03,Inocybe,,,subcarpta,Inocybe subcarpta
a24d632016fd551495b1bf7bd3e9f493d3cbb0d6,Inocybe,,,subcarpta,Inocybe subcarpta
ee50dedde330a4c89170022a4f456aa85ed9e296,Inocybe,,,subcarpta,Inocybe subcarpta
ee50dedde330a4c89170022a4f456aa85ed9e296,Inocybe,,,subcarpta,Inocybe subcarpta
13dd7e1af7192509e42e2d8bfbaa734191768a9f,Inocybe,,,subpaleacea,Inocybe subpaleacea
bf1a24868e6db5b56e75ebd955cc57215c5a09c7,Inocybe,,,subpaleacea,Inocybe subpaleacea
bf1a24868e6db5b56e75ebd955cc57215c5a09c7,Inocybe,,,subpaleacea,Inocybe subpaleacea
089a1e21e372b76bb4697df5bff893ffcc0a4e59,Inocybe,,,substellata,Inocybe substellata
6275a5ebdd2429ec66bdfa1805e31a722bcef996,Inocybe,aff,,undatolacera,Inocybe undatolacera
a5190bb59426dbba6bba42c81f3bab0e97421eb2,Inonotus,,,obliquus,Inonotus obliquus
42b25739f0d7e9446b46fa6b0db5194f559ce92c,Khimera,,,,Khimera 
c43f44c6c99f0fae433c6f88062b50a52a502f0e,Khimera,,,,Khimera 
0a75d36e61d8908a9a6d5b2c62e1eeeffe96b2ca,Khimera10,,,,Khimera10 
e28c32e498e64c20f1bc78de2f72442674b4fdf3,Khimera10,,,,Khimera10 
dedc63f2ee814ecd9d5527f16316250532f30cd0,Khimera100,,,,Khimera100 
0c7caa5d91773dec1e33493a80072621c061cb9f,Khimera101,,,,Khimera101 
413be07610ca2c97ebe2be53caa5caa554cd0234,Khimera101,,,,Khimera101 
e6c65164cb2a51d46f4e92035fb67695bd662b2f,Khimera102,,,,Khimera102 
cb1559c157c772b5e294be2e7d5d35a71804d263,Khimera103,,,,Khimera103 
faf7c912f586177cf7ec16bb2e2477984b5e519e,Khimera104,,,,Khimera104 
12f43576608dc0a0226aaf2bd04158b19b1aaf80,Khimera105,,,,Khimera105 
12f43576608dc0a0226aaf2bd04158b19b1aaf80,Khimera105,,,,Khimera105 
12f43576608dc0a0226aaf2bd04158b19b1aaf80,Khimera105,,,,Khimera105 
f04b6fcfa121c3746ce20bac2699182f7d8cf990,Khimera106,,,,Khimera106 
f04b6fcfa121c3746ce20bac2699182f7d8cf990,Khimera106,,,,Khimera106 
0c5a017d9f8aa264b861ad5bd3c192fb000581a1,Khimera107,,,,Khimera107 
0c5a017d9f8aa264b861ad5bd3c192fb000581a1,Khimera107,,,,Khimera107 
0c5a017d9f8aa264b861ad5bd3c192fb000581a1,Khimera107,,,,Khimera107 
0d2eb15c61c4451d8beb1898981792dd335a2d04,Khimera108,,,,Khimera108 
b834990ad2e0f160bc275d573aec312c140965e2,Khimera108,,,,Khimera108 
b834990ad2e0f160bc275d573aec312c140965e2,Khimera108,,,,Khimera108 
b834990ad2e0f160bc275d573aec312c140965e2,Khimera108,,,,Khimera108 
073f68fdcca0790db2069cfc0a8afed2c6d7ffcf,Khimera109,,,,Khimera109 
121784f9d8242f7f256ed3c295f40522ea308e6b,Khimera109,,,,Khimera109 
09b237939bbd357a661acab8ea310b1d20ee7c79,Khimera11,,,,Khimera11 
eb48b360c6920a5684dede98a712a43e628c7f45,Khimera11,,,,Khimera11 
5136037df27eee1b1500ad6c87cfef9d3cc63c79,Khimera110,,,,Khimera110 
6dcb5d150399f5c60ae2c25bc072b3b25edba415,Khimera110,,,,Khimera110 
03c4a939a3e7640c2a7258626ffd65866b431659,Khimera113,,,,Khimera113 
57160415fceeeb9b8883b91f9130522dbe3cd856,Khimera113,,,,Khimera113 
73190e3de26a6cdcdd78fb171adacd916c1141a8,Khimera113,,,,Khimera113 
10492387838d8c49e4bb6ae18882e35f5da21266,Khimera115,,,,Khimera115 
062cfc751d3f4129973dc7a6144c69c6061d7c90,Khimera116,,,,Khimera116 
12d47fdbd5697e08cbffa2a7b86e99dbb7a12846,Khimera116,,,,Khimera116 
46bf3a93573fc6abd6d8acf8a39791cea3582c23,Khimera116,,,,Khimera116 
ad865414a96d95dcf3e143df8d036383d3405784,Khimera116,,,,Khimera116 
16ea4f49b0ddc2001c47fce13495c641b7bfdfb1,Khimera117,,,,Khimera117 
722713eca87127547087451dfcdbae9bb08ce586,Khimera117,,,,Khimera117 
902cbe36cba63a8a3b0e46c5ebf8d1b7e88cbeee,Khimera117,,,,Khimera117 
b246b390ab5753391d755dea65fd3e22e14ba409,Khimera117,,,,Khimera117 
d541e13bf0dbcea450588f3affa875791d43215e,Khimera117,,,,Khimera117 
16b3f7ff5d3cc5970b4839a8a94ff1634a98bbb4,Khimera118,,,,Khimera118 
67148aff2a6080fe107b5f76195b42094bcfcccc,Khimera118,,,,Khimera118 
c4504e28187b7407a75a569a4db21552a95d5a03,Khimera118,,,,Khimera118 
c7115a71dc9c736f5835e9813b0229ac718d437e,Khimera118,,,,Khimera118 
df9e0f7faf781d96fd47766094d4917fb8ab1a30,Khimera118,,,,Khimera118 
0b5da3daed3c85585ce4cd03f5ca7461db03313d,Khimera119,,,,Khimera119 
124939b2889d6424a0a4a7e5246a896c47297743,Khimera119,,,,Khimera119 
5b3dd67d7ffd9222f578586ab5d24f62a7a41164,Khimera119,,,,Khimera119 
ce52b3557d86d15662b93efbcb4303c27e174ffd,Khimera12,,,,Khimera12 
e28983ec15e2b41fe55f17882c7e1fb5c7fb1241,Khimera120,,,,Khimera120 
e7d984b85f49673537109ed6f418dacb176cfcd1,Khimera121,,,,Khimera121 
d75ac22b1e58f54d558af1dd582de3d6c273d473,Khimera122,,,,Khimera122 
66062203bbe55da2b0c578ad78bb02f04094207b,Khimera123,,,,Khimera123 
e557b89ae1a8734afc11975ca1978936609ab71d,Khimera124,,,,Khimera124 
fe03f3ae455ed3d110068e9164846c3315c2339c,Khimera124,,,,Khimera124 
139bc4a502390558b2700453723296bcb2eeb3c9,Khimera125,,,,Khimera125 
4050913acc997b9ba15da183eea667f267db3c69,Khimera125,,,,Khimera125 
699c3c02fd709bba24a224c3f55e49c7b1b5fc86,Khimera125,,,,Khimera125 
7363cdf8e8b96da5f76f95b0cebf05335c8eafab,Khimera125,,,,Khimera125 
b248862e9fb50e0e234af3a846c9fee22c59be32,Khimera125,,,,Khimera125 
c7537b15eb2ee29272a2d7114c7b9f844d6d06d4,Khimera125,,,,Khimera125 
c7537b15eb2ee29272a2d7114c7b9f844d6d06d4,Khimera125,,,,Khimera125 
c7537b15eb2ee29272a2d7114c7b9f844d6d06d4,Khimera125,,,,Khimera125 
1b52339a9e2b7dc7a7fc78674703dbea9be3e702,Khimera126,,,,Khimera126 
221d2cd48648b6d14b7aedf6ca6c9781fee67cac,Khimera126,,,,Khimera126 
2d0b488b8c039c09a15719df2a4d27ef691ff976,Khimera126,,,,Khimera126 
310d0db1e49e08ef186893012f25caa6e6bc07e3,Khimera126,,,,Khimera126 
4c242b9d5486ad1cccc0e977a33221e28360bab2,Khimera126,,,,Khimera126 
4fc59306a25bc034ac2056d20f0d43cbaa3b6116,Khimera126,,,,Khimera126 
59ea3f3cea7d6ccb5560ef0c9091738fd7f22036,Khimera126,,,,Khimera126 
5b89b9f091a0b3b7a351c00f765fb4734333e87b,Khimera126,,,,Khimera126 
603d08167e28549951d6b6f1e2e9da4c92031f3c,Khimera126,,,,Khimera126 
65f59160c4fe97fa8c6d12773db13275508038ed,Khimera126,,,,Khimera126 
65f59160c4fe97fa8c6d12773db13275508038ed,Khimera126,,,,Khimera126 
6bfb466621a27669c59230a12d09e57a72949776,Khimera126,,,,Khimera126 
798fb8198015dfe11ac878c6504595988014c8d5,Khimera126,,,,Khimera126 
85be27bc84c463b86237396c286b3ad7c8e124bc,Khimera126,,,,Khimera126 
86dd6bb06d76fa78a517881f2bdc52b7805871f5,Khimera126,,,,Khimera126 
9f5785b2aabac4bf3fd25dd39f78c0ab91737c0d,Khimera126,,,,Khimera126 
9f5785b2aabac4bf3fd25dd39f78c0ab91737c0d,Khimera126,,,,Khimera126 
9f5785b2aabac4bf3fd25dd39f78c0ab91737c0d,Khimera126,,,,Khimera126 
9f5785b2aabac4bf3fd25dd39f78c0ab91737c0d,Khimera126,,,,Khimera126 
9f5785b2aabac4bf3fd25dd39f78c0ab91737c0d,Khimera126,,,,Khimera126 
9f5785b2aabac4bf3fd25dd39f78c0ab91737c0d,Khimera126,,,,Khimera126 
a50e0f3277dc2aefbe1513701f807ed285559a42,Khimera126,,,,Khimera126 
b6bbcbffbf39ae96332d8c433344f5a09aef3094,Khimera126,,,,Khimera126 
f049edf96a093754dc2350613093589b83a76321,Khimera126,,,,Khimera126 
f049edf96a093754dc2350613093589b83a76321,Khimera126,,,,Khimera126 
02d2bfa3e0c5dd2c85eaa707aa25833c8aab5940,Khimera127,,,,Khimera127 
031344b640ad401838771dd862b39b9748658337,Khimera127,,,,Khimera127 
09499b0d45c514dbcc2bc4901160e7aacbee49f1,Khimera127,,,,Khimera127 
0a762ef7ae2e0cffdc628b3e8d4fa7f48079067c,Khimera127,,,,Khimera127 
775c15ec740427e9a50ab902d4a27f9e95e4c6b0,Khimera127,,,,Khimera127 
7ace27c73bbb8af55d8c594bfd84258c29e9d111,Khimera127,,,,Khimera127 
7ace27c73bbb8af55d8c594bfd84258c29e9d111,Khimera127,,,,Khimera127 
b651a9d90a7cf0807bf64ab1ebc323685bf48b84,Khimera127,,,,Khimera127 
cf993d5d4b71c621f4994993dd2bfae573107ffb,Khimera127,,,,Khimera127 
d263225da34cf5e8087c8e86592d81a4fd933066,Khimera127,,,,Khimera127 
d44c93410fa8fffbf5f51649ab6eb966cde3d07c,Khimera127,,,,Khimera127 
f9bd5d46f24ab3b1dd9068cc298eec8e7d02a0a5,Khimera127,,,,Khimera127 
35f9c4755c401b824d8107b4ba84f3a4e3af8799,Khimera128,,,,Khimera128 
3ee168afe2b48a1952754ead0e069c38eeb2e581,Khimera128,,,,Khimera128 
3cac27f0a6854f4f99ff8ef640f742fab9fd46fb,Khimera129,,,,Khimera129 
62f42f3fb9e17e90e1dac4edc4ecea8978bbb5eb,Khimera129,,,,Khimera129 
6c5a90a4b37dc10357756a93319b1075cc43b743,Khimera129,,,,Khimera129 
8ac6c0cb0a2d5f15661d570a9cc5116c10cba4aa,Khimera129,,,,Khimera129 
c5c202342d7e6aa30f7240f5da59cb08a0f097fb,Khimera129,,,,Khimera129 
4d7d911e21752917142583273dbcfbc69fff67d3,Khimera13,,,,Khimera13 
4d7d911e21752917142583273dbcfbc69fff67d3,Khimera13,,,,Khimera13 
24c6e029987c2287c85402974b19eda46b8bc553,Khimera130,,,,Khimera130 
304b2a910391c390883d9d4d9b9e5d0edce7b520,Khimera130,,,,Khimera130 
03709475d99da99f16ea77ff621ac5865ae7a0b3,Khimera131,,,,Khimera131 
0518ebf1b26643c3c7838204dd1303c47ed09173,Khimera131,,,,Khimera131 
05b8e88e5bc3f5ea77816cf7abe4b7995e1a5c13,Khimera131,,,,Khimera131 
05b8e88e5bc3f5ea77816cf7abe4b7995e1a5c13,Khimera131,,,,Khimera131 
05b8e88e5bc3f5ea77816cf7abe4b7995e1a5c13,Khimera131,,,,Khimera131 
05b8e88e5bc3f5ea77816cf7abe4b7995e1a5c13,Khimera131,,,,Khimera131 
05b8e88e5bc3f5ea77816cf7abe4b7995e1a5c13,Khimera131,,,,Khimera131 
06ee259eaedf9d041ae2895d149dff074e26eed6,Khimera131,,,,Khimera131 
14f353951bdaa676e2e91abdd535d81218e4da67,Khimera131,,,,Khimera131 
14f353951bdaa676e2e91abdd535d81218e4da67,Khimera131,,,,Khimera131 
14f353951bdaa676e2e91abdd535d81218e4da67,Khimera131,,,,Khimera131 
15ca5818472614955854264656cb189b7f3f913e,Khimera131,,,,Khimera131 
1712d988b12b1cf1784bdaaed2ef67e6aa68d670,Khimera131,,,,Khimera131 
17241bee15b21d1bdb59d37b3e0b2cdead8573cd,Khimera131,,,,Khimera131 
2026e812f43e0b960fcf6a456a9a762d64d4efc0,Khimera131,,,,Khimera131 
21cc3fa5cb58ef220e7a252341a8476a25b0c2a4,Khimera131,,,,Khimera131 
311c2dfa0f815e448f9e997df44ab0cddc5a9d8f,Khimera131,,,,Khimera131 
3339dcc4f6383f192487a5383693af795fee9586,Khimera131,,,,Khimera131 
353e52eaceb558e65e5e3e1c82ee0147ad0c0481,Khimera131,,,,Khimera131 
354d16cd412a872b24fa1c35343c1b350af288f0,Khimera131,,,,Khimera131 
3b7e15e184cc8d044c8d00a471892b857ad5fc69,Khimera131,,,,Khimera131 
3cd6ab1203076c44d97432352114d40baf4af68b,Khimera131,,,,Khimera131 
3d2b2db28d38220c7c5ef19baf1d7612bd219818,Khimera131,,,,Khimera131 
40ea27b037ddaa485dea4e6ff57f33403e8f0000,Khimera131,,,,Khimera131 
41f0c396f1c9304cc5b5fb57a4d410f32d6daf40,Khimera131,,,,Khimera131 
438e89cdeb51cfef7237403a40faa4ecf63bce54,Khimera131,,,,Khimera131 
438e89cdeb51cfef7237403a40faa4ecf63bce54,Khimera131,,,,Khimera131 
4edbfa41dd5145d273dd2d8e30d2b24ee5f7215d,Khimera131,,,,Khimera131 
4edbfa41dd5145d273dd2d8e30d2b24ee5f7215d,Khimera131,,,,Khimera131 
4edbfa41dd5145d273dd2d8e30d2b24ee5f7215d,Khimera131,,,,Khimera131 
4edbfa41dd5145d273dd2d8e30d2b24ee5f7215d,Khimera131,,,,Khimera131 
4edbfa41dd5145d273dd2d8e30d2b24ee5f7215d,Khimera131,,,,Khimera131 
4edbfa41dd5145d273dd2d8e30d2b24ee5f7215d,Khimera131,,,,Khimera131 
4edbfa41dd5145d273dd2d8e30d2b24ee5f7215d,Khimera131,,,,Khimera131 
557832ae9e44122bb16c448c278f9fb7446c0d1f,Khimera131,,,,Khimera131 
5aeac3fd05aec4c8257389024358a11f294f10b8,Khimera131,,,,Khimera131 
6963a6a86a514100cdec631af41588f657b895eb,Khimera131,,,,Khimera131 
6a1a664fcbfbe91d8661ab98709863d72a6b6bc3,Khimera131,,,,Khimera131 
6e7147f037f3a7b40bc3b472c9474d1ba20e074b,Khimera131,,,,Khimera131 
7a51f6322a41d8048218ebbe9e3019899e5cf1be,Khimera131,,,,Khimera131 
7af7ae2fe1a1283f27d048f5db82f65b6589875c,Khimera131,,,,Khimera131 
7af7ae2fe1a1283f27d048f5db82f65b6589875c,Khimera131,,,,Khimera131 
7af7ae2fe1a1283f27d048f5db82f65b6589875c,Khimera131,,,,Khimera131 
7af7ae2fe1a1283f27d048f5db82f65b6589875c,Khimera131,,,,Khimera131 
7af7ae2fe1a1283f27d048f5db82f65b6589875c,Khimera131,,,,Khimera131 
7af7ae2fe1a1283f27d048f5db82f65b6589875c,Khimera131,,,,Khimera131 
7af7ae2fe1a1283f27d048f5db82f65b6589875c,Khimera131,,,,Khimera131 
7af7ae2fe1a1283f27d048f5db82f65b6589875c,Khimera131,,,,Khimera131 
7af7ae2fe1a1283f27d048f5db82f65b6589875c,Khimera131,,,,Khimera131 
7af7ae2fe1a1283f27d048f5db82f65b6589875c,Khimera131,,,,Khimera131 
7af7ae2fe1a1283f27d048f5db82f65b6589875c,Khimera131,,,,Khimera131 
7af7ae2fe1a1283f27d048f5db82f65b6589875c,Khimera131,,,,Khimera131 
99916277aa8268739dfc0d43fd0e659a482b3e6e,Khimera131,,,,Khimera131 
a0b732de2af32355e5d34b7cd633b2ca6dcbaf10,Khimera131,,,,Khimera131 
a0b732de2af32355e5d34b7cd633b2ca6dcbaf10,Khimera131,,,,Khimera131 
a0b732de2af32355e5d34b7cd633b2ca6dcbaf10,Khimera131,,,,Khimera131 
a0b732de2af32355e5d34b7cd633b2ca6dcbaf10,Khimera131,,,,Khimera131 
a0b732de2af32355e5d34b7cd633b2ca6dcbaf10,Khimera131,,,,Khimera131 
a0b732de2af32355e5d34b7cd633b2ca6dcbaf10,Khimera131,,,,Khimera131 
a42a50a1cada4829fe4f7b79326ec1fa13ef9a7c,Khimera131,,,,Khimera131 
b2d9b43cfe75de1a0e0f519b38588a0ec4e69b74,Khimera131,,,,Khimera131 
b57c6791100717b312d910e22e7823af489be45c,Khimera131,,,,Khimera131 
bbe0a9f899b61fb3f507dc4ac1fd982be21d1187,Khimera131,,,,Khimera131 
d021b4592b2c6fcac9c65a28a754f27bcd9d0ef5,Khimera131,,,,Khimera131 
f2a30f7a1cb71aae782d46484a1123fec855eac2,Khimera131,,,,Khimera131 
fcd3ab1a49a1b18e223ab2111f6bc6abafcd197a,Khimera131,,,,Khimera131 
d14528b74f0e7e77d33678821dab02810195a3ff,Khimera14,,,,Khimera14 
11205ca01357783e307b2c4622f450cd7c571232,Khimera15,,,,Khimera15 
4f34c2cf2a786d9a751a7c58d61c92afe86b5cdc,Khimera17,,,,Khimera17 
47df4b19a7091634e2aed9cd7de23a2f5279a883,Khimera18,,,,Khimera18 
a30e3d7cf3c5a27580df8d2460d3275ac7b45f64,Khimera19,,,,Khimera19 
834c01d17dd3cdf5ecd8e04e193eb2bc070859b0,Khimera20,,,,Khimera20 
ff0bd3ffe08479ba89399da2e373766e9c897301,Khimera21,,,,Khimera21 
10c6b32530efac0c3a472093ab4088cfc03646b8,Khimera22,,,,Khimera22 
624cf4995afc4ea6b2c4c7c8e628c1ada3736b84,Khimera23,,,,Khimera23 
9a4357321e5bcdc1ff94a435d1390f55f1aa60e5,Khimera23,,,,Khimera23 
5a8cc2cf672eb5eec89135a12c798ce267a4af39,Khimera24,,,,Khimera24 
e8a6cc7b302913b701fd194fdad7d0e3264a9980,Khimera25,,,,Khimera25 
5cdc5e24d478f9c65524717ff7dba04f9400a1d4,Khimera26,,,,Khimera26 
5cdc5e24d478f9c65524717ff7dba04f9400a1d4,Khimera26,,,,Khimera26 
1e309c953d236fb67c12b40486899dba65294e74,Khimera27,,,,Khimera27 
305be0c223e56b4406e06033e09292ae154c855a,Khimera27,,,,Khimera27 
4418972212c129e5f1214cae72e4229b5147589d,Khimera27,,,,Khimera27 
5b0180f150b56bbffaf07f7491d8ddacf4ad18de,Khimera27,,,,Khimera27 
6d9ba237b3116671c1aaf54876f72cad623abc99,Khimera27,,,,Khimera27 
6d9ba237b3116671c1aaf54876f72cad623abc99,Khimera27,,,,Khimera27 
6d9ba237b3116671c1aaf54876f72cad623abc99,Khimera27,,,,Khimera27 
6d9ba237b3116671c1aaf54876f72cad623abc99,Khimera27,,,,Khimera27 
6d9ba237b3116671c1aaf54876f72cad623abc99,Khimera27,,,,Khimera27 
6ecd86a86806b5cde918ef854ac659a400180d2f,Khimera27,,,,Khimera27 
877b0084aa3264a94af491e82aabed7bf50735a6,Khimera27,,,,Khimera27 
88a5957865ff42b4d27d1fcd4619bd243b18e3d7,Khimera27,,,,Khimera27 
88a5957865ff42b4d27d1fcd4619bd243b18e3d7,Khimera27,,,,Khimera27 
88a5957865ff42b4d27d1fcd4619bd243b18e3d7,Khimera27,,,,Khimera27 
a028599deaa05c8bc5e8e8da10046ad4d49a3a80,Khimera27,,,,Khimera27 
b02fc62c9efb8cccb2298d3beda70067a5710bf9,Khimera27,,,,Khimera27 
b2dd84d2326e64c8dfc2a5fb1b503683d4e12aa6,Khimera27,,,,Khimera27 
dab0f7da26f33052074215c09d9cf39a88f6ac42,Khimera27,,,,Khimera27 
f1eb29c7aaeb7c7fa9df9b4291a2418dbc380e7d,Khimera27,,,,Khimera27 
8e2731c296fe9a63f1e1754f46c128f70ba0c8aa,Khimera28,,,,Khimera28 
8902e8048b875089e446bb96e6c5392ed28f4066,Khimera29,,,,Khimera29 
9533a8a20ea6db9c6e58cf801e5a654c565d8141,Khimera29,,,,Khimera29 
74c00051b0646f6dfc504512b904fd7d60f6c533,Khimera3,,,,Khimera3 
27350d1d9b39216150937770b1254e7bbededfbc,Khimera30,,,,Khimera30 
4fe42bbf99705da74b0f22f4270c4be91f2067e2,Khimera30,,,,Khimera30 
13a30bb01ac6906f8af48654ba48bdd338ab867b,Khimera31,,,,Khimera31 
d1fc4359ea8b41cdfb5fd88b752938d80dc7c869,Khimera32,,,,Khimera32 
06652c71c9c68677684292e2adbebfe352a5f9f0,Khimera33,,,,Khimera33 
0fd136c8b23be199335126890d6184ff7725e7c0,Khimera33,,,,Khimera33 
17fef5c1ff1973eba67bbd3b6c32424900e31ef0,Khimera33,,,,Khimera33 
1ff8f24581d4583ecddcaec7377342f4699986bf,Khimera33,,,,Khimera33 
226e62343bd17fcf0c913b1ac9d8535c508d8189,Khimera33,,,,Khimera33 
226e62343bd17fcf0c913b1ac9d8535c508d8189,Khimera33,,,,Khimera33 
226e62343bd17fcf0c913b1ac9d8535c508d8189,Khimera33,,,,Khimera33 
226e62343bd17fcf0c913b1ac9d8535c508d8189,Khimera33,,,,Khimera33 
226e62343bd17fcf0c913b1ac9d8535c508d8189,Khimera33,,,,Khimera33 
226e62343bd17fcf0c913b1ac9d8535c508d8189,Khimera33,,,,Khimera33 
226e62343bd17fcf0c913b1ac9d8535c508d8189,Khimera33,,,,Khimera33 
226e62343bd17fcf0c913b1ac9d8535c508d8189,Khimera33,,,,Khimera33 
226e62343bd17fcf0c913b1ac9d8535c508d8189,Khimera33,,,,Khimera33 
226e62343bd17fcf0c913b1ac9d8535c508d8189,Khimera33,,,,Khimera33 
22fe8c471e303969a3b170e72246d1b353fe413a,Khimera33,,,,Khimera33 
27cf65509daef0a6db0e4e77e7e5c89675ad4da7,Khimera33,,,,Khimera33 
29607dca43f2f653c05862fdedde6137cee0e377,Khimera33,,,,Khimera33 
305091343967ec04dfebb3a72eb3aebb263bdcaa,Khimera33,,,,Khimera33 
559aeb1282976d1a38e36e7d8bc9c29c46188881,Khimera33,,,,Khimera33 
62165a3c52e857debd848216eb9e8d6d6b0968eb,Khimera33,,,,Khimera33 
65afedc30363670d428ba8f54ec6d345892d33fd,Khimera33,,,,Khimera33 
79ca5b136f9e36e24d304f957da662486245a6a2,Khimera33,,,,Khimera33 
79ca5b136f9e36e24d304f957da662486245a6a2,Khimera33,,,,Khimera33 
79ca5b136f9e36e24d304f957da662486245a6a2,Khimera33,,,,Khimera33 
b0b9f9a73ac2c270eb1bc748f04b10ce483e352c,Khimera33,,,,Khimera33 
a4af00aacd755298164c293d7d7c5e1c9e4c3b4c,Khimera34,,,,Khimera34 
d883a10b2cfd746acae21fc24a8bdce5acd165fa,Khimera34,,,,Khimera34 
0b185ea85e7824e6752bac2a3bc5ada864452987,Khimera35,,,,Khimera35 
72ace4b29c2106beec4036b7d2cb86d72ab13565,Khimera35,,,,Khimera35 
b8f3456855cf277bb50afe1f742084953aea5fd3,Khimera36,,,,Khimera36 
e0f101662703098330a5a482e7358c8e1f3c31d1,Khimera37,,,,Khimera37 
3cf83a0948557edaf16ac9b7f85a35922c800364,Khimera38,,,,Khimera38 
31edc9b7dfb5fc3c413be84c5f97d0c0743159bc,Khimera39,,,,Khimera39 
4cbfd41dac544fe1683650c03c9fdaf8ea32874e,Khimera4,,,,Khimera4 
c3378332fd64136bdafb786a463a94be009d47d7,Khimera4,,,,Khimera4 
4304e009f9a79ee44b74edf681736a0b09146154,Khimera40,,,,Khimera40 
4304e009f9a79ee44b74edf681736a0b09146154,Khimera40,,,,Khimera40 
4304e009f9a79ee44b74edf681736a0b09146154,Khimera40,,,,Khimera40 
4a45e1fe2335c01c4efea488de56ace7595283e1,Khimera40,,,,Khimera40 
9c9f376fd7d27bff47fe9c8f5b2eb37e505105d2,Khimera41,,,,Khimera41 
0f8433acbee00a8b20603ac61ed97f923c137681,Khimera42,,,,Khimera42 
0fff2228ec0e96a0a7d0571a0f5b56907524699f,Khimera42,,,,Khimera42 
a79e421b8e8d33ae1e7c3f8f6df6ca5b0336d69b,Khimera42,,,,Khimera42 
1e4e8aeab6f124b896903220ecbf70fbd1b287e2,Khimera43,,,,Khimera43 
838f759c5650cb2f6568359a4150c127c58457c8,Khimera43,,,,Khimera43 
90fe4f0dc8726c99a4c88074ad5c20274768ef0e,Khimera43,,,,Khimera43 
ea50919d207b6fa2f3760be8170f6d0177f3827a,Khimera43,,,,Khimera43 
fc2f067c447537bdce4b0d179aec79b5b0e502f5,Khimera43,,,,Khimera43 
cf01deb273618b4108ad1ca7d341513e95224276,Khimera45,,,,Khimera45 
177a434f1d64dbab4d981f015f3e98e8e3af52eb,Khimera46,,,,Khimera46 
7e64de6eef226070343d247567a67d51a67df365,Khimera46,,,,Khimera46 
0cd7c22e25558a3f23a7000d8522f0c200d94f1f,Khimera47,,,,Khimera47 
1c175f8f6cd3831f0aa4d32d934a1a22b7d31637,Khimera47,,,,Khimera47 
7d5cb569825236aeaee66ad316f31f8127844067,Khimera47,,,,Khimera47 
8ad2fc7b86f34813473a38b190c79a405714a910,Khimera47,,,,Khimera47 
c4193a928cb4bf84929ccb44f8649f062b50ea59,Khimera47,,,,Khimera47 
eb710ded463dc174a616ce24b4f470ba8065cf47,Khimera47,,,,Khimera47 
1ab72edff358bf29801ad49c50f0d017585ae6cb,Khimera48,,,,Khimera48 
01505a473b0d9b6b7600f4c1bf0dc337104a22e8,Khimera49,,,,Khimera49 
5adc2b4b61c73781699bc1e43400f48db8b40f14,Khimera5,,,,Khimera5 
80ab11be9828c524b2e1108843e7d1b1e4b3e18d,Khimera5,,,,Khimera5 
1d0295e619386abd8ffd203d543d1351ccab4893,Khimera50,,,,Khimera50 
5186430d8cc6c48da40327df6dec44d21ca141e1,Khimera50,,,,Khimera50 
ebecf736afb746b1eaf1b05da9e7d0e82117a63f,Khimera50,,,,Khimera50 
9cdebedaceccdb11ddf0be76528404707e7bb6de,Khimera51,,,,Khimera51 
9fb39348bd7bc6c7eef2a5618be1a0a974c26552,Khimera52,,,,Khimera52 
bcf5d3b4dc0280b97dd67f44f26a747735787d46,Khimera53,,,,Khimera53 
256473712d151659a2c8d62ff2514f49e79602be,Khimera54,,,,Khimera54 
1043b03fdbca49e6f5b5d1fddc49209bdb0ed9d3,Khimera55,,,,Khimera55 
15e8501f67ec530060c48e4cf3cd23830c1a4c91,Khimera55,,,,Khimera55 
4f29b6f17a20ed14c53268a856a4f92e10fd17d1,Khimera55,,,,Khimera55 
6eba8bedb42f0206712e4b11b073cf0e4fc9bd1d,Khimera55,,,,Khimera55 
99d046955f7113b7a7d4c941de4a3c2102c0de57,Khimera55,,,,Khimera55 
a37b4b267db35a10d9cbf8f03ecb62fddfe57ba8,Khimera55,,,,Khimera55 
db003cebc91cf9ad87d5e7b3599b9e1e578d3f31,Khimera55,,,,Khimera55 
20f2abafcafdb88671d2ac2f87b6cd338c71b2df,Khimera56,,,,Khimera56 
611be25beba0adb0979ae06cd90419e43a7e2f74,Khimera56,,,,Khimera56 
9bfe260b22d4411b27eb458e6279403035a69224,Khimera56,,,,Khimera56 
fe4bc657062ccc46dd814b401f859aa7e0730072,Khimera56,,,,Khimera56 
0fd9a5327d8efdaa4e92f2bfafe3456f8fb709ce,Khimera57,,,,Khimera57 
1882e51c9c60316ebfb9a544ac58dfa2336fcb1e,Khimera57,,,,Khimera57 
293bff952885ccb88ccb8bc631987d6c165df180,Khimera58,,,,Khimera58 
fad8ab630673be71aa2f401dfd43fd4e3ae46257,Khimera6,,,,Khimera6 
1ac0a53f7bfaaf546fdf7f6fabf3768dbac1bfbe,Khimera60,,,,Khimera60 
3fa69b4b7331a83a3b28b1b00ca642b35284b733,Khimera61,,,,Khimera61 
8e8e4ee487a0383fdedd0349eed25d3fb4e1f65b,Khimera61,,,,Khimera61 
12b55befb3bd0b1fa710c3ec2d188546b1d15bbd,Khimera62,,,,Khimera62 
291267f939e1eec1cd3a911ab60bc6dd5f5d3587,Khimera65,,,,Khimera65 
01e62c2678ba43f557bc2e0b957251bd99f7e867,Khimera67,,,,Khimera67 
2b52103ec34e53e075c1ca7d941dada9200497fe,Khimera68,,,,Khimera68 
a63fc43c2fca15815c616dbe9c644f932ccd171f,Khimera68,,,,Khimera68 
c1a0b5520f08af802aa6b4080be50c6dc1a2c3be,Khimera68,,,,Khimera68 
8746afedadc432f109b6f9c9d13584454086ed73,Khimera69,,,,Khimera69 
c69d0c2a22f9232dd49eecdcd7e1c9c624f3f955,Khimera69,,,,Khimera69 
1a26ca00abdb523bfa1d844ef10b31f84cf03db5,Khimera7,,,,Khimera7 
05fd2e3b5e300d5502915c3eb462a88cf2ccc7df,Khimera70,,,,Khimera70 
3a9684a830c1156bd6ba9ad2a8cc5c3e83e1a3d8,Khimera71,,,,Khimera71 
42687610b1a308d626230b39884ccecb168729d4,Khimera72,,,,Khimera72 
4788c2da8d4c1705d86716f87fbfa417b7d39fde,Khimera73,,,,Khimera73 
57ad27ff085178e16ac8d78ab323a20cc0f82f4e,Khimera74,,,,Khimera74 
62a1ec746874710530e1cdea7c10a416fad0a65a,Khimera75,,,,Khimera75 
c4b6cfd051fa18db58f70a4d922f81ce183190dc,Khimera76,,,,Khimera76 
d0554bb72e2ca4ff0bafd621d3bff824543d3f1b,Khimera77,,,,Khimera77 
2dc80043bdd2c43593fca7b958884d577d538572,Khimera78,,,,Khimera78 
3e551312a6813f6eae401402621164df65815439,Khimera78,,,,Khimera78 
bab51a96749fb4060c525dc4743d218c2346beb6,Khimera79,,,,Khimera79 
4e8d9fd62ede9d562a90f3d8d12c656426285d73,Khimera8,,,,Khimera8 
308cbc48c11c122d732c7215139001f1f75229db,Khimera80,,,,Khimera80 
4f2e153e36d4abffdcdb96520774ccb0230b4d46,Khimera81,,,,Khimera81 
85684160aad67cb9af4611f779c69c04bcca141a,Khimera82,,,,Khimera82 
80c519e13081ce1da72645ad0a0c263c42b2a9b2,Khimera83,,,,Khimera83 
239b48f63c575502da33f111081750b136423001,Khimera84,,,,Khimera84 
3e4dfd2d70bacd1b192c48440886f259ee46d68d,Khimera84,,,,Khimera84 
9d6d736c18a302fe4e8acbd53e4cfb3a179f9bb7,Khimera84,,,,Khimera84 
03ac5c6b524f70483f75c339b2dd2b1a33adc09b,Khimera85,,,,Khimera85 
315e68818155a65b9128706a96d643cbc6e9387a,Khimera86,,,,Khimera86 
3e4cb197179641baa6245d590993b296b494caad,Khimera87,,,,Khimera87 
78545b66c838fe15109f3f4ddbd596eea72369d0,Khimera88,,,,Khimera88 
7f4a7166fdb786a49c67c6b7a147b5e01bc8dd05,Khimera89,,,,Khimera89 
06f29cf2d9f90ac91dbb8ba5877bf1a9268a8d52,Khimera9,,,,Khimera9 
7f9687403a5938d4f5742a2a6009b1bd1261ca2b,Khimera90,,,,Khimera90 
8d99c7705eb4393ec04285687953845700e0ee52,Khimera91,,,,Khimera91 
bcca2c7ef6ba546584760869880a3b8bb2ce9f98,Khimera92,,,,Khimera92 
ceee8dd2088152b04b153514c1cdf6a0922972b9,Khimera93,,,,Khimera93 
df6bd0faa800d4ad5a5bb3304b24fc8bce46e973,Khimera93,,,,Khimera93 
47d475e3a36318f4b9948b2bb4406f3c4955857a,Khimera94,,,,Khimera94 
292a4161bc3498ba708dd8e5bc7c14592cd8c4a4,Khimera95,,,,Khimera95 
a23be113966fb59c0c1750a4b1a52db5b879f06c,Khimera96,,,,Khimera96 
5cc7b1beff27daf413146ce5d0f12800f48d23a8,Khimera97,,,,Khimera97 
d627c239c9aa1f6f53f19ad93cede7defd10ea51,Khimera98,,,,Khimera98 
0203e6bfed1f69152a9ecf8b298540e26eecd522,Kuehneromyces,,,mutabilis,Kuehneromyces mutabilis
3cd26bbe365a163ccc9681d3bc98b10e071d8cdc,Kuehneromyces,,,mutabilis,Kuehneromyces mutabilis
f5c9932038a2ae443aaf8af3ec85d4f7862fcac4,Kuehneromyces,,,mutabilis,Kuehneromyces mutabilis
fa6345c1abb91b9aac42e610652aa18d8edb189c,Kuehneromyces,,,mutabilis,Kuehneromyces mutabilis
fa6345c1abb91b9aac42e610652aa18d8edb189c,Kuehneromyces,,,mutabilis,Kuehneromyces mutabilis
0b5ec608305cca02e209d1555b72a2da97ffe7b9,Laccaria,sp,,,Laccaria 
0b5ec608305cca02e209d1555b72a2da97ffe7b9,Laccaria,sp,,,Laccaria 
0b5ec608305cca02e209d1555b72a2da97ffe7b9,Laccaria,sp,,,Laccaria 
18bdc0a429a4933c39757584ea8eb01cca56906e,Laccaria,sp,,,Laccaria 
a525f2548ea3c116cf30d5085c6602a2acd0958a,Laccaria,sp,,,Laccaria 
13b8a1043de6209399c5ae1a9d10e2aa6c4ebacb,Laccaria,sp,1,,Laccaria 
51133694e350b1bd36de3ac3c00cda6225598dc1,Laccaria,sp,1,,Laccaria 
95af8f0fcbd8f2e4be0da952a5361f0dc24747e0,Laccaria,sp,1,,Laccaria 
a51b49237447ff7a72454bdf15a3a2981411f92c,Laccaria,sp,1,,Laccaria 
de6ba77575235a0c96a37d4cc32009f8a39f9c70,Laccaria,sp,1,,Laccaria 
080fe69f623d73e87c4a35752c69a48302b65f98,Laccaria,sp,2,,Laccaria 
8f651f0b6e5641c7d01db876f3a01cf3db158393,Laccaria,sp,2,,Laccaria 
1519d840949baa1aec35bfb3ee7af2f585901277,Laccaria,sp,3,,Laccaria 
6f4acd4b8dbe1574bee6c192552cfff0e1df2990,Laccaria,sp,3,,Laccaria 
770d2615b9140a5814be02e5352507ff15311a46,Laccaria,sp,3,,Laccaria 
ecd8c5b40baf7f140840417f5042033b03bc9357,Laccaria,sp,3,,Laccaria 
0967362879d76ad7713199d16a0aa2e6c053835e,Laccaria,,,affinis,Laccaria affinis
10e9fb1bc2671f6d77c58a84adaeec4225a7d2a3,Laccaria,,,affinis,Laccaria affinis
1b09a6d4bf66d9fd1e32bdb0a38e1cca4ef26182,Laccaria,,,affinis,Laccaria affinis
2857eca04665a714fe050fa4b749c6e2434b8bf1,Laccaria,,,affinis,Laccaria affinis
349706882c4cfa34ae74a3992207a5e8a12d489a,Laccaria,,,affinis,Laccaria affinis
4645b89ad34a6a4f3c31de27e0d463c3a7526eb8,Laccaria,,,affinis,Laccaria affinis
46755187e765e1361e665c13b088552399b3b870,Laccaria,,,affinis,Laccaria affinis
4a768a6622f7cb304bb252d36ac458089cd9aded,Laccaria,,,affinis,Laccaria affinis
5508cbcd1372c71beec5db95e16d558a6a8e799e,Laccaria,,,affinis,Laccaria affinis
6d38af8a2f28ec31d9bfe3209011089e0752809c,Laccaria,,,affinis,Laccaria affinis
7f43dfda2888209527bdd664cf918fbe30d5e555,Laccaria,,,affinis,Laccaria affinis
0f1c4a4ebb0ebdeaf2245be5554ea90ec400a506,Laccaria,,,alba,Laccaria alba
0f1c4a4ebb0ebdeaf2245be5554ea90ec400a506,Laccaria,,,alba,Laccaria alba
0f1c4a4ebb0ebdeaf2245be5554ea90ec400a506,Laccaria,,,alba,Laccaria alba
17a411f0d8ca27f8e20b63cdc716ad4ce8aa5af9,Laccaria,,,alba,Laccaria alba
1a9107df9dbd75a1e1fe2ab1937d2c95c0989e99,Laccaria,,,alba,Laccaria alba
5f3aef3cb451fddeb46d1ffae389c18ebc37c600,Laccaria,,,alba,Laccaria alba
d4966cc579992b94b86d3607bc0c07780ec76034,Laccaria,,,alba,Laccaria alba
0a8c09231fb4e5cde470b8c251e9eb543a381c8d,Laccaria,cf,,laccata,Laccaria laccata
1f9b59323617d9467ce6ef92821730ec1f1065fb,Laccaria,cf,,laccata,Laccaria laccata
2746b7c15ab92f017642b9b22f4819fa868ad908,Laccaria,cf,,laccata,Laccaria laccata
39788c23e13fab817ca3d1fcbd75c237b4ddfb08,Laccaria,cf,,laccata,Laccaria laccata
4199e11e35004e51cb7747b5472c1ef7d21f7b20,Laccaria,cf,,laccata,Laccaria laccata
467c62082f75f5e19ad434c7758b2a8fd5677c43,Laccaria,cf,,laccata,Laccaria laccata
7a1462a2163055c845160a6d9983aa892ff85932,Laccaria,cf,,laccata,Laccaria laccata
ce8d171a6eb67f09c4fbd3016be3a27db78ac506,Laccaria,cf,,laccata,Laccaria laccata
031fb50caf0b724d54e0c3e7f36c296677febb98,Laccaria,aff,2,montana,Laccaria montana
0f76fd8552d444fae3142f5de88dd9c1e5547109,Laccaria,aff,2,montana,Laccaria montana
1353d0da2e3a40ec2d4a592761ad6560643187da,Laccaria,aff,2,montana,Laccaria montana
1706aa4042f32c1771204b70210b9ba97d9dcaf2,Laccaria,aff,2,montana,Laccaria montana
1f2d7e67a397b4c5a6d44b0174e58969a22e00b4,Laccaria,aff,2,montana,Laccaria montana
2ef607428f7363ca55bcbb85feafc87891ef8a1b,Laccaria,aff,2,montana,Laccaria montana
d0f098d066ba4deb49e1dad8b5acd3fb6b21872e,Laccaria,aff,2,montana,Laccaria montana
1c767a5048462a201b775765c02175cbea649d50,Laccaria,aff,,montana,Laccaria montana
9b4ee6a9b45393995c38c1fb912d0fbc7d5c09e7,Laccaria,aff,,montana,Laccaria montana
c9ee49d017e1a6c4653bf2aee313503025145978,Laccaria,aff,,montana,Laccaria montana
0760d6c0232aa3c0a08d06bdeb032eae2c3f9088,Lacrymaria,,,glareosa,Lacrymaria glareosa
f8bd58af342648648cf0a86cf3935fa81cf8b869,Lacrymaria,,,glareosa,Lacrymaria glareosa
7bf7daf4c3f187711a85bea7778bce862dc50af4,Lactarius,sp,,,Lactarius 
8710241913b193198728aea1ac1356e038e98dd6,Lactarius,sp,,,Lactarius 
f3fb9857b1e776a3630b71d0d7526effdf563772,Lactarius,sp,,,Lactarius 
1b2aa6da5cdc2ff181bdd1965b1286d1660b46cd,Lactarius,,,aurantiacus,Lactarius aurantiacus
92acdc59cd3fe4f0a5c1408e9361a8ad3613dbd5,Lactarius,,,aurantiacus,Lactarius aurantiacus
0c1fe11b5c4605a52009c43c9f600bb7629363eb,Lactarius,cf,,caespitosus,Lactarius caespitosus
8fdd433f32617ab2f64266dd985bb7dc7530ceda,Lactarius,cf,,caespitosus,Lactarius caespitosus
cd9780bbf3ca2da36c06481f673e9dea8ff9fd9d,Lactarius,cf,,caespitosus,Lactarius caespitosus
bc06124aa1857fed57a59569f22abeaf058307d5,Lactarius,,,deliciosus,Lactarius deliciosus
0a40375d20dd58b7bfe82ce0e22121bb27f66606,Lactarius,aff,,deterrimus,Lactarius deterrimus
19267fd67d6c98274de380db27d1a858a3f62719,Lactarius,aff,,deterrimus,Lactarius deterrimus
1d3d2f03272e6b3d3650f9f5a860d4bb3ed24bec,Lactarius,aff,,deterrimus,Lactarius deterrimus
35f3a958bb8187e2487f011fe48560e080fdfa7b,Lactarius,aff,,deterrimus,Lactarius deterrimus
3c8ba19f7b344c7af03feab8918cde012477727e,Lactarius,aff,,deterrimus,Lactarius deterrimus
4f2240bada257eb1e41413773c41d676381f3d81,Lactarius,aff,,deterrimus,Lactarius deterrimus
5e5459875b4920fc077dcb48cef6445a2eb67772,Lactarius,aff,,deterrimus,Lactarius deterrimus
71fe0b9505f386ba1df103771e046a1fd9e4c6aa,Lactarius,aff,,deterrimus,Lactarius deterrimus
7641e5e7cd6190407611204c3ffd65a767f50ce0,Lactarius,aff,,deterrimus,Lactarius deterrimus
b9c38e317328328e82da1e2016f3b21bdcd946c0,Lactarius,aff,,deterrimus,Lactarius deterrimus
3f7fe4f56a86772e22ff54445550073228e008b8,Lactarius,,,fennoscandicus,Lactarius fennoscandicus
45cdff635ec176638388dbf395b00e01146ac560,Lactarius,,,fennoscandicus,Lactarius fennoscandicus
796b3de140fb7b25f253ef05d6a56063a8289e1c,Lactarius,,,fennoscandicus,Lactarius fennoscandicus
a450754033be2f10c4e9c957496d335c4ad87969,Lactarius,,,fennoscandicus,Lactarius fennoscandicus
b2ca9776c5a79bebcad2495d00f40d10158f1b8f,Lactarius,,,fennoscandicus,Lactarius fennoscandicus
c7e6c4071dcd26345eead464654fe500be47752c,Lactarius,,,fennoscandicus,Lactarius fennoscandicus
29bf5da3e73ce6e6926a6ea2ad3eb8217d5704f3,Lactarius,,,flexuosus,Lactarius flexuosus
3b0308946f6d3900e4b0db992ec45783183498fe,Lactarius,,,flexuosus,Lactarius flexuosus
f21ce52cdf0ac9b4e3ef46cd5e3d417993043144,Lactarius,,,flexuosus,Lactarius flexuosus
7002f496c196df42d3a1bcb53d35d548358e8071,Lactarius,,,fuliginosus,Lactarius fuliginosus
03ac914ec9fc4093f69bf97e696420e4a11f63d7,Lactarius,,,helvus,Lactarius helvus
0fe2513243bdf780d4c6085922096d6ede540aa9,Lactarius,,,helvus,Lactarius helvus
5aa077d292117b1a55d356131b32e18407cc0de5,Lactarius,,,helvus,Lactarius helvus
895df434bfa5a8b7f0f1c1b226a9b5db6a23f86a,Lactarius,,,helvus,Lactarius helvus
895df434bfa5a8b7f0f1c1b226a9b5db6a23f86a,Lactarius,,,helvus,Lactarius helvus
895df434bfa5a8b7f0f1c1b226a9b5db6a23f86a,Lactarius,,,helvus,Lactarius helvus
d76cdb23cb0c76219a7ce8217859e77f27c9409e,Lactarius,,,helvus,Lactarius helvus
16dbb711794684d079671625404ff0fc37a0963a,Lactarius,,,lanceolatus,Lactarius lanceolatus
189e23c48f9f27e5c5304afca0626251b4c80590,Lactarius,,,lanceolatus,Lactarius lanceolatus
04f7fc0c045b1aaea06b9bd06a22839b169551f3,Lactarius,,,mammosus,Lactarius mammosus
056fa33a10948533798c1ec6bfe7caa06ae4b10f,Lactarius,,,mammosus,Lactarius mammosus
062e3c5177d53cdbe13b40bb7201c9a14293c38b,Lactarius,,,mammosus,Lactarius mammosus
062e3c5177d53cdbe13b40bb7201c9a14293c38b,Lactarius,,,mammosus,Lactarius mammosus
062e3c5177d53cdbe13b40bb7201c9a14293c38b,Lactarius,,,mammosus,Lactarius mammosus
062e3c5177d53cdbe13b40bb7201c9a14293c38b,Lactarius,,,mammosus,Lactarius mammosus
062e3c5177d53cdbe13b40bb7201c9a14293c38b,Lactarius,,,mammosus,Lactarius mammosus
08c442eb52530540321beb994d227bd963536afe,Lactarius,,,mammosus,Lactarius mammosus
0e42483e0e0cd7cbec1e81966cca9735b84881ec,Lactarius,,,mammosus,Lactarius mammosus
0ee5cd9b358e648f4abc2c4c4141c81ec7013c6c,Lactarius,,,mammosus,Lactarius mammosus
16ddc56e2291d9e5ea2de1b2d8e2306f70d239a3,Lactarius,,,mammosus,Lactarius mammosus
16ddc56e2291d9e5ea2de1b2d8e2306f70d239a3,Lactarius,,,mammosus,Lactarius mammosus
16ddc56e2291d9e5ea2de1b2d8e2306f70d239a3,Lactarius,,,mammosus,Lactarius mammosus
1aa53fb9323ffc1bd539f0c83740c8d429c74a99,Lactarius,,,mammosus,Lactarius mammosus
1aa78241923be5c06f5cb99d7e642fc4f9238909,Lactarius,,,mammosus,Lactarius mammosus
1aa78241923be5c06f5cb99d7e642fc4f9238909,Lactarius,,,mammosus,Lactarius mammosus
1aa78241923be5c06f5cb99d7e642fc4f9238909,Lactarius,,,mammosus,Lactarius mammosus
1aa78241923be5c06f5cb99d7e642fc4f9238909,Lactarius,,,mammosus,Lactarius mammosus
25eb2b8a0350c4af672f2efee47560eff5b02ac2,Lactarius,,,mammosus,Lactarius mammosus
32eb6bb3931553bce75355d94c3d471daec6390a,Lactarius,,,mammosus,Lactarius mammosus
549a74f0b5a72c7abb960c4fbd15bab64b3a96b8,Lactarius,,,mammosus,Lactarius mammosus
54f46c13eb560053dfe7e30ab5f9ee2930d7b113,Lactarius,,,mammosus,Lactarius mammosus
557c8b939597d101a1e841f5a3e5cbb48f05570a,Lactarius,,,mammosus,Lactarius mammosus
59d5692c56c4c1008419370d38659154cbac4788,Lactarius,,,mammosus,Lactarius mammosus
5a97abde4428997081e16b4cc1d40c684acdfcab,Lactarius,,,mammosus,Lactarius mammosus
5c81f8ef4ab8413fa05356f4e5441709b417df86,Lactarius,,,mammosus,Lactarius mammosus
5c81f8ef4ab8413fa05356f4e5441709b417df86,Lactarius,,,mammosus,Lactarius mammosus
5c81f8ef4ab8413fa05356f4e5441709b417df86,Lactarius,,,mammosus,Lactarius mammosus
6e401698f4c5271a281754ac8f2db7fe5b6a713b,Lactarius,,,mammosus,Lactarius mammosus
7350dde757e311df5fcc521787ec823ac1a8b9b0,Lactarius,,,mammosus,Lactarius mammosus
76e5c26029e4f2e97b2221a8c81dd19c5905e790,Lactarius,,,mammosus,Lactarius mammosus
76e5c26029e4f2e97b2221a8c81dd19c5905e790,Lactarius,,,mammosus,Lactarius mammosus
76e5c26029e4f2e97b2221a8c81dd19c5905e790,Lactarius,,,mammosus,Lactarius mammosus
76e5c26029e4f2e97b2221a8c81dd19c5905e790,Lactarius,,,mammosus,Lactarius mammosus
8a37a234b8c13c841b039bd1b04735f75e2173d4,Lactarius,,,mammosus,Lactarius mammosus
90be6024a8a49a8658dbba12dc73cfe9c35eeb8c,Lactarius,,,mammosus,Lactarius mammosus
96a9bdca22daa1c4f3ddd45fa67159688a11abee,Lactarius,,,mammosus,Lactarius mammosus
9e57ddc9cbd0ad639f121366b786e3041dcd5d1b,Lactarius,,,mammosus,Lactarius mammosus
bb1780a2efdb593945450b92adc71da429b51ae7,Lactarius,,,mammosus,Lactarius mammosus
c4c42ddb5b6f9a60872d4446a93c6e6f99270df3,Lactarius,,,mammosus,Lactarius mammosus
c4c42ddb5b6f9a60872d4446a93c6e6f99270df3,Lactarius,,,mammosus,Lactarius mammosus
d387757c2e134d69afc9f4112ea9b36dafaac825,Lactarius,,,mammosus,Lactarius mammosus
f24435917664f0395e4878efb19c2bbcc850fb65,Lactarius,,,mammosus,Lactarius mammosus
f2b3fb7a669121070bb6d383e056f365daacbc88,Lactarius,,,mammosus,Lactarius mammosus
f79c38614d1ae62fea42aaa44046d956b26ff48b,Lactarius,,,mammosus,Lactarius mammosus
fc3a630226ec2194e7b4302ab7746cbfb6129de1,Lactarius,,,mammosus,Lactarius mammosus
039e16046b531be7ecfe8a7ae2b7419fb0628f04,Lactarius,,,necator,Lactarius necator
1f3defd3375e92328715a54635c3dd5028014804,Lactarius,,,necator,Lactarius necator
2e4398409a18ffb8f74152fb281e3da5e17a5406,Lactarius,,,necator,Lactarius necator
d3dd4372fc35f26809d8798ca9f768c908d5933f,Lactarius,,,necator,Lactarius necator
d3dd4372fc35f26809d8798ca9f768c908d5933f,Lactarius,,,necator,Lactarius necator
f5e280d77da48e92f9c581936d4e75a40a806bd2,Lactarius,,,necator,Lactarius necator
f5e280d77da48e92f9c581936d4e75a40a806bd2,Lactarius,,,necator,Lactarius necator
9de4bced167a7052e432b6f6823beefba8042226,Lactarius,cf,,pallescens,Lactarius pallescens
6505b4e85f53a59040be358a65447fa7255671d2,Lactarius,cf,,pubescens,Lactarius pubescens
be650f83de8b2a98887593a98047a3b463266856,Lactarius,cf,,pubescens,Lactarius pubescens
083a0680987aeeee88001c8192974585a7168b71,Lactarius,,,repraesentaneus,Lactarius repraesentaneus
48935f0d6a86baf6a70de3f3e1aa77b0fcfca631,Lactarius,,,repraesentaneus,Lactarius repraesentaneus
5d4a168acc64d87691d29863e2ad73c204886379,Lactarius,,,repraesentaneus,Lactarius repraesentaneus
68d12a8132b4b9121f4ba62045743589467cc11b,Lactarius,,,repraesentaneus,Lactarius repraesentaneus
6e2b1ea70f237bc3d088a5b194e337cbdc614bc2,Lactarius,,,repraesentaneus,Lactarius repraesentaneus
a4184662268dfa8956cb22368c7a93143f0aaa8a,Lactarius,,,repraesentaneus,Lactarius repraesentaneus
aab3675264a5058d3bfe6d2cfb28c9235fbf43b0,Lactarius,,,repraesentaneus,Lactarius repraesentaneus
0fc37410b809cbf380a891d164b2bcd8e175262f,Lactarius,,,rufus,Lactarius rufus
1271fa67e3d97003d31321dab1616762d401fc61,Lactarius,,,rufus,Lactarius rufus
2929849f5dd443b4d0aab2c416d38e92cd994e54,Lactarius,,,rufus,Lactarius rufus
36c924e8d84682b0882c8111e2a245091df46ea4,Lactarius,,,rufus,Lactarius rufus
4153c656ef99da6e222a2bbbd285114a6ad84fe0,Lactarius,,,rufus,Lactarius rufus
415ac1beb77a396953a6e39d57b5d4432d83b0c4,Lactarius,,,rufus,Lactarius rufus
4a65bb0f2ddd4404e36445537b136ac41d5ddc63,Lactarius,,,rufus,Lactarius rufus
5685ea8469c917f3cfb26441aef7915314e1333c,Lactarius,,,rufus,Lactarius rufus
6e01dbe18632ac582a1a40563e1e1667909a41ad,Lactarius,,,rufus,Lactarius rufus
84725ecb6e8ce25ad6e6cab79bbe3ea1e762120c,Lactarius,,,rufus,Lactarius rufus
b0f7dc55ab40311124538fa8c32628c96c274a2a,Lactarius,,,rufus,Lactarius rufus
e0515b1df46aa1f4612ebbf32e8929a5de127e6b,Lactarius,,,rufus,Lactarius rufus
e1d74aa79e6155f1a6d48bc85a8edb2165fc2b20,Lactarius,,,rufus,Lactarius rufus
faf86d57eef3257b9b4f192ebec0f1f047576c76,Lactarius,,,rufus,Lactarius rufus
fdf333065652aa99bc9439520c173cc690d9d1c6,Lactarius,,,rufus,Lactarius rufus
008a0480481e08180ff55d97eceb3fc3133a3415,Lactarius,cf,,tabidus,Lactarius tabidus
0c4595e0115a9869469d0a94ac44b65ad279b274,Lactarius,cf,,tabidus,Lactarius tabidus
355b497ae65fcddccacf0dc15ab491189143fddb,Lactarius,cf,,tabidus,Lactarius tabidus
d34349735e3e75dac6c9e6153a38a4bdad787e5b,Lactarius,cf,,tabidus,Lactarius tabidus
dba4384e5eaf56635906dce9466b81cfb469db8a,Lactarius,aff,,tabidus,Lactarius tabidus
e10c94feb148e314ebf736f47b1ae68df2ee49ea,Lactarius,aff,,tabidus,Lactarius tabidus
16b3badb0bf595e04a6afb13677a5be4075102d6,Lactarius,aff,,torminosus,Lactarius torminosus
24ce21edc6412766955fc1309c9b78d4881dfafa,Lactarius,aff,,torminosus,Lactarius torminosus
24ce21edc6412766955fc1309c9b78d4881dfafa,Lactarius,aff,,torminosus,Lactarius torminosus
24ce21edc6412766955fc1309c9b78d4881dfafa,Lactarius,aff,,torminosus,Lactarius torminosus
24ce21edc6412766955fc1309c9b78d4881dfafa,Lactarius,aff,,torminosus,Lactarius torminosus
2759133b82a5406308ec4d170c9cbb17a9fca935,Lactarius,aff,,torminosus,Lactarius torminosus
27869f85162d2fae7f5e19debe388d88bc2a3fd5,Lactarius,aff,,torminosus,Lactarius torminosus
28cb8e3297f96792003c9665a50cc8399249fdba,Lactarius,aff,,torminosus,Lactarius torminosus
2d042488603f08f4dfb77a3d273da57c7f0f115e,Lactarius,aff,,torminosus,Lactarius torminosus
42273296c84a11b944904da9d23fd551a064eb11,Lactarius,aff,,torminosus,Lactarius torminosus
4472430619e10d376f4816f9403a04b95b573081,Lactarius,aff,,torminosus,Lactarius torminosus
4790be27d83ca661f3625b26675f468baf7f2935,Lactarius,aff,,torminosus,Lactarius torminosus
4822f79bc63adcf8aa6c89c5be2c76f2233423a7,Lactarius,aff,,torminosus,Lactarius torminosus
562b6ea5860fab8e1ebfee6a4ef0a816b1bb0194,Lactarius,aff,,torminosus,Lactarius torminosus
60a7fd020bc4de7e7cc381da94fbb0fc331ee9f3,Lactarius,aff,,torminosus,Lactarius torminosus
60a7fd020bc4de7e7cc381da94fbb0fc331ee9f3,Lactarius,aff,,torminosus,Lactarius torminosus
620100bf04de78b5801fbb02ff89e45a677864fc,Lactarius,aff,,torminosus,Lactarius torminosus
620100bf04de78b5801fbb02ff89e45a677864fc,Lactarius,aff,,torminosus,Lactarius torminosus
6589439f21059e7b4d904cbe94e3f8b48e5d9ef1,Lactarius,aff,,torminosus,Lactarius torminosus
6e83c9f4152d5bfd00c470fe3d5b74f508c44efa,Lactarius,aff,,torminosus,Lactarius torminosus
717637d715a88a2386b19150c9492b261ea29c7b,Lactarius,aff,,torminosus,Lactarius torminosus
8e7484845a0c28ce93c78282febffdbef1ef5587,Lactarius,aff,,torminosus,Lactarius torminosus
a7970a49c70169c04f732fb0e92b8b002830279a,Lactarius,aff,,torminosus,Lactarius torminosus
d09120aeb1a5ef81ae3c716bcc81ecbc73075ed4,Lactarius,aff,,torminosus,Lactarius torminosus
e47a60b6b2d4415736def2f12f7288a5749a1aea,Lactarius,aff,,torminosus,Lactarius torminosus
0c748b6085cec82b55eddcf675ec3328b1370ac8,Lactarius,,,trivialis,Lactarius trivialis
167fecbaa4785e1ca5bb2d91e21a6b66dcd404d9,Lactarius,,,trivialis,Lactarius trivialis
18a1f1e5dd8c897e69f98ae6c657232e6789ca55,Lactarius,,,trivialis,Lactarius trivialis
1bd0939ce6d73caec053cce176f8a4a544ba7878,Lactarius,,,trivialis,Lactarius trivialis
1ebd57c25653639665730833f518b9d22d405f7f,Lactarius,,,trivialis,Lactarius trivialis
2047904ffd02d4f90f88ab7ff56711a0914e7c48,Lactarius,,,trivialis,Lactarius trivialis
21b2ef8da25d56a7231a2aeaadff4ec8d1e4bae7,Lactarius,,,trivialis,Lactarius trivialis
948ec4679cf2fc20e12ab19441c372cf632f2fcc,Lactarius,,,trivialis,Lactarius trivialis
c8f9c3edcf20e0b07e63a0cf50c50fae5ea03cb2,Lactarius,,,trivialis,Lactarius trivialis
0eaee77fc51bf72e2dfd45ff2c96148b43b5754c,Lactarius,,,ustulatus,Lactarius ustulatus
13119a2f4930416368c6d9bb359d8911c6e22cb0,Lactarius,,,ustulatus,Lactarius ustulatus
85c37ed62e9a0584e2a2f91a42f2567769b2e450,Lactarius,,,ustulatus,Lactarius ustulatus
a4d9e34d8d3f99d75fc35501522270f94440ee5a,Lactarius,,,ustulatus,Lactarius ustulatus
c7c6c5ca69c46b96ae91ed079a2d6997b1f0eeb7,Lactarius,,,ustulatus,Lactarius ustulatus
06bb87ed03d0e0627f02534d3aeb02143cddac80,Lactarius,cf,,uvidus,Lactarius uvidus
1563ceb0d1b13e6374497214a9330835e6813af5,Lactarius,cf,,uvidus,Lactarius uvidus
16fee26cdb713cec2bb141649e2a1ed297f9c7ab,Lactarius,,,uvidus,Lactarius uvidus
3beccbfc6bed69a9b5ffa760c5f85bea5905aeb3,Lactarius,cf,,uvidus,Lactarius uvidus
6294f3ccba0c65b822a01f8030108c0d4ef460a9,Lactarius,,,uvidus,Lactarius uvidus
7d43c58981056d1d20aca390eae2d88f5c54fbad,Lactarius,,,uvidus,Lactarius uvidus
1b73dc7030f8ed69b1c6eabc8419d70b68ba4f6d,Lactarius,cf,,vietus,Lactarius vietus
3a102a3e0abb6303ab897e5f4c787043725ac150,Lactarius,cf,,vietus,Lactarius vietus
430574c5e2a6bc7d423d20e16e02a71f781247ed,Lactarius,cf,,vietus,Lactarius vietus
9cb76d64fc8030119edd9a5fbab1eac7676b1c56,Lactarius,cf,,vietus,Lactarius vietus
05d18366fee82b35ee0384afca654e5488bda45e,Leccinum,,,holopus,Leccinum holopus
0733586750cf95eb271c7f2237c2b0fdfaca3b37,Leccinum,,,holopus,Leccinum holopus
154965cb869e80a499aa58d336643b77050af38a,Leccinum,,,holopus,Leccinum holopus
5649a91544dd813ee80dd76a0147e3ea3cf2b3f4,Leccinum,,,holopus,Leccinum holopus
91343f37f7e283a2485350da2fee961e66215c02,Leccinum,,,holopus,Leccinum holopus
ad31bad9a1f516ccfef683fcd057d2b6dc425bf3,Leccinum,,,holopus,Leccinum holopus
c36ab018c2856bf14a89f73317d3e6a0292c0c6c,Leccinum,,,holopus,Leccinum holopus
c660ecc018722e64af1a711e2c6407a3498ad0c0,Leccinum,,,holopus,Leccinum holopus
fc34d72bb39c677213c8dbbbf4038fc886aaecae,Leccinum,,,holopus,Leccinum holopus
000630f0c062d8a408fc2b19c91beb53be941dd7,Leccinum,,,scabrum,Leccinum scabrum
000630f0c062d8a408fc2b19c91beb53be941dd7,Leccinum,,,scabrum,Leccinum scabrum
01dc105403c96508f07e3a4e3678998843c37038,Leccinum,,,scabrum,Leccinum scabrum
0551437774e5da3af151b02bd9d182c7bfe7f85f,Leccinum,,,scabrum,Leccinum scabrum
088b929c08fb26ba7f19453b1c4e530cc027d6ab,Leccinum,,,scabrum,Leccinum scabrum
14d67f1f9073265e0f62c50ba0914752f5b4da01,Leccinum,,,scabrum,Leccinum scabrum
1a61c184d13085a3786df1038f6e8480a1284392,Leccinum,,,scabrum,Leccinum scabrum
1f651f2ec3a54b95ddb299b9ec2b950005717151,Leccinum,,,scabrum,Leccinum scabrum
26c243c4cd0346184a548987dc347f2d9479069f,Leccinum,,,scabrum,Leccinum scabrum
30ed609d05ba3c548ba59cd1878dcc9026813e62,Leccinum,,,scabrum,Leccinum scabrum
35cb2a430838e08577b6de873d8515e6ff2a763f,Leccinum,,,scabrum,Leccinum scabrum
451a275c20235b8aa5ad672aaa8f5e07e49d28b6,Leccinum,,,scabrum,Leccinum scabrum
53fa085b72ff6a8d5f7484cfa54c762a2e63c9e1,Leccinum,,,scabrum,Leccinum scabrum
5de8fbe98129e0a9f40e0cf3b09dbc1fc17bfb19,Leccinum,,,scabrum,Leccinum scabrum
6229f8fba73da05110becff9acd40c739ffc930a,Leccinum,,,scabrum,Leccinum scabrum
66326ceb1754218d0538842207f0e0161cd720d2,Leccinum,,,scabrum,Leccinum scabrum
665e1a169b3b49758b75648f11471be1d65ece48,Leccinum,,,scabrum,Leccinum scabrum
66f169ff3070c81a0664099aa8559511501664ec,Leccinum,,,scabrum,Leccinum scabrum
67b09fff3347f523c9ddc9c0b7e2c8a0fbd9d827,Leccinum,,,scabrum,Leccinum scabrum
6bbf1298d7c201459f83d6670798f50c2e1ed015,Leccinum,,,scabrum,Leccinum scabrum
78bcdc447fbe3719947c0e9389a9a97a8891f758,Leccinum,,,scabrum,Leccinum scabrum
78bcdc447fbe3719947c0e9389a9a97a8891f758,Leccinum,,,scabrum,Leccinum scabrum
78bcdc447fbe3719947c0e9389a9a97a8891f758,Leccinum,,,scabrum,Leccinum scabrum
82df9fbf6fca9190cd51f34ca747bfccf3596711,Leccinum,,,scabrum,Leccinum scabrum
90936a84efc67bea397ecd7212986ea02a3ef461,Leccinum,,,scabrum,Leccinum scabrum
a4cc98101915fe4e5aae6477e4b48a331226d863,Leccinum,,,scabrum,Leccinum scabrum
c592b676c0afb66be22781a2a5ca03bfc1c0dc68,Leccinum,,,scabrum,Leccinum scabrum
d162a2cf8f3cb94862bf3161aef36a39535ed440,Leccinum,,,scabrum,Leccinum scabrum
ea8f88c304dd6300274f615fdbd767c1b575baf9,Leccinum,,,scabrum,Leccinum scabrum
0537a5b158935b08251733b84e80b1903fb7ff9c,Leccinum,,,variicolor,Leccinum variicolor
071e2b6cd945550d67892a754fae49d588a16138,Leccinum,,,variicolor,Leccinum variicolor
073f81957a530ee8a05849046f96baa09bcc77ec,Leccinum,,,variicolor,Leccinum variicolor
07b000b37e9c69781a7db77b96b9fb3dc805050f,Leccinum,,,variicolor,Leccinum variicolor
20fda0ef7398097391ed1ef6021e140e89fd026e,Leccinum,,,variicolor,Leccinum variicolor
2c0760beb29dbd33868ab5873c74a6fcc3372e7b,Leccinum,,,variicolor,Leccinum variicolor
30b2a8240f513c554f4aecc396c42d589a373236,Leccinum,,,variicolor,Leccinum variicolor
394c9648ba352a2429e7ec2dde76379c5f7db9a8,Leccinum,,,variicolor,Leccinum variicolor
3fd4e6f6b381dbb65059c16d35ad12c50a73bc9b,Leccinum,,,variicolor,Leccinum variicolor
456edfa9b3766f5cb418ddcffccc5b5c620976c5,Leccinum,,,variicolor,Leccinum variicolor
63900d0c827d77ad982428a2ec0f6ca099a9915b,Leccinum,,,variicolor,Leccinum variicolor
6fd15be87299cfd16153e6e877c883ed49f24279,Leccinum,,,variicolor,Leccinum variicolor
72eb8adfb4fb0190e9eab69de9eced2c45579a47,Leccinum,,,variicolor,Leccinum variicolor
7fa906513415d13d78c8c53ebc8a5fff10090d5d,Leccinum,,,variicolor,Leccinum variicolor
861ef798a688351314e0fd411862b73f168643e2,Leccinum,,,variicolor,Leccinum variicolor
92101e1dc14b7dbe6c3409a5ccb4a1db953ef0ed,Leccinum,,,variicolor,Leccinum variicolor
97e2102703a8c14bc52115049d2878b85cb93509,Leccinum,,,variicolor,Leccinum variicolor
a09737b307a5a0fdee97cef979d81c0dd23a8998,Leccinum,,,variicolor,Leccinum variicolor
e554e69652bc378a95724695955c2c108841e25f,Leccinum,,,variicolor,Leccinum variicolor
ee9e6a0d6c0606752978b8ac542be63a15b2675c,Leccinum,,,variicolor,Leccinum variicolor
053ec20b42714a52ebcf94f1b5c79a3e904443af,Leccinum,,,versipelle,Leccinum versipelle
1af28cd155257a45e2f244e86ef61b8bc01e4034,Leccinum,,,versipelle,Leccinum versipelle
34479051880cb59240802b91a1fef55ab358c288,Leccinum,,,versipelle,Leccinum versipelle
36fa7435683c7d4c7463f6fd823965d08e22e5d4,Leccinum,,,versipelle,Leccinum versipelle
5701df7a2c6e2c959efa07dcefc80896864c59c3,Leccinum,,,versipelle,Leccinum versipelle
64bf56340eb04eb8289aeddc9f6f9d4aadad0414,Leccinum,,,versipelle,Leccinum versipelle
64bf56340eb04eb8289aeddc9f6f9d4aadad0414,Leccinum,,,versipelle,Leccinum versipelle
730f340e9fa7efdba40a678d7c5e50b010f47842,Leccinum,,,versipelle,Leccinum versipelle
7672c7f7c32b06163cff8a6674fab825fa975718,Leccinum,,,versipelle,Leccinum versipelle
7980a77f86773b4a26c2e405b0fa9c2876263e4a,Leccinum,,,versipelle,Leccinum versipelle
ab14eb498bc1ba306e4a5009ba5feed49a2bb0ac,Leccinum,,,versipelle,Leccinum versipelle
b4378c064493af07aaab1b8fe7a23e328880f4c3,Leccinum,,,versipelle,Leccinum versipelle
f00db10a77663550fd5cd2e7ee6df56aec694c3e,Leccinum,,,versipelle,Leccinum versipelle
f1245a238beffcb55ea7d0c0b3883f383b0fc148,Leccinum,,,versipelle,Leccinum versipelle
f23e0dc97bed28c7024555821a38eb7fc297af6c,Leccinum,,,versipelle,Leccinum versipelle
5386ccd8a7e6c65625882b34f4bac2995d492744,Lemonniera,sp,2,,Lemonniera 
5408ea4cbdad6b8ba1cc81fb1a36378fd29b3f2b,Lemonniera,sp,,,Lemonniera 
0385019756a2ed0245527861cae9ff62092debf2,Lentinellus,cf,,micheneri,Lentinellus micheneri
0385019756a2ed0245527861cae9ff62092debf2,Lentinellus,cf,,micheneri,Lentinellus micheneri
37257af32127273c45d3d01896164b09553683c6,Lentinellus,cf,,micheneri,Lentinellus micheneri
3c88187712f8b05471244df3c9684f1cd17ad96e,Lentinellus,cf,,micheneri,Lentinellus micheneri
5b9db3579274a73c175eaefbfa74d86b63088b69,Lentinellus,cf,,micheneri,Lentinellus micheneri
5b9db3579274a73c175eaefbfa74d86b63088b69,Lentinellus,cf,,micheneri,Lentinellus micheneri
5b9db3579274a73c175eaefbfa74d86b63088b69,Lentinellus,cf,,micheneri,Lentinellus micheneri
6cfcd39dfee645ff914e3b8d1cd0aeb85503cd2d,Lentinellus,cf,,micheneri,Lentinellus micheneri
8652bde75977e6fd61cb88efdb2c1f99b6780ba5,Lentinellus,cf,,micheneri,Lentinellus micheneri
8652bde75977e6fd61cb88efdb2c1f99b6780ba5,Lentinellus,cf,,micheneri,Lentinellus micheneri
8652bde75977e6fd61cb88efdb2c1f99b6780ba5,Lentinellus,cf,,micheneri,Lentinellus micheneri
2b76243e1c91c15fb7e139af29db8d2ddfc10b80,Lentinellus,cf,,ursinus,Lentinellus ursinus
103df18452d46e222d75979fbb9d994b9f5837e3,Leotoimycetes,,,,Leotoimycetes 
f533309d8b7e55b4bd5c3452086f595cc0e4d11d,Lepiota,sp,1,,Lepiota 
1e3d1e445f3bb41947d1871ba359168561fd0fec,Lepiota,sp,2,,Lepiota 
9b8a7e4c814838445813f80fea930fde76b2ed73,Lepiota,,,castanea,Lepiota castanea
a1a155930c34e728a11645e26fc2b2832e84d5f6,Lepiota,,,castanea,Lepiota castanea
1e079b725fa3ac31027c625e6d15542cf95cb44c,Lepiota,,,clypeolaria,Lepiota clypeolaria
5555a789bd04df557a8298b048937c5f657a7f34,Lepiota,cf,,cortinarius,Lepiota cortinarius
bf6ac81a71bd1c0ef7d37ea89edb0939d70d9a39,Lepiota,cf,,cortinarius,Lepiota cortinarius
0edd685a10c991f1533477d7a7a64a1ac9417cbe,Lepiota,cf,,magnispora,Lepiota magnispora
13cbe8ac253cd0af69a97c261796fe9fba0758df,Lepiota,cf,,magnispora,Lepiota magnispora
1b76473afaaa173e86d450e51e06afbafe7d1a67,Lepiota,cf,,magnispora,Lepiota magnispora
1b76473afaaa173e86d450e51e06afbafe7d1a67,Lepiota,cf,,magnispora,Lepiota magnispora
1b76473afaaa173e86d450e51e06afbafe7d1a67,Lepiota,cf,,magnispora,Lepiota magnispora
1b76473afaaa173e86d450e51e06afbafe7d1a67,Lepiota,cf,,magnispora,Lepiota magnispora
90b4461895a087a7e445b7443ad7a13eb49b8f1f,Lepiota,cf,,magnispora,Lepiota magnispora
d5dd4af8f581778653b0d8d3df3e1580dab49dd1,Lepiota,cf,,magnispora,Lepiota magnispora
778d032a7240438e81abe06bd304a395f70ea396,Lepiota,cf,,neophana,Lepiota neophana
c3497861f1469f7b274b2e445305c472e5fa9c8c,Lepiota,cf,,neophana,Lepiota neophana
40745f1c99f15d00d0e6733bc955f0d0f72d7cb0,Lepista,,,densifolia,Lepista densifolia
7be21bb9ac8f9a5287ab9414526ab069fd12f8da,Lepista,,,densifolia,Lepista densifolia
8a729e9da98152b6d88284856859f373075c3d07,Lepista,,,densifolia,Lepista densifolia
2c2de7ca81c68d1f5c081f094feb8f5c7137d55c,Leucocybe,cf,,candicans,Leucocybe candicans
2d6c69fab36237d07b04a5c835d4bc3d233c7f81,Leucocybe,cf,,candicans,Leucocybe candicans
329277a3844eb2ac812469070c351644857e0343,Leucocybe,cf,,candicans,Leucocybe candicans
420947452a86cca3c91e641801e68efb39c24871,Leucocybe,cf,,candicans,Leucocybe candicans
6c6046544c4457afb65f94f59e7cef44a92a2853,Leucocybe,cf,,candicans,Leucocybe candicans
b30ac670ea0a31c1f5957ada76d7e455673592b2,Leucocybe,cf,,candicans,Leucocybe candicans
0762996f3d9df5b8ec8777389b0adf7045bb2b5f,Lichenomphalia,,,velutina,Lichenomphalia velutina
07dc80a6886a34e5585fff2c692c9ca7fbea102f,Lichenomphalia,,,velutina,Lichenomphalia velutina
092556fb422d9ea7e855474b289e06cb5d69c959,Lichenomphalia,,,velutina,Lichenomphalia velutina
0a5daa6ee7c9fd428a6ebd677059b3e15eefe798,Lichenomphalia,,,velutina,Lichenomphalia velutina
124d863891287f44097fee87d537232e3abc5a86,Lichenomphalia,,,velutina,Lichenomphalia velutina
124d863891287f44097fee87d537232e3abc5a86,Lichenomphalia,,,velutina,Lichenomphalia velutina
124d863891287f44097fee87d537232e3abc5a86,Lichenomphalia,,,velutina,Lichenomphalia velutina
124d863891287f44097fee87d537232e3abc5a86,Lichenomphalia,,,velutina,Lichenomphalia velutina
124d863891287f44097fee87d537232e3abc5a86,Lichenomphalia,,,velutina,Lichenomphalia velutina
124d863891287f44097fee87d537232e3abc5a86,Lichenomphalia,,,velutina,Lichenomphalia velutina
124d863891287f44097fee87d537232e3abc5a86,Lichenomphalia,,,velutina,Lichenomphalia velutina
124d863891287f44097fee87d537232e3abc5a86,Lichenomphalia,,,velutina,Lichenomphalia velutina
1b28259ba2b0c3f43177226cc68d02ff2882340d,Lichenomphalia,,,velutina,Lichenomphalia velutina
1d8ee878babf912e2abe7e214359b19252867f50,Lichenomphalia,,,velutina,Lichenomphalia velutina
330807394623020708157330fb207afcc8829013,Lichenomphalia,,,velutina,Lichenomphalia velutina
3fe1fcf113127d8b004c659a10bc8cfa608ff647,Lichenomphalia,,,velutina,Lichenomphalia velutina
65cc517be53affdcf5b557712ffed1744ad2a238,Lichenomphalia,,,velutina,Lichenomphalia velutina
6cadec1447133aa46a2479e972da2fb38b1861d5,Lichenomphalia,,,velutina,Lichenomphalia velutina
71b62665f7604698f0cf7c9683365f97f090b26f,Lichenomphalia,,,velutina,Lichenomphalia velutina
71b62665f7604698f0cf7c9683365f97f090b26f,Lichenomphalia,,,velutina,Lichenomphalia velutina
71b62665f7604698f0cf7c9683365f97f090b26f,Lichenomphalia,,,velutina,Lichenomphalia velutina
71b62665f7604698f0cf7c9683365f97f090b26f,Lichenomphalia,,,velutina,Lichenomphalia velutina
71b62665f7604698f0cf7c9683365f97f090b26f,Lichenomphalia,,,velutina,Lichenomphalia velutina
a23a623cd10e47768877e288c92c0ef8faba7926,Lichenomphalia,,,velutina,Lichenomphalia velutina
ae2776c35b0f74f894a072846078dd931b7d74dd,Lichenomphalia,,,velutina,Lichenomphalia velutina
afd7d53bc1e70cf91db6c6054457fbdfd044fe99,Lichenomphalia,,,velutina,Lichenomphalia velutina
c9f0466761063a91551a98dc5005387279f8cbc1,Lichenomphalia,,,velutina,Lichenomphalia velutina
cf8cc56e6626c792206d5c78ebf34b0573041cf1,Lichenomphalia,,,velutina,Lichenomphalia velutina
d2aa781bcda205e7967a73c0a246740480c1adae,Lichenomphalia,,,velutina,Lichenomphalia velutina
da97824398edb840d5ec0a3315624eb2eeda211f,Lichenomphalia,,,velutina,Lichenomphalia velutina
eb2e70fdc3e1245623cc08c66d2b3382cf59fa69,Lichenomphalia,,,velutina,Lichenomphalia velutina
ed075b9237a9b246981e08065e6401caf8dac78c,Lichenomphalia,,,velutina,Lichenomphalia velutina
f74e79737d909eaf52ccfd021fc827c717c526ab,Lichenomphalia,,,velutina,Lichenomphalia velutina
0b93ffa5a5e9709b06cd016717ce7a5960053188,Lophodermium,aff,,pinastri,Lophodermium pinastri
043057ae18cf996ea0aa2a7af9632dfa21976d56,Loramyces,sp,,,Loramyces 
45c81c715aec693067797cfaf3f1e20930e9ce93,Loramyces,sp,,,Loramyces 
5d89b35af9c868889108b15c59a3640a442d63bd,Loramyces,sp,,,Loramyces 
60a7bf4ba6ae27c4add78e33dcb25119d0fa73eb,Loramyces,sp,,,Loramyces 
80995953b664871b57ab1e262c3d49805ad580dc,Loramyces,sp,,,Loramyces 
96643879917f51763a42ae0d97d0f9848d30e7a0,Loramyces,sp,,,Loramyces 
ab6c53724e13f4f9a91e85f8ca5a5a4f1902015f,Loramyces,sp,,,Loramyces 
9748853b8b45134e0bca57bfe441b5f01c2d1601,Lycoperdon,sp,1,,Lycoperdon 
0cd5347c94c65ece5ee309cfb9d42b16a2c432eb,Lycoperdon,sp,2,,Lycoperdon 
9bdd9071b8b57183ef8cf2f0ffa1e3ccdb0aab7a,Lycoperdon,sp,3,,Lycoperdon 
a22bd8a736c9001c1c62cfd72c34b58b7c1c1b51,Lycoperdon,sp,3,,Lycoperdon 
f53b2cd5f7e17f33a4bd15b18af590ed90a3a2e5,Lycoperdon,sp,3,,Lycoperdon 
2d521812e63eadc262cfe867cfc42fdcef2eb857,Lycoperdon,sp,4,,Lycoperdon 
2d6f7927093ed53b1416ea9461edd4acd51ab858,Lycoperdon,sp,5,,Lycoperdon 
8a65b12d5db88added134022f57254f6c76d5c2d,Lycoperdon,sp,6,,Lycoperdon 
66ede11e1c5bbab5a0a6324721c8c91d8f79b8cc,Lycoperdon,sp,7,,Lycoperdon 
03d54128d36ef09610472d166a95cea3a6cdb348,Lycoperdon,sp,9,,Lycoperdon 
32321270e46a3d202143890c7952a83378d797ea,Lycoperdon,sp,9,,Lycoperdon 
705aa0a1ae6663d97416a74e4a766711fcb37b13,Lycoperdon,cf,,lambinonii,Lycoperdon lambinonii
014293867ea94aec159c5410f398bde77ae6cd88,Lycoperdon,,,molle,Lycoperdon molle
2ffd168ea6bcea51b8d9ca64881a049825399156,Lycoperdon,aff,,molle,Lycoperdon molle
573855923824416295a9ff4a92aa40dee899bcd1,Lycoperdon,aff,,molle,Lycoperdon molle
58f2e77848e7606a703ca87fe17bd2ebc0097c09,Lycoperdon,aff,,molle,Lycoperdon molle
887a8b81abe9e7623ee546384d689003ecddad83,Lycoperdon,aff,,molle,Lycoperdon molle
b53d7ce7e39716ef49eec88bdee1da7bda215cd6,Lycoperdon,aff,,molle,Lycoperdon molle
bd2c26353b1ecb727f6ec6e3ab54e06cecf1a994,Lycoperdon,aff,,molle,Lycoperdon molle
d07e612e06d2dda9bac11d078a1e98411863f3d7,Lycoperdon,aff,,molle,Lycoperdon molle
e3452c190e903799074fdff54b1c7dbcf0ae73cd,Lycoperdon,aff,,molle,Lycoperdon molle
b43b92fcc09291f01dc68d06f6888d96d607e844,Lycoperdon,aff,2,nigrescens,Lycoperdon nigrescens
2a79c7b6dabf7477a91c515fd1394c5bd614bbe1,Lycoperdon,,,nigrescens,Lycoperdon nigrescens
343cc052cb0588e45a32aa25b496981a0e67951e,Lycoperdon,,,nigrescens,Lycoperdon nigrescens
4883bfbda1638cccda5807e6d6a761eb7b84c10c,Lycoperdon,,,nigrescens,Lycoperdon nigrescens
5e6db3ac17541f307a3b65817523f2e97e70be0a,Lycoperdon,,,nigrescens,Lycoperdon nigrescens
7aef055cbf250cbf4fe69390d81395233cb07e1b,Lycoperdon,,,nigrescens,Lycoperdon nigrescens
87a9beda789f68b6f243c9c3d8ae6069f88476ec,Lycoperdon,aff,,nigrescens,Lycoperdon nigrescens
87b5ae1ee0515e7a0a5f10850053f3287bfef929,Lycoperdon,,,nigrescens,Lycoperdon nigrescens
892ab082a74f8b896d91ea72dd47b2564ee80d31,Lycoperdon,,,nigrescens,Lycoperdon nigrescens
0211032172d718381cc208a08769ddba1d069f11,Lycoperdon,,,norvegicum,Lycoperdon norvegicum
0211032172d718381cc208a08769ddba1d069f11,Lycoperdon,,,norvegicum,Lycoperdon norvegicum
0211032172d718381cc208a08769ddba1d069f11,Lycoperdon,,,norvegicum,Lycoperdon norvegicum
0211032172d718381cc208a08769ddba1d069f11,Lycoperdon,,,norvegicum,Lycoperdon norvegicum
0211032172d718381cc208a08769ddba1d069f11,Lycoperdon,,,norvegicum,Lycoperdon norvegicum
0211032172d718381cc208a08769ddba1d069f11,Lycoperdon,,,norvegicum,Lycoperdon norvegicum
36eb91bd1cf18217ccb3f3ac68396efaee103d4d,Lycoperdon,,,norvegicum,Lycoperdon norvegicum
f8eb9d35aac22730221d893f5286ff8ecc5abf0a,Lycoperdon,,,norvegicum,Lycoperdon norvegicum
0480a568ce378359c561711f5cea96b47bcc42bd,Lycoperdon,,,perlatum,Lycoperdon perlatum
0532cc918abf875bf60723d9648e2370d6607e38,Lycoperdon,,,perlatum,Lycoperdon perlatum
0938cc2bc6df6652f274bd32b1f0d45ed9f68032,Lycoperdon,,,perlatum,Lycoperdon perlatum
0f40ef30ce1850b7df8568c5685ef58bb661a769,Lycoperdon,,,perlatum,Lycoperdon perlatum
123b6a0e77d18f1ed261fd9dcb9672d5b801f75f,Lycoperdon,,,perlatum,Lycoperdon perlatum
25fbfd36ea75b74e472f664c2c4a7749fd80fdda,Lycoperdon,,,perlatum,Lycoperdon perlatum
2ad8c98b84130ffa8802b827f1d7455b6c7956f0,Lycoperdon,,,perlatum,Lycoperdon perlatum
33657ca2bdf2c6824460b08780111a6fd68770e4,Lycoperdon,,,perlatum,Lycoperdon perlatum
47fc4834d9c835b6da48449b1b0954aa46204314,Lycoperdon,,,perlatum,Lycoperdon perlatum
54f2044bffce66e127acff061b84afa563d0ca22,Lycoperdon,,,perlatum,Lycoperdon perlatum
65f9ce68310e486ae2bbcb1772c928cd93c6e5c5,Lycoperdon,,,perlatum,Lycoperdon perlatum
67afe5954bfff656e130ba932468b08480f86333,Lycoperdon,,,perlatum,Lycoperdon perlatum
79af5be1b5657dfb1c3692149d917bd5c1a9b59f,Lycoperdon,,,perlatum,Lycoperdon perlatum
8995563ac6817d17ed94f6e31120f3d7ca414cbc,Lycoperdon,,,perlatum,Lycoperdon perlatum
8af267af8bd1e51adf5eadc5abc5648e1afabe5b,Lycoperdon,,,perlatum,Lycoperdon perlatum
8b4f4a8294f24aa139af49855a03bf45ca1bd00c,Lycoperdon,,,perlatum,Lycoperdon perlatum
94db54721108b83c702ea1a09f797bc21f54404b,Lycoperdon,,,perlatum,Lycoperdon perlatum
96116706f223aceb4f63577415408fb77b89b962,Lycoperdon,,,perlatum,Lycoperdon perlatum
96116706f223aceb4f63577415408fb77b89b962,Lycoperdon,,,perlatum,Lycoperdon perlatum
96116706f223aceb4f63577415408fb77b89b962,Lycoperdon,,,perlatum,Lycoperdon perlatum
96116706f223aceb4f63577415408fb77b89b962,Lycoperdon,,,perlatum,Lycoperdon perlatum
96116706f223aceb4f63577415408fb77b89b962,Lycoperdon,,,perlatum,Lycoperdon perlatum
96116706f223aceb4f63577415408fb77b89b962,Lycoperdon,,,perlatum,Lycoperdon perlatum
96116706f223aceb4f63577415408fb77b89b962,Lycoperdon,,,perlatum,Lycoperdon perlatum
96116706f223aceb4f63577415408fb77b89b962,Lycoperdon,,,perlatum,Lycoperdon perlatum
a5ae7c88258260c46e2fdc39a51dd13c8e0f0f33,Lycoperdon,,,perlatum,Lycoperdon perlatum
a7f6fa468541734bd8f456ca11849b8c54e8d9d1,Lycoperdon,,,perlatum,Lycoperdon perlatum
ac366a3ce4146c585d016c25d6ea318d1d6258e7,Lycoperdon,,,perlatum,Lycoperdon perlatum
b80fa6ba7d9b05f04afb621f459b6b3a5b02b7af,Lycoperdon,,,perlatum,Lycoperdon perlatum
cfd1aa6b4e6b6cc38807981765cb57e61c2ece84,Lycoperdon,,,perlatum,Lycoperdon perlatum
d66496bca9b2bc06adc18c5e9ded79d039e6ad21,Lycoperdon,,,perlatum,Lycoperdon perlatum
df5387c3a71a02d63f948c83f4072191a844af7a,Lycoperdon,,,perlatum,Lycoperdon perlatum
f093c7192c4a366de8340795bb64211de8b8e10d,Lycoperdon,,,perlatum,Lycoperdon perlatum
f7413cdd3960fce205e92e9a0795c4f0c48598db,Lycoperdon,,,perlatum,Lycoperdon perlatum
f9c1e28e0095578271ddf44033792ca3898c98ef,Lycoperdon,,,perlatum,Lycoperdon perlatum
fd62297ea0c913a1aec2fdc434bad1f6a145eb2d,Lycoperdon,,,perlatum,Lycoperdon perlatum
fd62297ea0c913a1aec2fdc434bad1f6a145eb2d,Lycoperdon,,,perlatum,Lycoperdon perlatum
fd62297ea0c913a1aec2fdc434bad1f6a145eb2d,Lycoperdon,,,perlatum,Lycoperdon perlatum
fd62297ea0c913a1aec2fdc434bad1f6a145eb2d,Lycoperdon,,,perlatum,Lycoperdon perlatum
fd62297ea0c913a1aec2fdc434bad1f6a145eb2d,Lycoperdon,,,perlatum,Lycoperdon perlatum
fd62297ea0c913a1aec2fdc434bad1f6a145eb2d,Lycoperdon,,,perlatum,Lycoperdon perlatum
254e1ee98d889bab8c95910a904293fe048e337d,Lyophyllaceae,sp,,,Lyophyllaceae 
2d7aac6b213f19b9b06de840ab732ea9de4f77a7,Lyophyllaceae,sp,,,Lyophyllaceae 
2d7aac6b213f19b9b06de840ab732ea9de4f77a7,Lyophyllaceae,sp,,,Lyophyllaceae 
2d7aac6b213f19b9b06de840ab732ea9de4f77a7,Lyophyllaceae,sp,,,Lyophyllaceae 
2d7aac6b213f19b9b06de840ab732ea9de4f77a7,Lyophyllaceae,sp,,,Lyophyllaceae 
2d7aac6b213f19b9b06de840ab732ea9de4f77a7,Lyophyllaceae,sp,,,Lyophyllaceae 
2d7aac6b213f19b9b06de840ab732ea9de4f77a7,Lyophyllaceae,sp,,,Lyophyllaceae 
2d7aac6b213f19b9b06de840ab732ea9de4f77a7,Lyophyllaceae,sp,,,Lyophyllaceae 
5d1838dcb511835e4b1c6857a4b00ddb0506d734,Lyophyllaceae,sp,,,Lyophyllaceae 
5d1838dcb511835e4b1c6857a4b00ddb0506d734,Lyophyllaceae,sp,,,Lyophyllaceae 
5d1838dcb511835e4b1c6857a4b00ddb0506d734,Lyophyllaceae,sp,,,Lyophyllaceae 
0c561d90283cb2c88b1bfa1c788f479dfa1a1a8f,Lyophyllum,sp,,,Lyophyllum 
56591e18910d058a8ec673db8cc54ebaa99f1b37,Lyophyllum,sp,,,Lyophyllum 
6827db78a8f36bf23138e001d1bfe238d74f322b,Lyophyllum,sp,,,Lyophyllum 
c07d82a3fa7a1cd4cf91c88000b95151ee34e052,Lyophyllum,sp,,,Lyophyllum 
c9424761fef61525801880db8ee61b9e68b06fdb,Lyophyllum,sp,,,Lyophyllum 
87ab30cdc18a1c3e601d64282bb675f825d58a93,Lyophyllum,sp,2,,Lyophyllum 
26a781caa96398e60030372eedd88168414d7b8c,Lyophyllum,sp,3,,Lyophyllum 
345e4e64bb97365f8183c76d0d15c78fb3102e2c,Lyophyllum,cf,,leucophaeatum,Lyophyllum leucophaeatum
05916fbdb65f911bb48a666a753331386d9c7a00,Macrotyphula,sp,,,Macrotyphula 
14bc113a908f4cba63f17aad7fd5c601fc9a765c,Marasmius,sp,,,Marasmius 
183cfaf5c3ac086d291ba2e0c7987a6a24768c7c,Marasmius,,,siccus,Marasmius siccus
c8a54e5d8dead69d27dddaf0989eed8a8c9afe63,Marasmius,,,siccus,Marasmius siccus
89b2ef603586bc7def1c4652226a698f9035ccb6,Melanoleuca,cf,,paedida,Melanoleuca paedida
ee0eb8ee20855ac0ceca5df57f071bd8293ff140,Micarea,sp,,,Micarea 
0229cb86430c48a810c49cfbeb831906fff2a8dd,Mycena,sp,,,Mycena 
0619a0c34f3e127b3812ec638e6f3d5fd61d98b1,Mycena,sp,,,Mycena 
093c4732973f0cf5f3ad29b00f90708daf75b2d6,Mycena,sp,,,Mycena 
1705b7a75ee5d6917f860a154b58da29c21f75b2,Mycena,sp,,,Mycena 
25641d69008f2ec93fb1bf6b62b9b6c8d9082ff5,Mycena,sp,,,Mycena 
2fa44e753156fee3f4457309cc7786c0689526ad,Mycena,sp,,,Mycena 
3097eae4d7dc51155fe6b5df9bd7192bff3902b6,Mycena,sp,,,Mycena 
34db8a30558dda7ef711343973757f6510943da1,Mycena,sp,,,Mycena 
369157ff2bd164f78e003df0a7b7d6a9a5a7f86e,Mycena,sp,,,Mycena 
3782c179b200c8bc993359e781288a272f9d711b,Mycena,sp,,,Mycena 
59f6c9a2ccc873c20a7588679b1151f3fd609c4f,Mycena,sp,,,Mycena 
a828830e78ee810689bb97b6050ad38b792f5670,Mycena,sp,,,Mycena 
d51cb9cbf553ac1b4836b43177cade76e9e5a7cf,Mycena,sp,,,Mycena 
db71be0d22ef5cb07d75a0b6d98622c7db632a1b,Mycena,sp,,,Mycena 
dcb49a1613215765cbc0232244a7258fdf30ea6c,Mycena,sp,,,Mycena 
57e5745d1cc8c61d62bcfe53a79f43335a1f68d7,Mycena,sp,10,,Mycena 
2495cb66230c6b928130f58588c1dee287ebfafc,Mycena,sp,11,,Mycena 
34315ce56a8d6e3924fc4f7a0d722c3e7149b416,Mycena,sp,11,,Mycena 
5ad6d44f3aa66c4649fcd07fce5b46294307836b,Mycena,sp,11,,Mycena 
d4d19289dce3e00f5a5278006f7ec6f683889e31,Mycena,sp,12,,Mycena 
e6d08cf0b238040be54bfcb9a16c1fbfb0442454,Mycena,sp,12,,Mycena 
099d654912ad77146a91fb8874bd8971d70fb0b0,Mycena,sp,13,,Mycena 
2734ff517d879da1bc0876459dfbdda110023370,Mycena,sp,13,,Mycena 
3470dc71163396af101d54cf1ba3cc6d7f704757,Mycena,sp,13,,Mycena 
6b3084f6a4b444240879afa3b9277cac968ad5a9,Mycena,sp,13,,Mycena 
953d52c95c90dec4601f966eb318c169408df685,Mycena,sp,13,,Mycena 
96dae4db7bb202954f93e10897e62347d125220a,Mycena,sp,13,,Mycena 
f473729b2a2d340aa9daefb934a8c6cc302ad24d,Mycena,sp,13,,Mycena 
79c8a2ab0b30239fb9b0feff1c249c37c0d40689,Mycena,sp,14,,Mycena 
2c9e9e918209170fe204c35fce902efe3af5902f,Mycena,sp,15,,Mycena 
6fbf9d7fd9c6c149f34bf8bfefd1025a2cb4be2f,Mycena,sp,15,,Mycena 
0c21039d31570962e5d5b8e2c95f5af85f74998f,Mycena,sp,16,,Mycena 
5fbab8463aa0b4119556b7d822f1da4562aea99a,Mycena,sp,16,,Mycena 
04b1318f79f04b616d4fa153e38a204d1ca31353,Mycena,sp,17,,Mycena 
1ac3c52c7c3cef5d68123db67baaf7ce41cc490c,Mycena,sp,17,,Mycena 
2b28ef92a33769ce0144433fd579e04f6f002d93,Mycena,sp,17,,Mycena 
4a11a64e148448d8774c362530b910ca8fb5809a,Mycena,sp,17,,Mycena 
595004c0a5579190cc18df90c367d8ee453abdfe,Mycena,sp,17,,Mycena 
62410966633aaa46fe7b61038683ca217509908a,Mycena,sp,17,,Mycena 
62410966633aaa46fe7b61038683ca217509908a,Mycena,sp,17,,Mycena 
8f5863527b3d2f031a372f35e9d6311f5bde92ab,Mycena,sp,17,,Mycena 
aac1f4730d1baf2a5ab35637419db9f7020469ed,Mycena,sp,17,,Mycena 
b16d50e81adf74a1e3b41c5793fd9615ed29a010,Mycena,sp,17,,Mycena 
d125d7d4787b39cbf081f3c41a91ae009d20ef0c,Mycena,sp,17,,Mycena 
f3ddf5f3cfad1792efcd5e1b5e5f0a3ee81b8344,Mycena,sp,17,,Mycena 
f685a60453fe382d0a8f189d21c628719ade6c69,Mycena,sp,17,,Mycena 
20f468ca04a75ca8d12adc594374d4c31fdc5a44,Mycena,sp,18,,Mycena 
af8d8f40e1e1639046a3fce83b16ff7dec4750c1,Mycena,sp,18,,Mycena 
e4879df7213793f2074bddce67ce0effb21a86be,Mycena,sp,19,,Mycena 
746b6ae9a74e9045d2b9ea66ec7052ecf0d81850,Mycena,sp,2,,Mycena 
96c61ba7365d9c3df15f4a881efbdeaab16d2d7f,Mycena,sp,2,,Mycena 
a66fb5239be66566135ec552251a3362c10a333a,Mycena,sp,20,,Mycena 
929ad2778d2589f33c0d49d27f3bbf054faf7eba,Mycena,sp,21,,Mycena 
273032e0c8becb5eb4e388e0a9b7513c762fd75e,Mycena,sp,22,,Mycena 
1a82443bfd757e6583a6faffe1cf5f416015736e,Mycena,sp,23,,Mycena 
64531ea7ca8e638b2bfe3c2b57581c91184efc50,Mycena,sp,24,,Mycena 
a8bab180c155a5db1530af6435fc93ad21cdf42c,Mycena,sp,24,,Mycena 
c4fa919d2e52b2203c53abc5b562aa5f122ee535,Mycena,sp,24,,Mycena 
5a63c6e7c4f1191283935907896afdc5117b6269,Mycena,sp,25,,Mycena 
e5e59968a72b78c9cd01dfececc6c36ebc14a221,Mycena,sp,26,,Mycena 
1abe4824ef1a35b3bda4e9bb4bf0de5e12f67c8d,Mycena,sp,3,,Mycena 
1683e117ffe8506f0202d45a826eb3b524ebeb23,Mycena,sp,4,,Mycena 
368f766ea66a3601de81e735ec10407f57e6369f,Mycena,sp,4,,Mycena 
956e915345911a9de219f55c07fd5fe659723a95,Mycena,sp,4,,Mycena 
bae1682ff45371d8649dfdd0d54d1a47ecfe529a,Mycena,sp,4,,Mycena 
edadb98bc8db4cd1278a7175e47fab3d77572612,Mycena,sp,4,,Mycena 
13e382ca732ad129e1a8a72002bfd0a5ca126182,Mycena,sp,5,,Mycena 
c5d6ea7b70d89a13bd24bbacc48ca4f5ecdd4249,Mycena,sp,6,,Mycena 
b1395411aadf3fd14d240c477e7169f266aaf6cb,Mycena,sp,7,,Mycena 
0f74c252e796a91005cf6cd3ba83844f3a8908d5,Mycena,sp,8,,Mycena 
a2b259492797d717d0d6301730b83fc60c900d0a,Mycena,sp,9,,Mycena 
82a8baa6d1d23e6a145f02d5e0c3176b496eba35,Mycena,,,acicula,Mycena acicula
82a8baa6d1d23e6a145f02d5e0c3176b496eba35,Mycena,,,acicula,Mycena acicula
036d63c3d682539179c253cc192e318891282f60,Mycena,,2,aciculata,Mycena aciculata
0cf0a038a5f88cfd2f6d027acb33f08e1eb4e0b9,Mycena,,2,aciculata,Mycena aciculata
21a508e3253c174ca863001d7b87b0ed6c43d037,Mycena,,2,aciculata,Mycena aciculata
21a508e3253c174ca863001d7b87b0ed6c43d037,Mycena,,2,aciculata,Mycena aciculata
21a508e3253c174ca863001d7b87b0ed6c43d037,Mycena,,2,aciculata,Mycena aciculata
21a508e3253c174ca863001d7b87b0ed6c43d037,Mycena,,2,aciculata,Mycena aciculata
22c8885950736d6e1632ecbca6cfbbec861b9c9d,Mycena,,2,aciculata,Mycena aciculata
2aa98624a752cbf3210f7ae3f857913e4e296d11,Mycena,,2,aciculata,Mycena aciculata
3b6bbe01b7624b9a18ae4c4f5f2200af3bb05a0f,Mycena,,2,aciculata,Mycena aciculata
3f757a3999e1d1b2a1074fd9605ab4fb5fca2298,Mycena,,2,aciculata,Mycena aciculata
552daf3e314b2d17f84da538160e8b541bfad7fe,Mycena,,2,aciculata,Mycena aciculata
552daf3e314b2d17f84da538160e8b541bfad7fe,Mycena,,2,aciculata,Mycena aciculata
552daf3e314b2d17f84da538160e8b541bfad7fe,Mycena,,2,aciculata,Mycena aciculata
57ffbe113155751c00df4378262e2ac20efb4375,Mycena,,2,aciculata,Mycena aciculata
57ffbe113155751c00df4378262e2ac20efb4375,Mycena,,2,aciculata,Mycena aciculata
57ffbe113155751c00df4378262e2ac20efb4375,Mycena,,2,aciculata,Mycena aciculata
5dddd7c693900d2d444acc6cc76268d17580ca8e,Mycena,,2,aciculata,Mycena aciculata
74b8bbcd7da2f5fac009521c098d44fbd8bb389d,Mycena,,2,aciculata,Mycena aciculata
7a0002540f674ca262f95b25b9bd8e67b622dd3e,Mycena,,2,aciculata,Mycena aciculata
7c2928a36c8a3a2876f4fba831a63475f5400ce7,Mycena,,2,aciculata,Mycena aciculata
7e2cab850f9775da82574304d4a473598c751ac6,Mycena,,2,aciculata,Mycena aciculata
839cdb97049f51779b71b7950e45ba597415450e,Mycena,,2,aciculata,Mycena aciculata
854840c8b544247e20aee50f5f3de4184c749b52,Mycena,,2,aciculata,Mycena aciculata
85e6f4c4edad173bb5421d1f12d0b9c86d28ef9a,Mycena,,2,aciculata,Mycena aciculata
8ea5ea52b822cd8fdac750e6f1b9cc249526da7e,Mycena,,2,aciculata,Mycena aciculata
960d562ad2fe495f16d92f5b389174cbaa1ac5e6,Mycena,,2,aciculata,Mycena aciculata
969216b7a7831fe7257da04f674d30c3e73d3fde,Mycena,,2,aciculata,Mycena aciculata
97ed2d146b408f01e27836a000d2d996ee7608ea,Mycena,,2,aciculata,Mycena aciculata
a506b91c75b64aae15a6ad96fa018d4ee5ed609c,Mycena,,2,aciculata,Mycena aciculata
e7b77486fd28515ca5745ac0bb8c65b14af35804,Mycena,,2,aciculata,Mycena aciculata
f071c51f140cd51448344d2ee03f50909587bdc7,Mycena,,2,aciculata,Mycena aciculata
f7b3d275dfb1b7a9fe365344f51789e421e04d4e,Mycena,,2,aciculata,Mycena aciculata
76748e140227445b2718e327412a926e6943bdce,Mycena,,,aciculata,Mycena aciculata
027273094050b5911ecf9058aacd1ffeefbfc914,Mycena,cf,,alexandri,Mycena alexandri
0668fd11f6614071d7d15b5ba2abd870276e0aa5,Mycena,cf,,alexandri,Mycena alexandri
07caa1dd4bc2f117d9c9d4d1303f757a611c6df3,Mycena,cf,,alexandri,Mycena alexandri
0eee403dc80732970f559983a32ce45a7d501874,Mycena,cf,,alexandri,Mycena alexandri
1616663a9116110d1d34a3c80ab58bf5010e9a59,Mycena,cf,,alexandri,Mycena alexandri
1e5811e13788d7a1c82e882d8e2fb748eff43f39,Mycena,cf,,alexandri,Mycena alexandri
1e9a356fc2e2565e0f7e73e3bbe0c1fbf11e4df7,Mycena,cf,,alexandri,Mycena alexandri
2d073abd250d810d0a5437fa6e21b9951e2cadb3,Mycena,cf,,alexandri,Mycena alexandri
329ece18940422a8ebf459ac30d3dfa36f5ef297,Mycena,cf,,alexandri,Mycena alexandri
3c2bf6687bd271e33ba542a5be858582a90850eb,Mycena,cf,,alexandri,Mycena alexandri
44d572ef9d5245fcb2c444de08995096c5167562,Mycena,cf,,alexandri,Mycena alexandri
462c62d6e0e1b1fe95860afa8f9193022ba488af,Mycena,cf,,alexandri,Mycena alexandri
4e53e56e1d105a285c72fd1f9d1c7dc491147a91,Mycena,cf,,alexandri,Mycena alexandri
4f4a1030e936c7dd1ced4ea5deb4326a8e504826,Mycena,cf,,alexandri,Mycena alexandri
58fa251c1336a377425a66842b0dfd71d1301b68,Mycena,cf,,alexandri,Mycena alexandri
5f40a2a7e531064995609071f00234653a56b0c2,Mycena,cf,,alexandri,Mycena alexandri
6d2b88e94484ace2f0471dddcda1a41eb7d88592,Mycena,cf,,alexandri,Mycena alexandri
7018266c34b11a9671ca79d4467f078520c3b94d,Mycena,cf,,alexandri,Mycena alexandri
dcd4da9b151406cac79ff544560e849bc341bbac,Mycena,cf,,alexandri,Mycena alexandri
3e2817323f51f86014a1d99384d5f51d7e8aeff1,Mycena,aff,,alnetorum,Mycena alnetorum
41fd9ef1cc8b1ece30b8017e2b76b294ce6f1d4b,Mycena,aff,,alnetorum,Mycena alnetorum
437ac3046c106a39b530ba268135345d9e7f77d4,Mycena,aff,,alnetorum,Mycena alnetorum
99267c7ef146bc93b7178acb0308b2d6d9cf6d37,Mycena,aff,,arcangeliana,Mycena arcangeliana
d4ee11ed8eb869fc803ba79c4dd2ffeae58b5b19,Mycena,aff,,arcangeliana,Mycena arcangeliana
f2f01f94e94849423422cec760f6363e5d620186,Mycena,aff,,arcangeliana,Mycena arcangeliana
6bd8c4883f79e07bf46b1570e64ef59bd20ae5d6,Mycena,,,caeruleomarginata,Mycena caeruleomarginata
02e541aaeefa18798676e994f13fa77ace7f8175,Mycena,cf,,capillaripes,Mycena capillaripes
06db7d4d92e432bec8299f7b1caaba52ebc30624,Mycena,cf,,capillaripes,Mycena capillaripes
06db7d4d92e432bec8299f7b1caaba52ebc30624,Mycena,cf,,capillaripes,Mycena capillaripes
06db7d4d92e432bec8299f7b1caaba52ebc30624,Mycena,cf,,capillaripes,Mycena capillaripes
06db7d4d92e432bec8299f7b1caaba52ebc30624,Mycena,cf,,capillaripes,Mycena capillaripes
06db7d4d92e432bec8299f7b1caaba52ebc30624,Mycena,cf,,capillaripes,Mycena capillaripes
06db7d4d92e432bec8299f7b1caaba52ebc30624,Mycena,cf,,capillaripes,Mycena capillaripes
06db7d4d92e432bec8299f7b1caaba52ebc30624,Mycena,cf,,capillaripes,Mycena capillaripes
06db7d4d92e432bec8299f7b1caaba52ebc30624,Mycena,cf,,capillaripes,Mycena capillaripes
06db7d4d92e432bec8299f7b1caaba52ebc30624,Mycena,cf,,capillaripes,Mycena capillaripes
06db7d4d92e432bec8299f7b1caaba52ebc30624,Mycena,cf,,capillaripes,Mycena capillaripes
06db7d4d92e432bec8299f7b1caaba52ebc30624,Mycena,cf,,capillaripes,Mycena capillaripes
06db7d4d92e432bec8299f7b1caaba52ebc30624,Mycena,cf,,capillaripes,Mycena capillaripes
11730a75b20971cc8d777ebedfa94b6965f7a803,Mycena,cf,,capillaripes,Mycena capillaripes
175ab4c3ec7c6848f53c2820863b4f24cbb76c76,Mycena,cf,,capillaripes,Mycena capillaripes
175ab4c3ec7c6848f53c2820863b4f24cbb76c76,Mycena,cf,,capillaripes,Mycena capillaripes
175ab4c3ec7c6848f53c2820863b4f24cbb76c76,Mycena,cf,,capillaripes,Mycena capillaripes
175ab4c3ec7c6848f53c2820863b4f24cbb76c76,Mycena,cf,,capillaripes,Mycena capillaripes
175ab4c3ec7c6848f53c2820863b4f24cbb76c76,Mycena,cf,,capillaripes,Mycena capillaripes
175ab4c3ec7c6848f53c2820863b4f24cbb76c76,Mycena,cf,,capillaripes,Mycena capillaripes
175ab4c3ec7c6848f53c2820863b4f24cbb76c76,Mycena,cf,,capillaripes,Mycena capillaripes
1834668e91cd2db27a45268590e6b23ed1dfd946,Mycena,cf,,capillaripes,Mycena capillaripes
1c21767df811face3eab44047f6a9d4a9875c41b,Mycena,cf,,capillaripes,Mycena capillaripes
3045d42086263db2fb9390ac395d09addc38e1f8,Mycena,cf,,capillaripes,Mycena capillaripes
34d2584b562a9cb9ba5415b3721477dfd9798c3e,Mycena,cf,,capillaripes,Mycena capillaripes
4fff34b2a30288ea2654da7e628b4ebf482f20ff,Mycena,cf,,capillaripes,Mycena capillaripes
6a86098e2742cb42a70547cb1c09a61cce9a3e18,Mycena,cf,,capillaripes,Mycena capillaripes
84b631f0c9fb1c793925b48b603bff9e2fe750c9,Mycena,cf,,capillaripes,Mycena capillaripes
85cc780e6b32c5c9266bf953efd707f2a31b51ce,Mycena,cf,,capillaripes,Mycena capillaripes
8daa250a3a1e7aa78ba858f3b5f6fac17493e981,Mycena,cf,,capillaripes,Mycena capillaripes
a94370d346c66269955dc219a4a44801c1de2377,Mycena,cf,,capillaripes,Mycena capillaripes
ae535242fa33d8c01b892c58dc5e502b2c477082,Mycena,cf,,capillaripes,Mycena capillaripes
bd919a6e68d1dbc9ce918b18968ae698cca96af3,Mycena,cf,,capillaripes,Mycena capillaripes
c31ab81d7aabab242159f404867266a128a48456,Mycena,cf,,capillaripes,Mycena capillaripes
c6fb7d8178f45d6a94df1b185cb1ca1ededb9906,Mycena,cf,,capillaripes,Mycena capillaripes
cc7c06ed9c6eedb0ebc840c9380beb1c4c560285,Mycena,cf,,capillaripes,Mycena capillaripes
cd16dff41ff792c12d0058a9f0327da10414683b,Mycena,cf,,capillaripes,Mycena capillaripes
cd16dff41ff792c12d0058a9f0327da10414683b,Mycena,cf,,capillaripes,Mycena capillaripes
d62b861263281e9cabb21ed7ae629439ff11fabb,Mycena,cf,,capillaripes,Mycena capillaripes
dbe6fb3a3c6a202e6f4b50572624e34a1d83c969,Mycena,cf,,capillaripes,Mycena capillaripes
ec38ede652a5ff503eba0ed21a18fb799b88efad,Mycena,cf,,capillaripes,Mycena capillaripes
ec4eaa66e858776c5442fbef40bc88d52970cba3,Mycena,cf,,capillaripes,Mycena capillaripes
efe27385250dd4c260dc9f04334610370b97c556,Mycena,cf,,capillaripes,Mycena capillaripes
117dcbd1622eafa6ab83b9dbaba631492cff2852,Mycena,,,cinerella,Mycena cinerella
12c487aef23809099aa8f34a3e8875b22d643832,Mycena,,,cinerella,Mycena cinerella
1f2ce2cccd55b7b31af257e9cc96a17e02fc9d06,Mycena,,,cinerella,Mycena cinerella
2c20f6e18b1f12c4dc7204166a07f7086569d7a5,Mycena,,,cinerella,Mycena cinerella
46038b016d0542d43f7112e316c12aa3b83fa717,Mycena,,,cinerella,Mycena cinerella
468165871dec49fc6a343acac8ea4d9208b41df5,Mycena,,,cinerella,Mycena cinerella
4a7db7a092e36acdc11d8eb7e20e6a197a4647da,Mycena,,,cinerella,Mycena cinerella
4d107145ed0d97846b4512ebd41b70cff5c73fb5,Mycena,,,cinerella,Mycena cinerella
5e2f8485a816978c08a08a1f546b124d45d5312b,Mycena,,,cinerella,Mycena cinerella
748fc08350ba44dc404bb9faeab61808e58c1b5a,Mycena,,,cinerella,Mycena cinerella
7c47a049fe6104602caa332c07096dd140b9dd46,Mycena,,,cinerella,Mycena cinerella
8c178af2705ed88e2646dd0ef6060ebc5251fa00,Mycena,,,cinerella,Mycena cinerella
d6d2f29d03505073ac3031a37da10d287c43ce5a,Mycena,,,cinerella,Mycena cinerella
eb493fd0c227ff0361c63ff56e7243a3258d1492,Mycena,,,cinerella,Mycena cinerella
fe5b939920d34c908f95662dbde37bd491448224,Mycena,,,cinerella,Mycena cinerella
0138e9ce461eb6f8782eac9ac83067fb0f277263,Mycena,cf,,citrinomarginata,Mycena citrinomarginata
0ca22fcb97bbb9d2e01d47b365da0ad83d2c806b,Mycena,cf,,citrinomarginata,Mycena citrinomarginata
11892845d0194296adf46af56d764561319ba130,Mycena,cf,,citrinomarginata,Mycena citrinomarginata
125d0f1a50fc0bd101aaffb1786b52f80779b0bd,Mycena,cf,,citrinomarginata,Mycena citrinomarginata
179dfb8a7d8157a26f6dfe73f0f836a27c6dbc24,Mycena,cf,,citrinomarginata,Mycena citrinomarginata
1a27199d0beeda13162c0e780237535230772dfc,Mycena,cf,,citrinomarginata,Mycena citrinomarginata
1daf8303c849b23b8f3cbd37a9d078172dca0a48,Mycena,cf,,citrinomarginata,Mycena citrinomarginata
1f5b1d41f44cd26be6d7454604e3ea45d04bac12,Mycena,cf,,citrinomarginata,Mycena citrinomarginata
22b69f571f28ed8ff724932252411486d7cf5f94,Mycena,cf,,citrinomarginata,Mycena citrinomarginata
251794cea4bf47023eafb58d50d64a071db65ecb,Mycena,cf,,citrinomarginata,Mycena citrinomarginata
2529042273745c33cf1a646aaee514fd53c73e31,Mycena,cf,,citrinomarginata,Mycena citrinomarginata
25372ac87c9f70623833d9dc1f94e10203c128e3,Mycena,cf,,citrinomarginata,Mycena citrinomarginata
29022adda511f337c771283e3ed2fad00df586fa,Mycena,cf,,citrinomarginata,Mycena citrinomarginata
2e896dbdaabe539f3df451bb639751649f6bfc7f,Mycena,cf,,citrinomarginata,Mycena citrinomarginata
2e896dbdaabe539f3df451bb639751649f6bfc7f,Mycena,cf,,citrinomarginata,Mycena citrinomarginata
31eee7414d1ba6edf934d4ad86a1c44786f8f5f5,Mycena,cf,,citrinomarginata,Mycena citrinomarginata
35f391d267ee5ad9ef4d8027fe0fba9aa3461c44,Mycena,cf,,citrinomarginata,Mycena citrinomarginata
36d9082898cd741e0aafacfeddb77d53305781ca,Mycena,cf,,citrinomarginata,Mycena citrinomarginata
3b6945183582b9caf0c1c197548118e97c0674cb,Mycena,cf,,citrinomarginata,Mycena citrinomarginata
4263650e47c5e5f995180f63a88409571b5fc422,Mycena,cf,,citrinomarginata,Mycena citrinomarginata
4e7a8b30c00d85bc5875704cf08508d183cafd1b,Mycena,cf,,citrinomarginata,Mycena citrinomarginata
559011734dc6a4052756fd8ab797e41d1e53dd50,Mycena,cf,,citrinomarginata,Mycena citrinomarginata
56b5af8765aba5daab2a1aa0750f38f02a369425,Mycena,cf,,citrinomarginata,Mycena citrinomarginata
5e4158a652ca22b898e834e5e44ecb1d4f809344,Mycena,cf,,citrinomarginata,Mycena citrinomarginata
6d8bca166c655dd720da72b3d18149a5dcfd5148,Mycena,cf,,citrinomarginata,Mycena citrinomarginata
6e6c7b479f4a6c692019b51d6a615029f607881e,Mycena,cf,,citrinomarginata,Mycena citrinomarginata
75d966d747560f57586b5863a4decbc5a7f9d70a,Mycena,cf,,citrinomarginata,Mycena citrinomarginata
7af522e182eda66504390c27e514838f8574a8ad,Mycena,cf,,citrinomarginata,Mycena citrinomarginata
7ca4fd9db8578f1f64df2db646ff1337d1d7de46,Mycena,cf,,citrinomarginata,Mycena citrinomarginata
80003e547514ed4e520daf0ee5182e2516b777e3,Mycena,cf,,citrinomarginata,Mycena citrinomarginata
90a0d365b056b4fc8ec1297c762cf616bd4b6222,Mycena,cf,,citrinomarginata,Mycena citrinomarginata
a64d22da5203ef4ad6cedbe5533eb7d979e17ee8,Mycena,cf,,citrinomarginata,Mycena citrinomarginata
adbecc80e985a615d71618038cf413cb92c067b7,Mycena,cf,,citrinomarginata,Mycena citrinomarginata
b849de577ceda9b76e15d883874c5389d63b3eb8,Mycena,cf,,citrinomarginata,Mycena citrinomarginata
d4d28a5d1bd1c751f74a973752ac258ee5d4b6f7,Mycena,cf,,citrinomarginata,Mycena citrinomarginata
243d149ddf10871bfc34f1150ab68becaf2ca81c,Mycena,cf,,clavicularis,Mycena clavicularis
5f73fae244c9a6f6052e5e57a18b195c86ce3374,Mycena,cf,,clavicularis,Mycena clavicularis
5f73fae244c9a6f6052e5e57a18b195c86ce3374,Mycena,cf,,clavicularis,Mycena clavicularis
8388a5d1616c60199d587d4010862e65ce3bd7eb,Mycena,cf,,clavicularis,Mycena clavicularis
abeb08a6ade33e34b5ff5bcbfeb458fa63a74635,Mycena,cf,,clavicularis,Mycena clavicularis
abeb08a6ade33e34b5ff5bcbfeb458fa63a74635,Mycena,cf,,clavicularis,Mycena clavicularis
abeb08a6ade33e34b5ff5bcbfeb458fa63a74635,Mycena,cf,,clavicularis,Mycena clavicularis
e68f804c1198027faaa6273a9964968fb158e35a,Mycena,cf,,clavicularis,Mycena clavicularis
424edd0c6dbb23cb52d86efb700357db0b0694cc,Mycena,cf,2,epipterygia,Mycena epipterygia
255b5bb97556e181833e22bff378d3de89935c1d,Mycena,cf,3,epipterygia,Mycena epipterygia
943499e2f75acd84df5a0e8206670b1dc537729c,Mycena,cf,4,epipterygia,Mycena epipterygia
96de8049c0b712551c1fdc0dcde2b2d93bf2be33,Mycena,cf,4,epipterygia,Mycena epipterygia
00c41dac5bc696feae279c559f4ecaa464e84727,Mycena,cf,5,epipterygia,Mycena epipterygia
2a8cbb6082d96d38075f96cdf172727f3741d3cc,Mycena,cf,5,epipterygia,Mycena epipterygia
43f0abcfb4399e0fd9473c8bcded298494f589a1,Mycena,cf,5,epipterygia,Mycena epipterygia
6392240c81f2b5ca81e83d89ca121803366a8801,Mycena,cf,5,epipterygia,Mycena epipterygia
00c41dac5bc696feae279c559f4ecaa464e84727,Mycena,cf,6,epipterygia,Mycena epipterygia
00c41dac5bc696feae279c559f4ecaa464e84727,Mycena,cf,6,epipterygia,Mycena epipterygia
0364c00e93135519af763dab5492c1e7095a75c8,Mycena,cf,6,epipterygia,Mycena epipterygia
03f8be8b570c3c635ee68fdcbcad6531a377e7a7,Mycena,cf,6,epipterygia,Mycena epipterygia
03f8be8b570c3c635ee68fdcbcad6531a377e7a7,Mycena,cf,6,epipterygia,Mycena epipterygia
03f8be8b570c3c635ee68fdcbcad6531a377e7a7,Mycena,cf,6,epipterygia,Mycena epipterygia
03f8be8b570c3c635ee68fdcbcad6531a377e7a7,Mycena,cf,6,epipterygia,Mycena epipterygia
03f8be8b570c3c635ee68fdcbcad6531a377e7a7,Mycena,cf,6,epipterygia,Mycena epipterygia
03f8be8b570c3c635ee68fdcbcad6531a377e7a7,Mycena,cf,6,epipterygia,Mycena epipterygia
03f8be8b570c3c635ee68fdcbcad6531a377e7a7,Mycena,cf,6,epipterygia,Mycena epipterygia
03f8be8b570c3c635ee68fdcbcad6531a377e7a7,Mycena,cf,6,epipterygia,Mycena epipterygia
03f8be8b570c3c635ee68fdcbcad6531a377e7a7,Mycena,cf,6,epipterygia,Mycena epipterygia
03f8be8b570c3c635ee68fdcbcad6531a377e7a7,Mycena,cf,6,epipterygia,Mycena epipterygia
03f8be8b570c3c635ee68fdcbcad6531a377e7a7,Mycena,cf,6,epipterygia,Mycena epipterygia
04aea6659f9204d901f74117f945b311566aa1f1,Mycena,cf,6,epipterygia,Mycena epipterygia
0765f4c955c83338a0bcaea4ce20cd4c82b83895,Mycena,cf,6,epipterygia,Mycena epipterygia
0f295a42c000aa90dee724740017d8c198bafa1b,Mycena,cf,6,epipterygia,Mycena epipterygia
10c9403ee8f194cba9a6cb79fb11e68c01e25439,Mycena,cf,6,epipterygia,Mycena epipterygia
10c9403ee8f194cba9a6cb79fb11e68c01e25439,Mycena,cf,6,epipterygia,Mycena epipterygia
10c9403ee8f194cba9a6cb79fb11e68c01e25439,Mycena,cf,6,epipterygia,Mycena epipterygia
10c9403ee8f194cba9a6cb79fb11e68c01e25439,Mycena,cf,6,epipterygia,Mycena epipterygia
141393743f54e9f32fae0ae9e7e6f655d6523cc9,Mycena,cf,6,epipterygia,Mycena epipterygia
147296cc7a938a53d9241a03ec2cc3a30b203258,Mycena,cf,6,epipterygia,Mycena epipterygia
1b1c1bb11b5c90eabafa75bef54140e973e21d03,Mycena,cf,6,epipterygia,Mycena epipterygia
1b1c1bb11b5c90eabafa75bef54140e973e21d03,Mycena,cf,6,epipterygia,Mycena epipterygia
1b1c1bb11b5c90eabafa75bef54140e973e21d03,Mycena,cf,6,epipterygia,Mycena epipterygia
1b1c1bb11b5c90eabafa75bef54140e973e21d03,Mycena,cf,6,epipterygia,Mycena epipterygia
1b1c1bb11b5c90eabafa75bef54140e973e21d03,Mycena,cf,6,epipterygia,Mycena epipterygia
1b1c1bb11b5c90eabafa75bef54140e973e21d03,Mycena,cf,6,epipterygia,Mycena epipterygia
1b1c1bb11b5c90eabafa75bef54140e973e21d03,Mycena,cf,6,epipterygia,Mycena epipterygia
1b1c1bb11b5c90eabafa75bef54140e973e21d03,Mycena,cf,6,epipterygia,Mycena epipterygia
1b1c1bb11b5c90eabafa75bef54140e973e21d03,Mycena,cf,6,epipterygia,Mycena epipterygia
1b1c1bb11b5c90eabafa75bef54140e973e21d03,Mycena,cf,6,epipterygia,Mycena epipterygia
1b1c1bb11b5c90eabafa75bef54140e973e21d03,Mycena,cf,6,epipterygia,Mycena epipterygia
1b1c1bb11b5c90eabafa75bef54140e973e21d03,Mycena,cf,6,epipterygia,Mycena epipterygia
1b1c1bb11b5c90eabafa75bef54140e973e21d03,Mycena,cf,6,epipterygia,Mycena epipterygia
1b1c1bb11b5c90eabafa75bef54140e973e21d03,Mycena,cf,6,epipterygia,Mycena epipterygia
1b1c1bb11b5c90eabafa75bef54140e973e21d03,Mycena,cf,6,epipterygia,Mycena epipterygia
1b1c1bb11b5c90eabafa75bef54140e973e21d03,Mycena,cf,6,epipterygia,Mycena epipterygia
1b1c1bb11b5c90eabafa75bef54140e973e21d03,Mycena,cf,6,epipterygia,Mycena epipterygia
1b1c1bb11b5c90eabafa75bef54140e973e21d03,Mycena,cf,6,epipterygia,Mycena epipterygia
1b1c1bb11b5c90eabafa75bef54140e973e21d03,Mycena,cf,6,epipterygia,Mycena epipterygia
1bcb4960411466c02ef5ad82ecee0abcc0e6748d,Mycena,cf,6,epipterygia,Mycena epipterygia
2167528ebb9c5ef83bee9b9ae87380d8f5f354ca,Mycena,cf,6,epipterygia,Mycena epipterygia
248abf411416d59204ba555a21877674e7a0a92a,Mycena,cf,6,epipterygia,Mycena epipterygia
25ed4e3fd3cf478662087a564a236fdb07c7b100,Mycena,cf,6,epipterygia,Mycena epipterygia
27da74af0407dc25063fadc42d253bf852a16e47,Mycena,cf,6,epipterygia,Mycena epipterygia
2a8cbb6082d96d38075f96cdf172727f3741d3cc,Mycena,cf,6,epipterygia,Mycena epipterygia
2b82320a432068d61a15df401a7415d948ea4051,Mycena,cf,6,epipterygia,Mycena epipterygia
307184a5322735657a8f5e587cb853c090917f26,Mycena,cf,6,epipterygia,Mycena epipterygia
320217bde173c48adc91a92f2c4213aa49a6e011,Mycena,cf,6,epipterygia,Mycena epipterygia
3a635866f46e2a15c1efea02437fbf0ef1703204,Mycena,cf,6,epipterygia,Mycena epipterygia
45b14bda41d5f25132c12717f13e48c2070991dd,Mycena,cf,6,epipterygia,Mycena epipterygia
49f0f0f0e878fdb485018057ef35d0ce57d52d31,Mycena,cf,6,epipterygia,Mycena epipterygia
4ef9e6f00f9e71767c96dac2146a312cf8e64c6f,Mycena,cf,6,epipterygia,Mycena epipterygia
4f592439c8857c8d02fa71c32580a470c16a9de4,Mycena,cf,6,epipterygia,Mycena epipterygia
4f592439c8857c8d02fa71c32580a470c16a9de4,Mycena,cf,6,epipterygia,Mycena epipterygia
538136e593ba063c0afa60599be42868f9afc8ff,Mycena,cf,6,epipterygia,Mycena epipterygia
58cdc1a7352ac5d8f5226c0be07fc5201fc8e286,Mycena,cf,6,epipterygia,Mycena epipterygia
6287b4850f8a789cc096380c068f310956ddfcd9,Mycena,cf,6,epipterygia,Mycena epipterygia
66cc8fef0bb71c2eefa56414c36cb3ec538fe4e1,Mycena,cf,6,epipterygia,Mycena epipterygia
6ad0ef529c54a1593631acf4269adfb81f3f5177,Mycena,cf,6,epipterygia,Mycena epipterygia
6bc8eb3e97d916cd33d967ed1da8e5bde9a5ffcb,Mycena,cf,6,epipterygia,Mycena epipterygia
6e4b7b5527cf8ad8a43cbf58d506f47041a50109,Mycena,cf,6,epipterygia,Mycena epipterygia
70fc24d019cdfe7101ba88527c6e5c824bd501fb,Mycena,cf,6,epipterygia,Mycena epipterygia
716deb453ab216e095e543287d6e8f2977f2fe9d,Mycena,cf,6,epipterygia,Mycena epipterygia
71b1a9ce4b634d905f0b88f6a2d2c3b02f507e18,Mycena,cf,6,epipterygia,Mycena epipterygia
71b1a9ce4b634d905f0b88f6a2d2c3b02f507e18,Mycena,cf,6,epipterygia,Mycena epipterygia
71b1a9ce4b634d905f0b88f6a2d2c3b02f507e18,Mycena,cf,6,epipterygia,Mycena epipterygia
71b1a9ce4b634d905f0b88f6a2d2c3b02f507e18,Mycena,cf,6,epipterygia,Mycena epipterygia
71b1a9ce4b634d905f0b88f6a2d2c3b02f507e18,Mycena,cf,6,epipterygia,Mycena epipterygia
71b1a9ce4b634d905f0b88f6a2d2c3b02f507e18,Mycena,cf,6,epipterygia,Mycena epipterygia
71b1a9ce4b634d905f0b88f6a2d2c3b02f507e18,Mycena,cf,6,epipterygia,Mycena epipterygia
71b1a9ce4b634d905f0b88f6a2d2c3b02f507e18,Mycena,cf,6,epipterygia,Mycena epipterygia
71b1a9ce4b634d905f0b88f6a2d2c3b02f507e18,Mycena,cf,6,epipterygia,Mycena epipterygia
71b1a9ce4b634d905f0b88f6a2d2c3b02f507e18,Mycena,cf,6,epipterygia,Mycena epipterygia
71b1a9ce4b634d905f0b88f6a2d2c3b02f507e18,Mycena,cf,6,epipterygia,Mycena epipterygia
72f48ee762e674583357ee5e93eb7a46816cbb56,Mycena,cf,6,epipterygia,Mycena epipterygia
73c3b3221a58df05a466351c017a12f0e12e0c7d,Mycena,cf,6,epipterygia,Mycena epipterygia
7e6fe02cff0e5ea26d7a184a0ca8e0661b14e5fb,Mycena,cf,6,epipterygia,Mycena epipterygia
88021e4e101df045d539aac6f4a940713dcae5f0,Mycena,cf,6,epipterygia,Mycena epipterygia
88021e4e101df045d539aac6f4a940713dcae5f0,Mycena,cf,6,epipterygia,Mycena epipterygia
88021e4e101df045d539aac6f4a940713dcae5f0,Mycena,cf,6,epipterygia,Mycena epipterygia
88021e4e101df045d539aac6f4a940713dcae5f0,Mycena,cf,6,epipterygia,Mycena epipterygia
88021e4e101df045d539aac6f4a940713dcae5f0,Mycena,cf,6,epipterygia,Mycena epipterygia
88021e4e101df045d539aac6f4a940713dcae5f0,Mycena,cf,6,epipterygia,Mycena epipterygia
88021e4e101df045d539aac6f4a940713dcae5f0,Mycena,cf,6,epipterygia,Mycena epipterygia
88021e4e101df045d539aac6f4a940713dcae5f0,Mycena,cf,6,epipterygia,Mycena epipterygia
88021e4e101df045d539aac6f4a940713dcae5f0,Mycena,cf,6,epipterygia,Mycena epipterygia
88021e4e101df045d539aac6f4a940713dcae5f0,Mycena,cf,6,epipterygia,Mycena epipterygia
88021e4e101df045d539aac6f4a940713dcae5f0,Mycena,cf,6,epipterygia,Mycena epipterygia
88021e4e101df045d539aac6f4a940713dcae5f0,Mycena,cf,6,epipterygia,Mycena epipterygia
88021e4e101df045d539aac6f4a940713dcae5f0,Mycena,cf,6,epipterygia,Mycena epipterygia
88021e4e101df045d539aac6f4a940713dcae5f0,Mycena,cf,6,epipterygia,Mycena epipterygia
88021e4e101df045d539aac6f4a940713dcae5f0,Mycena,cf,6,epipterygia,Mycena epipterygia
88021e4e101df045d539aac6f4a940713dcae5f0,Mycena,cf,6,epipterygia,Mycena epipterygia
88021e4e101df045d539aac6f4a940713dcae5f0,Mycena,cf,6,epipterygia,Mycena epipterygia
88021e4e101df045d539aac6f4a940713dcae5f0,Mycena,cf,6,epipterygia,Mycena epipterygia
88021e4e101df045d539aac6f4a940713dcae5f0,Mycena,cf,6,epipterygia,Mycena epipterygia
88021e4e101df045d539aac6f4a940713dcae5f0,Mycena,cf,6,epipterygia,Mycena epipterygia
88021e4e101df045d539aac6f4a940713dcae5f0,Mycena,cf,6,epipterygia,Mycena epipterygia
88021e4e101df045d539aac6f4a940713dcae5f0,Mycena,cf,6,epipterygia,Mycena epipterygia
88021e4e101df045d539aac6f4a940713dcae5f0,Mycena,cf,6,epipterygia,Mycena epipterygia
902f32e19ef5161d6f4557f2e49cd45ae907a0f1,Mycena,cf,6,epipterygia,Mycena epipterygia
9bf03848ce9fd951ccb904c665188a045d7ee835,Mycena,cf,6,epipterygia,Mycena epipterygia
a7880b2f53a0b250340ed70d93f016131c24c71d,Mycena,cf,6,epipterygia,Mycena epipterygia
a81751c8af14d0c2ca5bdb8434d3b3bce48dd4b6,Mycena,cf,6,epipterygia,Mycena epipterygia
aeca804fd957cb6dcc2eb0478e1ebc592d5f2cbe,Mycena,cf,6,epipterygia,Mycena epipterygia
b36a67788936ae27ff0116daf0a33a2befb7eb78,Mycena,cf,6,epipterygia,Mycena epipterygia
b4634c42e4d197b61395799a58d2ccf2e912cc3b,Mycena,cf,6,epipterygia,Mycena epipterygia
c24ece9ea51eb8dc50c48324a32a285138b81cfb,Mycena,cf,6,epipterygia,Mycena epipterygia
cc0d5048fc4f1a9139d28fbf92ea5e9b9388f520,Mycena,cf,6,epipterygia,Mycena epipterygia
ce3f2dd6ccb8d3722a11b3218527436def5a562e,Mycena,cf,6,epipterygia,Mycena epipterygia
d4ca24abfb81964ef411a763541d00bc2c026ff9,Mycena,cf,6,epipterygia,Mycena epipterygia
d9a17b39a21f36634a81297768ee622a6594c9a2,Mycena,cf,6,epipterygia,Mycena epipterygia
e17dd735e4303329180111c8e151581bad44ee20,Mycena,cf,6,epipterygia,Mycena epipterygia
e51901b60a2abc48e7eac9e10aa981a3cf8b4ef5,Mycena,cf,6,epipterygia,Mycena epipterygia
ef25d634e6f1bdbb215a8fccf64c36a488fe95dd,Mycena,cf,6,epipterygia,Mycena epipterygia
03c9a7324d5c88a1870c3160d99f6ddc6139f1e4,Mycena,aff,,epipterygia,Mycena epipterygia
4c7c0c7ee0d1e82d66fd9b44a3bf080d50492b52,Mycena,cf,,epipterygia,Mycena epipterygia
3844870bb080ab4bfed3e1fc581894bae0ac10e7,Mycena,,,exilis,Mycena exilis
5f4471e5cdaf9adaa0e01c888bf17c99062895ca,Mycena,,,exilis,Mycena exilis
5f4471e5cdaf9adaa0e01c888bf17c99062895ca,Mycena,,,exilis,Mycena exilis
65fbe9a4c3a91dc30b677e37c5173ef4fb4ae88f,Mycena,,,exilis,Mycena exilis
65fbe9a4c3a91dc30b677e37c5173ef4fb4ae88f,Mycena,,,exilis,Mycena exilis
65fbe9a4c3a91dc30b677e37c5173ef4fb4ae88f,Mycena,,,exilis,Mycena exilis
b9404de757e344bcc7df7435d103337b7bf4125f,Mycena,,,exilis,Mycena exilis
e918f25be34d355da112cc656c9e9048b7bb9f73,Mycena,,,exilis,Mycena exilis
576bb941a0a80ab33ce42b3208102e99478453c1,Mycena,cf,,filopes,Mycena filopes
5f3b50c2ad4ed65ad0e2a3d5fc054d9404367ad8,Mycena,cf,,filopes,Mycena filopes
018243eee1a8c1fa251d843935ca2535eec4c4ab,Mycena,,,galericulata,Mycena galericulata
018243eee1a8c1fa251d843935ca2535eec4c4ab,Mycena,,,galericulata,Mycena galericulata
30754dfdb953a6d6ede8ef06d44f0c9cf68982a1,Mycena,,,galericulata,Mycena galericulata
690e0bf4dfee92bd4bed80adb532f76c57c2efa7,Mycena,,,galericulata,Mycena galericulata
71adbc6319cca84635021646dc713d10ca24c486,Mycena,,,galericulata,Mycena galericulata
87cf58d071d7a1ddb2f599a4329f86385bc5f76c,Mycena,,,galericulata,Mycena galericulata
87cf58d071d7a1ddb2f599a4329f86385bc5f76c,Mycena,,,galericulata,Mycena galericulata
87cf58d071d7a1ddb2f599a4329f86385bc5f76c,Mycena,,,galericulata,Mycena galericulata
8a7053173b3d21380bec2f25ed0b1c024b27c55c,Mycena,,,galericulata,Mycena galericulata
8e4dca48033fd7abbfa15c57e271ef9b0d3fbd52,Mycena,,,galericulata,Mycena galericulata
e89f009a8c65ec17c6c929decca578af859b909e,Mycena,,,galericulata,Mycena galericulata
e89f009a8c65ec17c6c929decca578af859b909e,Mycena,,,galericulata,Mycena galericulata
e89f009a8c65ec17c6c929decca578af859b909e,Mycena,,,galericulata,Mycena galericulata
e8eb06223775ae07351ab3e583c37620c30f570d,Mycena,,,galericulata,Mycena galericulata
e8eb06223775ae07351ab3e583c37620c30f570d,Mycena,,,galericulata,Mycena galericulata
e8eb06223775ae07351ab3e583c37620c30f570d,Mycena,,,galericulata,Mycena galericulata
0769d93d7ee284c89fb43908508719003c62397f,Mycena,,,galopus,Mycena galopus
089f77be7fb8e7db3e63e0df3c7f1880bfa3c56e,Mycena,,,galopus,Mycena galopus
09fb094503e2f1dbadc90e944065a2125d1d6963,Mycena,,,galopus,Mycena galopus
0a709bc2e2e8cbf429fd5a7c540bd738460cae96,Mycena,,,galopus,Mycena galopus
0a709bc2e2e8cbf429fd5a7c540bd738460cae96,Mycena,,,galopus,Mycena galopus
132d12202adaee16fc5d17225bfedd1153bf535e,Mycena,,,galopus,Mycena galopus
1362aa517733a508b8280a90d5fa24ca5b1e1846,Mycena,,,galopus,Mycena galopus
15d0ca18ff0041c4ba3f3ce1543e66219d2735ed,Mycena,,,galopus,Mycena galopus
16d8d4682ff44aa231d4c0dfd7d14f52b30b1ada,Mycena,,,galopus,Mycena galopus
1c1bbdb9b362b5366614ba327ca25da140d36ed5,Mycena,,,galopus,Mycena galopus
2281aa02f0a157a4d1213f4596fc5e4ab38f6e16,Mycena,,,galopus,Mycena galopus
24ce0c2909e6667533e46fe26d5bc0ef2d720f14,Mycena,,,galopus,Mycena galopus
24ce0c2909e6667533e46fe26d5bc0ef2d720f14,Mycena,,,galopus,Mycena galopus
24ce0c2909e6667533e46fe26d5bc0ef2d720f14,Mycena,,,galopus,Mycena galopus
24ce0c2909e6667533e46fe26d5bc0ef2d720f14,Mycena,,,galopus,Mycena galopus
24ce0c2909e6667533e46fe26d5bc0ef2d720f14,Mycena,,,galopus,Mycena galopus
24ce0c2909e6667533e46fe26d5bc0ef2d720f14,Mycena,,,galopus,Mycena galopus
24ce0c2909e6667533e46fe26d5bc0ef2d720f14,Mycena,,,galopus,Mycena galopus
24ce0c2909e6667533e46fe26d5bc0ef2d720f14,Mycena,,,galopus,Mycena galopus
24ce0c2909e6667533e46fe26d5bc0ef2d720f14,Mycena,,,galopus,Mycena galopus
24ce0c2909e6667533e46fe26d5bc0ef2d720f14,Mycena,,,galopus,Mycena galopus
24ce0c2909e6667533e46fe26d5bc0ef2d720f14,Mycena,,,galopus,Mycena galopus
2503911f93f7057c51fef28aa49ede92eafc0ed2,Mycena,aff,,galopus,Mycena galopus
292795f5b44c7fd225de098b2bf6b19937aa254d,Mycena,,,galopus,Mycena galopus
2979a8669a85c5cecc82b353b1d1d2853c87b390,Mycena,,,galopus,Mycena galopus
2d57ce8860a59bcd98418b26f53e4b6066442c9d,Mycena,,,galopus,Mycena galopus
40502a52e75afe58e39cd72e8055aa45c42a274f,Mycena,,,galopus,Mycena galopus
4546573ee461423afe62010e97d0bf3fa7e16611,Mycena,,,galopus,Mycena galopus
493ade2044fa06f023c59cbbe271b7f054eae1cf,Mycena,,,galopus,Mycena galopus
4d677dc4c8f05cc370503ca8c6e5dbafac883ddf,Mycena,,,galopus,Mycena galopus
4fdc78491f6f6324266a71c6381c8b95a28d27be,Mycena,,,galopus,Mycena galopus
62e24029091db1594b827643178bee0cd7c61dbf,Mycena,aff,,galopus,Mycena galopus
76523855ac8e4c77caffb05a0f557634f49ee86f,Mycena,,,galopus,Mycena galopus
9c6e97f58c4ae68b67584d99321da30e06083846,Mycena,,,galopus,Mycena galopus
a9ba540f0d84196c96914ab2b5e828615a065484,Mycena,,,galopus,Mycena galopus
b90e8195ff7187e406fc2c208ca9ab0bfb446768,Mycena,,,galopus,Mycena galopus
bf1dc577a400eafbbf92457b42b106a1269139fc,Mycena,,,galopus,Mycena galopus
cfb83c491f81a0e3972334121aeae4ab0905817e,Mycena,,,galopus,Mycena galopus
cfb83c491f81a0e3972334121aeae4ab0905817e,Mycena,,,galopus,Mycena galopus
cfb83c491f81a0e3972334121aeae4ab0905817e,Mycena,,,galopus,Mycena galopus
cfb83c491f81a0e3972334121aeae4ab0905817e,Mycena,,,galopus,Mycena galopus
cfb83c491f81a0e3972334121aeae4ab0905817e,Mycena,,,galopus,Mycena galopus
cfb83c491f81a0e3972334121aeae4ab0905817e,Mycena,,,galopus,Mycena galopus
cfb83c491f81a0e3972334121aeae4ab0905817e,Mycena,,,galopus,Mycena galopus
d38d7762c95528ea5fe8ff69d3699c07e05e95eb,Mycena,,,galopus,Mycena galopus
ef1311b428389379b83889e9eb1e80675643992e,Mycena,,,galopus,Mycena galopus
f0fe12f25cec6380422a7a7a1eefbd0d5e98b7af,Mycena,,,galopus,Mycena galopus
fa3440ea99631aa008e8be7cef57b27e837f260d,Mycena,,,galopus,Mycena galopus
fe523fef4f946a95a20e02a1ca5ad58528d9bf56,Mycena,,,galopus,Mycena galopus
0705575556271f81b5c1f7f5977eedafa6fb36bc,Mycena,,,guldeniana,Mycena guldeniana
0aeb563fed4abecca2900c9d40566ccd2e21c87d,Mycena,,,guldeniana,Mycena guldeniana
0cc53b3b5c5c0aeeca2ffbbbd2bab2e1ec9018c2,Mycena,,,guldeniana,Mycena guldeniana
1020169ffa54dd7a1789b84e4c4ce175e92917d4,Mycena,,,guldeniana,Mycena guldeniana
113a8e96c30005f59052946098133e37d292898f,Mycena,,,guldeniana,Mycena guldeniana
15de10cfdb9afbce63c1cf21b826abe2bd579908,Mycena,,,guldeniana,Mycena guldeniana
18c8f4c252f0fa8f1bccbdcc24d951c35211d750,Mycena,,,guldeniana,Mycena guldeniana
1a44b928ab13133ffe39414c02695e7371152baa,Mycena,,,guldeniana,Mycena guldeniana
20e7aa38eda5bc65f15b6227a5a3ccc87667e7c3,Mycena,,,guldeniana,Mycena guldeniana
263cd87d348eacb8b8b3c17c165e8e0e0a71179e,Mycena,,,guldeniana,Mycena guldeniana
2a3c092f595ba07dcc983b261373e2511d3c3c32,Mycena,,,guldeniana,Mycena guldeniana
2cd23e62d492518f4b4dbf9d1944ebb65f0fde9d,Mycena,,,guldeniana,Mycena guldeniana
3572ddc8a6f7a141603cc67bfc8b18525488368e,Mycena,,,guldeniana,Mycena guldeniana
3736950907de0f18fc51e69495276926202a3716,Mycena,,,guldeniana,Mycena guldeniana
47977d1fbcaf8cfa484001fec6e4c78ea41d4abf,Mycena,,,guldeniana,Mycena guldeniana
49ce2fe750a3b0bd7110d7fb9eaf5a6a62c8d020,Mycena,,,guldeniana,Mycena guldeniana
51f777a5a8f24c8d417559b1590e12584dbc038e,Mycena,,,guldeniana,Mycena guldeniana
56b998a7854beb6afc4be59db50f0558115f8cb6,Mycena,,,guldeniana,Mycena guldeniana
69510c75d01b3ffe902b31fe3bc14e8cc7344195,Mycena,,,guldeniana,Mycena guldeniana
91aa9a1ad2e4340259795d14a9502e54d6a113a2,Mycena,,,guldeniana,Mycena guldeniana
91aa9a1ad2e4340259795d14a9502e54d6a113a2,Mycena,,,guldeniana,Mycena guldeniana
91aa9a1ad2e4340259795d14a9502e54d6a113a2,Mycena,,,guldeniana,Mycena guldeniana
91aa9a1ad2e4340259795d14a9502e54d6a113a2,Mycena,,,guldeniana,Mycena guldeniana
91aa9a1ad2e4340259795d14a9502e54d6a113a2,Mycena,,,guldeniana,Mycena guldeniana
91aa9a1ad2e4340259795d14a9502e54d6a113a2,Mycena,,,guldeniana,Mycena guldeniana
91aa9a1ad2e4340259795d14a9502e54d6a113a2,Mycena,,,guldeniana,Mycena guldeniana
91aa9a1ad2e4340259795d14a9502e54d6a113a2,Mycena,,,guldeniana,Mycena guldeniana
91aa9a1ad2e4340259795d14a9502e54d6a113a2,Mycena,,,guldeniana,Mycena guldeniana
91aa9a1ad2e4340259795d14a9502e54d6a113a2,Mycena,,,guldeniana,Mycena guldeniana
91aa9a1ad2e4340259795d14a9502e54d6a113a2,Mycena,,,guldeniana,Mycena guldeniana
9a528e32fa418b20e2bed42a2869f3e57d8ea1e1,Mycena,,,guldeniana,Mycena guldeniana
a0c81d0ca54fb61e1531c2206978de31fe37449d,Mycena,,,guldeniana,Mycena guldeniana
a32318956efc978bc6f5f6904520e4d7dad46c81,Mycena,,,guldeniana,Mycena guldeniana
a7fe539755a5014dcf03ee715f040412faa80069,Mycena,,,guldeniana,Mycena guldeniana
bb524bdf50815df3cb3bf4beee7a317ae2f068c8,Mycena,,,guldeniana,Mycena guldeniana
bfbe9fbe8bebb7c9807654216bf88bc5d0846f3d,Mycena,,,guldeniana,Mycena guldeniana
c2fa12c505c2ea34ee137744fa818085722762a2,Mycena,,,guldeniana,Mycena guldeniana
cac90856c6426c8303ef344175c140af23c7b9d0,Mycena,,,guldeniana,Mycena guldeniana
dc7a6b1c78ff7883155cc39ed4cc701c6a0f13f7,Mycena,,,guldeniana,Mycena guldeniana
ec0a75491df9f2a757d30046d30a00b496595aae,Mycena,,,guldeniana,Mycena guldeniana
ec0a75491df9f2a757d30046d30a00b496595aae,Mycena,,,guldeniana,Mycena guldeniana
ec0a75491df9f2a757d30046d30a00b496595aae,Mycena,,,guldeniana,Mycena guldeniana
ec0a75491df9f2a757d30046d30a00b496595aae,Mycena,,,guldeniana,Mycena guldeniana
ec0a75491df9f2a757d30046d30a00b496595aae,Mycena,,,guldeniana,Mycena guldeniana
ec0a75491df9f2a757d30046d30a00b496595aae,Mycena,,,guldeniana,Mycena guldeniana
3f6cce8fc7f586062c79194b1243bfb175050b9f,Mycena,cf,,laevigata,Mycena laevigata
3ab68b360b2b8a9541665276ab94fee7592c5e1b,Mycena,,,latifolia,Mycena latifolia
2dff4e75dcb091ef69a889286c3ab8e4370354ce,Mycena,aff,2,leptocephala,Mycena leptocephala
4420523e0f66ebe4bcfc9038e46fb7519985e8f5,Mycena,aff,2,leptocephala,Mycena leptocephala
5b9dfb8204058b687cb054443a23118fef4cf748,Mycena,aff,2,leptocephala,Mycena leptocephala
85750ff191af241fc48f4545aefd7a9cb55f52bf,Mycena,aff,2,leptocephala,Mycena leptocephala
a317123acaf1b5aebdcefc4bfab6d95bdb9c8bff,Mycena,aff,2,leptocephala,Mycena leptocephala
bdece34b77d741ce8720e463921158db3032b5e0,Mycena,aff,2,leptocephala,Mycena leptocephala
018dbafcfac8e5f2d5feeae511a50c71689dada0,Mycena,cf,,leptocephala,Mycena leptocephala
020372691b2a3688b5b3a6172980774427396f75,Mycena,,,leptocephala,Mycena leptocephala
0366d9be4c3098b04e04b336c6e68bdd7b4045b7,Mycena,,,leptocephala,Mycena leptocephala
040c2f6b019118adb2f628eb00cbc1ee6e8ad2b7,Mycena,,,leptocephala,Mycena leptocephala
04a2bf0e7d2d15c3f1f4193fe153dd173bb648b5,Mycena,,,leptocephala,Mycena leptocephala
057fc89da06f493999d6227e15627b0aed60ee83,Mycena,,,leptocephala,Mycena leptocephala
06009a34a1c06320cdb4dbf7dc047ad6582f1042,Mycena,cf,,leptocephala,Mycena leptocephala
09c8121921f6afd73d710eb3f068d50dad270fef,Mycena,cf,,leptocephala,Mycena leptocephala
09dd0a5aff9d63094fdec34644792e32a8df5294,Mycena,,,leptocephala,Mycena leptocephala
0af73731603df9999073c57c976af5ae96d1557b,Mycena,,,leptocephala,Mycena leptocephala
0c38fdb1ef4a3c33d2ad7883f4f0ff05fe8512cb,Mycena,,,leptocephala,Mycena leptocephala
0ce5e96bb7b11f78940d99aa0642fd3ff81839fa,Mycena,,,leptocephala,Mycena leptocephala
0e1a826a68aa1f16be2a33b6429b2178e308305f,Mycena,cf,,leptocephala,Mycena leptocephala
0ebe3e07d2579d121e12dc3ef72cc4013f7d6d50,Mycena,,,leptocephala,Mycena leptocephala
0ee1eb125cf7a6dc90171683376233af35943dfa,Mycena,cf,,leptocephala,Mycena leptocephala
0f0f515360ae4279bf44450d4f48c3ff3dd53387,Mycena,,,leptocephala,Mycena leptocephala
11d959681ded7ef47771b32f4643c08eed568314,Mycena,,,leptocephala,Mycena leptocephala
11ec3f5cbf62ce2d9a624ec8e0cbcc1f0db9981c,Mycena,,,leptocephala,Mycena leptocephala
12399a1fc4c6d10392df959cd35beb6b241d0b3e,Mycena,,,leptocephala,Mycena leptocephala
13a0e4aec45a7e724e0a955bc02b4c6496f15184,Mycena,cf,,leptocephala,Mycena leptocephala
13ae6a959394e791307bc7771c8193b8bbc8aee4,Mycena,,,leptocephala,Mycena leptocephala
1875339e282029f78b66fadc99215c5d03bd0d17,Mycena,cf,,leptocephala,Mycena leptocephala
1875339e282029f78b66fadc99215c5d03bd0d17,Mycena,cf,,leptocephala,Mycena leptocephala
18924cc8b9fb6fb2d268e13dbc7abd2a028d053e,Mycena,cf,,leptocephala,Mycena leptocephala
198b60b576b1a9190a0e3996ff59957fad5f382c,Mycena,,,leptocephala,Mycena leptocephala
1c0d28d0c409c83c855fbcdf20e1739d938e89ca,Mycena,cf,,leptocephala,Mycena leptocephala
1df8d63668a7c05b1f9426b579c73b224b8ad3bf,Mycena,,,leptocephala,Mycena leptocephala
1e5c972c3bb7af95b20163b952e5736425ab4a4a,Mycena,,,leptocephala,Mycena leptocephala
2001478f6ed29749c5e9554a8bb19f856fef752a,Mycena,,,leptocephala,Mycena leptocephala
2059005a935d8b3d9e0033d34f0c37d0f5222e44,Mycena,,,leptocephala,Mycena leptocephala
24d9335dd62be4168a71bcdfb634dae5987b39a1,Mycena,,,leptocephala,Mycena leptocephala
25c677a7536cc65728629e16af86ffdeb4d29e0e,Mycena,cf,,leptocephala,Mycena leptocephala
279b7fb80c31c7540b65249808522ac0278f5d3a,Mycena,cf,,leptocephala,Mycena leptocephala
2a4ae477dd42ae084706bf35b65a9aec5ae664c2,Mycena,,,leptocephala,Mycena leptocephala
2b7d091eee2f5e706df892e6078e22733ce174d9,Mycena,,,leptocephala,Mycena leptocephala
2bcaf5cf25f977590b90639d582e1c245b956ca7,Mycena,cf,,leptocephala,Mycena leptocephala
2d4fe0f46c973378b9f71946aab2720dfd5617cf,Mycena,,,leptocephala,Mycena leptocephala
2fa1464958ec76251620b2af7d2b796f64ee778d,Mycena,cf,,leptocephala,Mycena leptocephala
30bcd7a42c210e09b7315b235c3234ce164d144c,Mycena,,,leptocephala,Mycena leptocephala
325bac1ebf7a5a45a9fdf0c6740516beae2e2655,Mycena,,,leptocephala,Mycena leptocephala
3300a5e309af772097a809fc9e20d969d0e6f085,Mycena,,,leptocephala,Mycena leptocephala
3353c23d0d41edbad1a3e717e8ad2941d4724430,Mycena,,,leptocephala,Mycena leptocephala
343251d2ce183d56ce13021fe5c0611832eb6742,Mycena,cf,,leptocephala,Mycena leptocephala
34cd9fd5fd95835aed6e4b41623946d86fcaca2d,Mycena,cf,,leptocephala,Mycena leptocephala
35bb1b3dc392a22b19d067952e0d1d2da7e9ea54,Mycena,cf,,leptocephala,Mycena leptocephala
3750602630feb5ef7797fdaea091e4c86d74671c,Mycena,,,leptocephala,Mycena leptocephala
379a75717dee64eda1f0a8a73c6981c87e750c2c,Mycena,,,leptocephala,Mycena leptocephala
3948d0ea07875aa3665db8c321225f75af02480c,Mycena,,,leptocephala,Mycena leptocephala
395b4a689a0011bac10f6ae0aa35450b53cc1dd8,Mycena,,,leptocephala,Mycena leptocephala
3a5cbc908b6f7c9c7f7bc215254e2a7cddce45fd,Mycena,,,leptocephala,Mycena leptocephala
3c8aee1f62f8b112db3e90883f0573be45247463,Mycena,cf,,leptocephala,Mycena leptocephala
3f059c604c13c9153b630b89b0ff3a9f7970db7d,Mycena,cf,,leptocephala,Mycena leptocephala
40537320af4ab438905a96751a45d930eaba20de,Mycena,cf,,leptocephala,Mycena leptocephala
43fdfa387c686c2a742f00158e421c0aa86f8156,Mycena,,,leptocephala,Mycena leptocephala
4416806f327ef06b955d4b5475d733ce448870b0,Mycena,cf,,leptocephala,Mycena leptocephala
462545afd975ce998853a1eb8697e05b8f1b2a5f,Mycena,cf,,leptocephala,Mycena leptocephala
46fc7f19ab11b65abccf2fd41ebf8fe9b4346f89,Mycena,,,leptocephala,Mycena leptocephala
493c1144a0c1bcbe4fbb3359780048bd0765d07d,Mycena,cf,,leptocephala,Mycena leptocephala
4aa636c4323743e93a3b8bfea64cf0d2e29b707f,Mycena,,,leptocephala,Mycena leptocephala
4af97e42e2432b9ecf274b9c7195d7b42f5fe678,Mycena,,,leptocephala,Mycena leptocephala
5632b3a88dc140ee9073b97353914c08a9cd9f92,Mycena,,,leptocephala,Mycena leptocephala
57d99f76f3156c22aee888a8e6fdf9de14e10dc2,Mycena,cf,,leptocephala,Mycena leptocephala
5d5d7c1c5995f7d91e36a9add8842b3467999502,Mycena,cf,,leptocephala,Mycena leptocephala
5d5d9505a5a3268d93d5248902f371a0959a141d,Mycena,,,leptocephala,Mycena leptocephala
60db2bb78c3a6c48785ed9ade63973d10b5da3fc,Mycena,,,leptocephala,Mycena leptocephala
60eec0271a720ebadd24ab78ce9e136bf91e8c80,Mycena,,,leptocephala,Mycena leptocephala
61a035316a1a6abd7d81210a4e5fd3847efcf8a2,Mycena,,,leptocephala,Mycena leptocephala
6ba41f66ccac1cd638c0514394702a7c5614ba51,Mycena,cf,,leptocephala,Mycena leptocephala
6c7b1a143555d86cf13c6e8b2a7a59f2d505c770,Mycena,,,leptocephala,Mycena leptocephala
6c80afa4aff36535b263ea62ae7fcec2c455ae58,Mycena,,,leptocephala,Mycena leptocephala
6cf746da58fa7534b02764e1cbc69e8604197395,Mycena,,,leptocephala,Mycena leptocephala
6d986debb686d9a51084ea8b60963d6d902444bb,Mycena,,,leptocephala,Mycena leptocephala
72b3b2a32552148543fb8d6f44ee7b76b8a33301,Mycena,,,leptocephala,Mycena leptocephala
735fbdbff072b68f85b1cba2831873152d9d1d28,Mycena,cf,,leptocephala,Mycena leptocephala
735fbdbff072b68f85b1cba2831873152d9d1d28,Mycena,cf,,leptocephala,Mycena leptocephala
735fbdbff072b68f85b1cba2831873152d9d1d28,Mycena,cf,,leptocephala,Mycena leptocephala
735fbdbff072b68f85b1cba2831873152d9d1d28,Mycena,cf,,leptocephala,Mycena leptocephala
735fbdbff072b68f85b1cba2831873152d9d1d28,Mycena,cf,,leptocephala,Mycena leptocephala
735fbdbff072b68f85b1cba2831873152d9d1d28,Mycena,cf,,leptocephala,Mycena leptocephala
735fbdbff072b68f85b1cba2831873152d9d1d28,Mycena,cf,,leptocephala,Mycena leptocephala
735fbdbff072b68f85b1cba2831873152d9d1d28,Mycena,cf,,leptocephala,Mycena leptocephala
73a1738beb1b613385d496339409faeada8e50bd,Mycena,,,leptocephala,Mycena leptocephala
7781e369e0199b7702d029bf5ff0bf113fbbc0cd,Mycena,aff,,leptocephala,Mycena leptocephala
779ee60ad81ab1d27782796549d6399ae53f5264,Mycena,,,leptocephala,Mycena leptocephala
7a11fd0c13ea77ac4b3747cbf1f3f051cfdd9272,Mycena,,,leptocephala,Mycena leptocephala
7a302f4c8571cb36a28b098ecfb73a7199a17e04,Mycena,,,leptocephala,Mycena leptocephala
7ad9a8dc79b43f10ba03728a11dc3d110676eafa,Mycena,,,leptocephala,Mycena leptocephala
7b00aa62ccce4c0bc307f8ec5f320cc725e50206,Mycena,,,leptocephala,Mycena leptocephala
7d89a84d288789daf8f3597784c4fe9178b992f7,Mycena,,,leptocephala,Mycena leptocephala
7dc3d303d8b2795b83148978b9ab789d6e585e1d,Mycena,cf,,leptocephala,Mycena leptocephala
8019f0bb648a7822263b3bf0c1210177c14e1c32,Mycena,aff,,leptocephala,Mycena leptocephala
81b902573e559e43e22422094d1b42c4dfba9648,Mycena,cf,,leptocephala,Mycena leptocephala
85374c932acdedbd7af1295967fe00a7ce1af8aa,Mycena,cf,,leptocephala,Mycena leptocephala
856ebf59767e3448ba60a98db820e048830a2bb0,Mycena,,,leptocephala,Mycena leptocephala
878e61ca473cad77994dbee1a7b447e93679b1a9,Mycena,,,leptocephala,Mycena leptocephala
88669c914cb5e9a2482aaeed3db39dfd9957cf5b,Mycena,,,leptocephala,Mycena leptocephala
904ec2f9923914a4a2ac1700d8a076c5c0e5f275,Mycena,cf,,leptocephala,Mycena leptocephala
907c11bedf09d319adfd46279a5fbef3fba0bc64,Mycena,,,leptocephala,Mycena leptocephala
93221a36723259c75f7e326c24a9ac710f84b708,Mycena,cf,,leptocephala,Mycena leptocephala
93d6497fe7be597ff1b7f5d57245c8c6bc3fd5eb,Mycena,,,leptocephala,Mycena leptocephala
94fb51c2934ab7451a1ef5c25b57240bc3e38bfb,Mycena,cf,,leptocephala,Mycena leptocephala
95c1933e392a1beaa865cb218c1e351c4ce74369,Mycena,cf,,leptocephala,Mycena leptocephala
95dcd151e0adfda2058802b2db8c328a6cff0fbb,Mycena,cf,,leptocephala,Mycena leptocephala
95dcd151e0adfda2058802b2db8c328a6cff0fbb,Mycena,cf,,leptocephala,Mycena leptocephala
95dcd151e0adfda2058802b2db8c328a6cff0fbb,Mycena,cf,,leptocephala,Mycena leptocephala
95dcd151e0adfda2058802b2db8c328a6cff0fbb,Mycena,cf,,leptocephala,Mycena leptocephala
95dcd151e0adfda2058802b2db8c328a6cff0fbb,Mycena,cf,,leptocephala,Mycena leptocephala
95dcd151e0adfda2058802b2db8c328a6cff0fbb,Mycena,cf,,leptocephala,Mycena leptocephala
95dcd151e0adfda2058802b2db8c328a6cff0fbb,Mycena,cf,,leptocephala,Mycena leptocephala
95dcd151e0adfda2058802b2db8c328a6cff0fbb,Mycena,cf,,leptocephala,Mycena leptocephala
95dcd151e0adfda2058802b2db8c328a6cff0fbb,Mycena,cf,,leptocephala,Mycena leptocephala
9676c0c0e77074c79804d287075144ed24ef26c3,Mycena,,,leptocephala,Mycena leptocephala
a56b193218c66cbc345405a919399ab0f215b881,Mycena,cf,,leptocephala,Mycena leptocephala
a6f6a1ee13f20e4464d0d4f41bd8d92840336c04,Mycena,,,leptocephala,Mycena leptocephala
a876a455fdb5812ae1c95c2c2488c8fea9ac0375,Mycena,aff,,leptocephala,Mycena leptocephala
ab6d78bc6a6c041123b2e903b749ea1cfb92f551,Mycena,cf,,leptocephala,Mycena leptocephala
b1a0c83bf49bff44436587fc2c13851e73d45eeb,Mycena,cf,,leptocephala,Mycena leptocephala
b3df4a4cca186e229eeb4e630703d05a9b7a81d8,Mycena,cf,,leptocephala,Mycena leptocephala
b5c050c6f51fa4b3d227087f1799a59845a92ab4,Mycena,,,leptocephala,Mycena leptocephala
b73c82db1efa50f6896694529a3ea9f3c182d66d,Mycena,cf,,leptocephala,Mycena leptocephala
bc6063fe6fa2aed7bf5307db99236a966e3d98d7,Mycena,cf,,leptocephala,Mycena leptocephala
bdc4ee2d5a698f2fd839d6e090316a530317fb9b,Mycena,cf,,leptocephala,Mycena leptocephala
c1906a335957a82436aa5711cac41e93a1b1678e,Mycena,,,leptocephala,Mycena leptocephala
c1e7419a284bcba900707100aec5840e42cd66bb,Mycena,,,leptocephala,Mycena leptocephala
c22a6933b77f78998dccb5e99928ce47ed64130f,Mycena,,,leptocephala,Mycena leptocephala
c534ecb6b339418cc4f2fd9c4d97a4d3e9d4c8be,Mycena,,,leptocephala,Mycena leptocephala
c534ecb6b339418cc4f2fd9c4d97a4d3e9d4c8be,Mycena,,,leptocephala,Mycena leptocephala
c577ab66c8ffcd4c7c952a24edf8b91f40be9c2b,Mycena,cf,,leptocephala,Mycena leptocephala
c9c84fb2bb0297505491c865397706ed165189cb,Mycena,,,leptocephala,Mycena leptocephala
d79611a6f4588b7c2232ccaf8586c615b8a037fb,Mycena,,,leptocephala,Mycena leptocephala
da1cc3222181fa8a208712145e52bedabf99feb2,Mycena,cf,,leptocephala,Mycena leptocephala
dbbab1dbe55c4c5ae3cf9e5f8e3e46682bc61f51,Mycena,cf,,leptocephala,Mycena leptocephala
df918dd16ea630c2a58d64e3af769189ba963d93,Mycena,,,leptocephala,Mycena leptocephala
e064415cbeb2a7bf2e37e57f0e141c91b547d64d,Mycena,cf,,leptocephala,Mycena leptocephala
e52632e939928e73d9e48818dec586ee679950ad,Mycena,,,leptocephala,Mycena leptocephala
e7fa41e3f176fb2439d3c8756579db8fd8c9cb9c,Mycena,cf,,leptocephala,Mycena leptocephala
eb1247edf3a823b180a53187c29fd8af994d5010,Mycena,cf,,leptocephala,Mycena leptocephala
ed226fdf4c37325c3ac4e9b16d41083d267e563a,Mycena,cf,,leptocephala,Mycena leptocephala
ef2cc6557336ad9b8fafe2b993513428e12f8f35,Mycena,cf,,leptocephala,Mycena leptocephala
efc4a879e16b7fda374bab651fb2c2497b0a59b7,Mycena,cf,,leptocephala,Mycena leptocephala
f0ee6405e8ca09018f04c1cd6142b5fb974a40cc,Mycena,,,leptocephala,Mycena leptocephala
f1beff26cfa95efb3d0a362b199d689b4c758eab,Mycena,,,leptocephala,Mycena leptocephala
f1c53c38e84585acb00ab33e1209ed993ea8e2a6,Mycena,,,leptocephala,Mycena leptocephala
f22124d23cab70418ca20ef625b15a3903a00191,Mycena,,,leptocephala,Mycena leptocephala
f4cb048e1fe577dd3f841336dc7e980d09f19469,Mycena,cf,,leptocephala,Mycena leptocephala
f7ae56320c3c76c1173c9819d851b0c8dd09c1d8,Mycena,,,leptocephala,Mycena leptocephala
fb779690b731d56cde596bd7877c4d387ac24bb6,Mycena,cf,,leptocephala,Mycena leptocephala
fbc0d1761d794c1eabdbdf81d3d4bb77ffe74eba,Mycena,,,leptocephala,Mycena leptocephala
feacce08ec0d53c25a9f1be36c40a729111d902c,Mycena,,,leptocephala,Mycena leptocephala
00ce68d4bace62f982ca2a1b8e01e1609c8dc59b,Mycena,cf,,metata,Mycena metata
0299f9c99a1285f57a17e84c79d1b250da2b19ef,Mycena,cf,,metata,Mycena metata
045c0d3391686b0300051ef647cec15bd754c183,Mycena,cf,,metata,Mycena metata
04d01354fbd607a2503c883fb70494db524a3ec1,Mycena,cf,,metata,Mycena metata
04f28ac0f894599a1dfad4571cee47127e61369c,Mycena,cf,,metata,Mycena metata
083859ccb78dbe91229be3ad1fff2ca36198920e,Mycena,cf,,metata,Mycena metata
083859ccb78dbe91229be3ad1fff2ca36198920e,Mycena,cf,,metata,Mycena metata
083859ccb78dbe91229be3ad1fff2ca36198920e,Mycena,cf,,metata,Mycena metata
083859ccb78dbe91229be3ad1fff2ca36198920e,Mycena,cf,,metata,Mycena metata
083859ccb78dbe91229be3ad1fff2ca36198920e,Mycena,cf,,metata,Mycena metata
083859ccb78dbe91229be3ad1fff2ca36198920e,Mycena,cf,,metata,Mycena metata
09a5d3dcc90c5fda24f3c06c85ed1ccc01aa30fb,Mycena,cf,,metata,Mycena metata
0a4bef0ccf9ff34bfa5c1ee12dd34abed7d36958,Mycena,cf,,metata,Mycena metata
0b1dd1b449cfbd616ddb2c4440c44990e1c15bf2,Mycena,cf,,metata,Mycena metata
0b1dd1b449cfbd616ddb2c4440c44990e1c15bf2,Mycena,cf,,metata,Mycena metata
10beabb408fa060fb1d97fb003a5c889de96bd98,Mycena,cf,,metata,Mycena metata
10beabb408fa060fb1d97fb003a5c889de96bd98,Mycena,cf,,metata,Mycena metata
13590d355ec3a275a021a4887cc6fe8ce122265f,Mycena,cf,,metata,Mycena metata
16a1050324ac9a12a404a4028f067e46ec21fc94,Mycena,cf,,metata,Mycena metata
185f48e4b668a646bf4e2bb3397e4db562aa52aa,Mycena,cf,,metata,Mycena metata
185f48e4b668a646bf4e2bb3397e4db562aa52aa,Mycena,cf,,metata,Mycena metata
185f48e4b668a646bf4e2bb3397e4db562aa52aa,Mycena,cf,,metata,Mycena metata
185f48e4b668a646bf4e2bb3397e4db562aa52aa,Mycena,cf,,metata,Mycena metata
188da3c769e93dcc6c4434c446b8c3f9fa169274,Mycena,cf,,metata,Mycena metata
19c01a7d55b98d836cac6ec6bac43818b50d37a8,Mycena,cf,,metata,Mycena metata
19c01a7d55b98d836cac6ec6bac43818b50d37a8,Mycena,cf,,metata,Mycena metata
19c01a7d55b98d836cac6ec6bac43818b50d37a8,Mycena,cf,,metata,Mycena metata
19c01a7d55b98d836cac6ec6bac43818b50d37a8,Mycena,cf,,metata,Mycena metata
19c01a7d55b98d836cac6ec6bac43818b50d37a8,Mycena,cf,,metata,Mycena metata
19c01a7d55b98d836cac6ec6bac43818b50d37a8,Mycena,cf,,metata,Mycena metata
1d612113b9f1c6c8cc732550173cfbb3c5de692e,Mycena,cf,,metata,Mycena metata
24a63e053172d991605c3824c3344a1913b92426,Mycena,cf,,metata,Mycena metata
2636200602c3f7970417069673323f97d3460465,Mycena,cf,,metata,Mycena metata
2973763ee3806e32ae411ce0c861db0649395a71,Mycena,cf,,metata,Mycena metata
332b097a8e5b3556b022615af7ed2f1fbc66370d,Mycena,cf,,metata,Mycena metata
3808d7624589ba2c35ac471c21490418af701626,Mycena,cf,,metata,Mycena metata
3c9a17d1d4cc38acd57172c4f770d2d0ace00815,Mycena,cf,,metata,Mycena metata
3c9a17d1d4cc38acd57172c4f770d2d0ace00815,Mycena,cf,,metata,Mycena metata
3c9a17d1d4cc38acd57172c4f770d2d0ace00815,Mycena,cf,,metata,Mycena metata
3c9a17d1d4cc38acd57172c4f770d2d0ace00815,Mycena,cf,,metata,Mycena metata
3c9a17d1d4cc38acd57172c4f770d2d0ace00815,Mycena,cf,,metata,Mycena metata
3c9a17d1d4cc38acd57172c4f770d2d0ace00815,Mycena,cf,,metata,Mycena metata
3c9a17d1d4cc38acd57172c4f770d2d0ace00815,Mycena,cf,,metata,Mycena metata
3c9a17d1d4cc38acd57172c4f770d2d0ace00815,Mycena,cf,,metata,Mycena metata
3c9a17d1d4cc38acd57172c4f770d2d0ace00815,Mycena,cf,,metata,Mycena metata
3c9a17d1d4cc38acd57172c4f770d2d0ace00815,Mycena,cf,,metata,Mycena metata
3c9a17d1d4cc38acd57172c4f770d2d0ace00815,Mycena,cf,,metata,Mycena metata
3c9a17d1d4cc38acd57172c4f770d2d0ace00815,Mycena,cf,,metata,Mycena metata
3c9a17d1d4cc38acd57172c4f770d2d0ace00815,Mycena,cf,,metata,Mycena metata
3c9a17d1d4cc38acd57172c4f770d2d0ace00815,Mycena,cf,,metata,Mycena metata
3c9a17d1d4cc38acd57172c4f770d2d0ace00815,Mycena,cf,,metata,Mycena metata
3c9a17d1d4cc38acd57172c4f770d2d0ace00815,Mycena,cf,,metata,Mycena metata
406409f243b8c8b5eb567234f77615f3d79ce4cd,Mycena,cf,,metata,Mycena metata
423f94bdbc920760971a867a50d7db9927c7314a,Mycena,cf,,metata,Mycena metata
4478ab55faeef3b014af625e5540e4c353470b7d,Mycena,cf,,metata,Mycena metata
44c0f417f139dde68ab8a56124d5b017beae5bdf,Mycena,cf,,metata,Mycena metata
47f1061d3af1522c05e40c9575ae6434cad1789c,Mycena,cf,,metata,Mycena metata
52a32a3abf42c456b0cb407cd3f574f128b8f618,Mycena,cf,,metata,Mycena metata
558bea8c77809b8078174c91030cc5d5d22fb77d,Mycena,cf,,metata,Mycena metata
5a580a67932e7ab91c59646930ac75b93cbcb000,Mycena,cf,,metata,Mycena metata
5a580a67932e7ab91c59646930ac75b93cbcb000,Mycena,cf,,metata,Mycena metata
5de332338df9a86f7e6a80b26d449a130fa23803,Mycena,cf,,metata,Mycena metata
5de332338df9a86f7e6a80b26d449a130fa23803,Mycena,cf,,metata,Mycena metata
5de332338df9a86f7e6a80b26d449a130fa23803,Mycena,cf,,metata,Mycena metata
5de332338df9a86f7e6a80b26d449a130fa23803,Mycena,cf,,metata,Mycena metata
5de332338df9a86f7e6a80b26d449a130fa23803,Mycena,cf,,metata,Mycena metata
5de332338df9a86f7e6a80b26d449a130fa23803,Mycena,cf,,metata,Mycena metata
6081e69f576830c9d3015efb0f9a49e8dcdae912,Mycena,cf,,metata,Mycena metata
6558ee1e10fd9284bacdb7914db4ce512f88e52e,Mycena,cf,,metata,Mycena metata
676f038af4e3b288df2b19a251bf44b393349a56,Mycena,cf,,metata,Mycena metata
67ee06649870a5619daf47b32934976bb7c222c3,Mycena,cf,,metata,Mycena metata
67ee06649870a5619daf47b32934976bb7c222c3,Mycena,cf,,metata,Mycena metata
67ee06649870a5619daf47b32934976bb7c222c3,Mycena,cf,,metata,Mycena metata
67ee06649870a5619daf47b32934976bb7c222c3,Mycena,cf,,metata,Mycena metata
67ee06649870a5619daf47b32934976bb7c222c3,Mycena,cf,,metata,Mycena metata
67ee06649870a5619daf47b32934976bb7c222c3,Mycena,cf,,metata,Mycena metata
67ee06649870a5619daf47b32934976bb7c222c3,Mycena,cf,,metata,Mycena metata
67ee06649870a5619daf47b32934976bb7c222c3,Mycena,cf,,metata,Mycena metata
67ee06649870a5619daf47b32934976bb7c222c3,Mycena,cf,,metata,Mycena metata
67ee06649870a5619daf47b32934976bb7c222c3,Mycena,cf,,metata,Mycena metata
67ee06649870a5619daf47b32934976bb7c222c3,Mycena,cf,,metata,Mycena metata
67ee06649870a5619daf47b32934976bb7c222c3,Mycena,cf,,metata,Mycena metata
67ee06649870a5619daf47b32934976bb7c222c3,Mycena,cf,,metata,Mycena metata
67ee06649870a5619daf47b32934976bb7c222c3,Mycena,cf,,metata,Mycena metata
67ee06649870a5619daf47b32934976bb7c222c3,Mycena,cf,,metata,Mycena metata
67ee06649870a5619daf47b32934976bb7c222c3,Mycena,cf,,metata,Mycena metata
67ee06649870a5619daf47b32934976bb7c222c3,Mycena,cf,,metata,Mycena metata
67ee06649870a5619daf47b32934976bb7c222c3,Mycena,cf,,metata,Mycena metata
67ee06649870a5619daf47b32934976bb7c222c3,Mycena,cf,,metata,Mycena metata
67ee06649870a5619daf47b32934976bb7c222c3,Mycena,cf,,metata,Mycena metata
67ee06649870a5619daf47b32934976bb7c222c3,Mycena,cf,,metata,Mycena metata
67ee06649870a5619daf47b32934976bb7c222c3,Mycena,cf,,metata,Mycena metata
67ee06649870a5619daf47b32934976bb7c222c3,Mycena,cf,,metata,Mycena metata
67ee06649870a5619daf47b32934976bb7c222c3,Mycena,cf,,metata,Mycena metata
67ee06649870a5619daf47b32934976bb7c222c3,Mycena,cf,,metata,Mycena metata
67ee06649870a5619daf47b32934976bb7c222c3,Mycena,cf,,metata,Mycena metata
6c8e2f8fc777feaf8d9e492c18a1ee006954c56e,Mycena,cf,,metata,Mycena metata
6ce4570662ada451124c2542ca3c7c32dd7a8593,Mycena,cf,,metata,Mycena metata
70f7f13e9de0a3130b239da3e5e5dd20f87b589e,Mycena,cf,,metata,Mycena metata
7412f5e677ec3959c05909783e9c7efbf915b869,Mycena,cf,,metata,Mycena metata
7412f5e677ec3959c05909783e9c7efbf915b869,Mycena,cf,,metata,Mycena metata
7412f5e677ec3959c05909783e9c7efbf915b869,Mycena,cf,,metata,Mycena metata
7905a47c35e17c01052722f0fd11e57d059067aa,Mycena,cf,,metata,Mycena metata
8781013aaf1e1252f971665b4c90bdc9c0b30733,Mycena,cf,,metata,Mycena metata
8cd70800830598d8e596af2cd31d23ac89ad5e6e,Mycena,cf,,metata,Mycena metata
8e37caa5dd696f2eee0c5669e941a6388ec176d2,Mycena,cf,,metata,Mycena metata
8e37caa5dd696f2eee0c5669e941a6388ec176d2,Mycena,cf,,metata,Mycena metata
8e37caa5dd696f2eee0c5669e941a6388ec176d2,Mycena,cf,,metata,Mycena metata
8fdcf64d9a89a2fd2b607322ff8112786f4ed0db,Mycena,cf,,metata,Mycena metata
9008dd7d2e2fb4ff0a0fd457f2335ce5989fcbb0,Mycena,cf,,metata,Mycena metata
909a3885038f5d2a20e63272289420f684783878,Mycena,cf,,metata,Mycena metata
9ea8115365cc5a1f020f391c3250c0c86658b6b9,Mycena,cf,,metata,Mycena metata
9fdc6c12332da3380b5754d435d53d3098691024,Mycena,cf,,metata,Mycena metata
a2fb1a772a7bee20e612ca9423ae5c212a9d6647,Mycena,cf,,metata,Mycena metata
a6479d0297534b99a317fc4f0e76a834851c4295,Mycena,cf,,metata,Mycena metata
a73a6a30c7d2ba8f6143480e9d12d9523073a0e4,Mycena,cf,,metata,Mycena metata
aae841b565ea8e4755407fa011b39f965dacaa0e,Mycena,cf,,metata,Mycena metata
ad0b198d20ee83942dd01fb9b723ee0be3aa0e44,Mycena,cf,,metata,Mycena metata
ad0b198d20ee83942dd01fb9b723ee0be3aa0e44,Mycena,cf,,metata,Mycena metata
ad0b198d20ee83942dd01fb9b723ee0be3aa0e44,Mycena,cf,,metata,Mycena metata
ad0b198d20ee83942dd01fb9b723ee0be3aa0e44,Mycena,cf,,metata,Mycena metata
b01d7b18a3200b984d22407612bcc6c168178037,Mycena,cf,,metata,Mycena metata
b01d7b18a3200b984d22407612bcc6c168178037,Mycena,cf,,metata,Mycena metata
b35e11ce1387e7da863b79130e6d24c876a62526,Mycena,cf,,metata,Mycena metata
b3ab1debcf9f5e51aed19dde275ae973817176f5,Mycena,cf,,metata,Mycena metata
bd9964e7324c2e72692ff0478681ad8127ece539,Mycena,cf,,metata,Mycena metata
bdcb66bc753a747e8331fd2078a02f2438607371,Mycena,cf,,metata,Mycena metata
be9bda7d737d52d39e63ebc4d58c08ed7f42bc26,Mycena,cf,,metata,Mycena metata
be9bda7d737d52d39e63ebc4d58c08ed7f42bc26,Mycena,cf,,metata,Mycena metata
c7eee0cb5f93a20f625bc57e8c209c34117b91cc,Mycena,cf,,metata,Mycena metata
c85ad82667ce3025c64024088684f0e1ec7607de,Mycena,cf,,metata,Mycena metata
d033e55ba45c172494f258bc35af1e5dfc5b1762,Mycena,cf,,metata,Mycena metata
d32bd0de18f3cf9b07232a15e8619589a11c2780,Mycena,cf,,metata,Mycena metata
d79aea5fddce6839c6164b39ce944e5ad84ee4c6,Mycena,cf,,metata,Mycena metata
e91be583b7bd169c8cbad5b827cc7d48e6ca63d4,Mycena,cf,,metata,Mycena metata
ed4d2838f504096ec36e0bfcfd0af115fcbd45b0,Mycena,cf,,metata,Mycena metata
ee886eee8c22f04d3e4ab6fd991be822445f428f,Mycena,cf,,metata,Mycena metata
f6f4122c04b392b00bf5f61a188c122cd8315c2b,Mycena,cf,,metata,Mycena metata
fa18ae4ac565caf21f0c660300b2bc7fa0602544,Mycena,cf,,metata,Mycena metata
fe6b4e79f548ab9cea7e5532044ed335ac24c16d,Mycena,cf,,metata,Mycena metata
0811c01b72b7eac5d174d0d58988c95fe2499a10,Mycena,aff,,pasvikensis,Mycena pasvikensis
1ac0fee04fbe7f65d31f59ba9770b573899b8073,Mycena,,,pasvikensis,Mycena pasvikensis
1ea9b1db8d421f75af9e85c7f640d7ad1e5adeec,Mycena,,,pasvikensis,Mycena pasvikensis
22bd6e4f9e3afe423f485a754038e5cead178012,Mycena,,,pasvikensis,Mycena pasvikensis
294f2128720e6bcb46207bab649d219683f8cdc6,Mycena,,,pasvikensis,Mycena pasvikensis
3468ea9140da8a16c3c50798fb820d88bdafb7d2,Mycena,,,pasvikensis,Mycena pasvikensis
396c6d83bfbb4cdf681a113706c159d1244d4b07,Mycena,,,pasvikensis,Mycena pasvikensis
445fc667007f04452fb55aff9fe2636253bdbaf5,Mycena,,,pasvikensis,Mycena pasvikensis
5b33024efae33691432e3e1f0ce92a8d583929a6,Mycena,aff,,pasvikensis,Mycena pasvikensis
5f836e76a5c1508d488310d05ed288de3529c9f6,Mycena,,,pasvikensis,Mycena pasvikensis
6bd7f2350e16ca00b37c9949943680ab7790f193,Mycena,aff,,pasvikensis,Mycena pasvikensis
7076a87b310bf7b9d5c45df729ab9608368f2d00,Mycena,,,pasvikensis,Mycena pasvikensis
73cce1f73d30bd4039fbcf7bdfc8c8a816af7c3d,Mycena,,,pasvikensis,Mycena pasvikensis
783e21ccd1142435667b04f28975bd442242148a,Mycena,cf,,pasvikensis,Mycena pasvikensis
7ba3908520eadae22e0ca6e1e003b9e76a739a84,Mycena,,,pasvikensis,Mycena pasvikensis
839844670a9cb92549e986313c61f0c100668413,Mycena,,,pasvikensis,Mycena pasvikensis
8ba99556748b55647fa76ed5fc9bf40650498d21,Mycena,,,pasvikensis,Mycena pasvikensis
950d7e75264685c0173472b73d423acef2dfd89b,Mycena,,,pasvikensis,Mycena pasvikensis
a4470d8e0e88482e779f72d27c96edc76f436caa,Mycena,,,pasvikensis,Mycena pasvikensis
a67a821a2bfada4b344519b82be9e045cb1e5da1,Mycena,,,pasvikensis,Mycena pasvikensis
a7321873c0ee5cd66d58f9b8077f63cd3b6eddff,Mycena,,,pasvikensis,Mycena pasvikensis
bb833f428d68accee0b18c46c096e3e704ce70fd,Mycena,,,pasvikensis,Mycena pasvikensis
bde3a726f22899b0c5ef672038d452f1cadd3760,Mycena,,,pasvikensis,Mycena pasvikensis
bff8a093132c228e912d6c47e01c59b7a18200a7,Mycena,,,pasvikensis,Mycena pasvikensis
cb14e674c24cc136f55b7b1a0f422ee549f91c1e,Mycena,,,pasvikensis,Mycena pasvikensis
ddc482a4565255d2e30ab71cabe3da046c9a4585,Mycena,aff,,pasvikensis,Mycena pasvikensis
dff1332c3274feced0365b3766fdadf790f0a130,Mycena,,,pasvikensis,Mycena pasvikensis
08e8129d270d8750856f5ca850dd869ef460e7fd,Mycena,cf,2,pearsoniana,Mycena pearsoniana
1805dd02fc1feb96c260236a65e507df35c2b2f6,Mycena,cf,2,pearsoniana,Mycena pearsoniana
1805dd02fc1feb96c260236a65e507df35c2b2f6,Mycena,cf,2,pearsoniana,Mycena pearsoniana
18a7316793f9f0febd0a3e214059e549883557ed,Mycena,cf,2,pearsoniana,Mycena pearsoniana
208190709e6a1d05dab9bc66331bb36c1b6f0426,Mycena,cf,2,pearsoniana,Mycena pearsoniana
2471e70103ee4a91c91c688d7559b2f05d6c0884,Mycena,cf,2,pearsoniana,Mycena pearsoniana
ec95c74f792d0db8ebb5c6f9c7e071f123a75c83,Mycena,cf,2,pearsoniana,Mycena pearsoniana
33d4d2e29211e09950810d30fedcb064dd37bae7,Mycena,cf,,pearsoniana,Mycena pearsoniana
643b2996e8791cfb4bfa3b852e4146c1a3839b92,Mycena,cf,,pearsoniana,Mycena pearsoniana
073ffeed9d1064a7183786b87189cbc76693ef2e,Mycena,aff,2,pura,Mycena pura
2180206d7cb4eb45bc48677b25ec9bc71f48d661,Mycena,aff,2,pura,Mycena pura
26a7c8a13fb3b7872f49ffe031261dea71cf5c95,Mycena,aff,2,pura,Mycena pura
3ac9437c575ef201f742d3ccadc9f7ee5ef3a58d,Mycena,aff,2,pura,Mycena pura
5506b9bde1bbf7f67ac37b173aac97a507386a61,Mycena,aff,2,pura,Mycena pura
6bf1a8030784a75ee5a84c8ceb2751a42f338392,Mycena,aff,2,pura,Mycena pura
78711176fbf0a3cf9237cd1cd7aa72bdd50e17e1,Mycena,aff,2,pura,Mycena pura
a4ad64471e567e5cb5358f2289a0d18436897314,Mycena,aff,2,pura,Mycena pura
b026a954365f82c79651ff35d9ec9cba4f1cf967,Mycena,aff,2,pura,Mycena pura
025e7d6b24075255449b5dafef78484ad474f528,Mycena,,,pura,Mycena pura
03ffc30fdc0a7a5b514833f3e9c247f1b78378a0,Mycena,aff,,pura,Mycena pura
293977202b8a33f126f725484d9cf03a30757151,Mycena,,,pura,Mycena pura
420b09d26874623621e23a129b2c4c28e1205083,Mycena,,,pura,Mycena pura
4c5192d89c2fa5f7082088060028c3552c3f5a38,Mycena,,,pura,Mycena pura
536e0e5f7eb73240526ad0262723523d838482e0,Mycena,aff,,pura,Mycena pura
59987d74c6a978d47a18c62088a96ebbb20511e8,Mycena,aff,,pura,Mycena pura
80faa61ccb9ba8ae6ce9e9e32f4d1f7d6855d498,Mycena,,,pura,Mycena pura
99abcba17badb438831577afb74b4e693edf09c4,Mycena,,,pura,Mycena pura
a3c59953a6dae97cbcfc9aa7fe766bd0ba43675f,Mycena,,,pura,Mycena pura
a9fc0757a643f94a4e5f8015b4c1eaa1536cec06,Mycena,,,pura,Mycena pura
d6a8ba3111d5f248e1470971807b35f57df1ea84,Mycena,aff,,pura,Mycena pura
ed2b49c973f79d5c960e7ca8d57f9d358c577392,Mycena,,,pura,Mycena pura
255c228be3ecdaefd02b73c8b8e48c71974422c1,Mycena,cf,,purpureofusca,Mycena purpureofusca
deebff8d042d6a0787b463c36570cee021193be0,Mycena,cf,,purpureofusca,Mycena purpureofusca
1ae38f7610a5bd9a4a70bc3fe025d64366ed8c11,Mycena,,,rebaudengoi,Mycena rebaudengoi
1ae38f7610a5bd9a4a70bc3fe025d64366ed8c11,Mycena,,,rebaudengoi,Mycena rebaudengoi
32baae74d85b26e88bb40699015a0c47641678c2,Mycena,,,rebaudengoi,Mycena rebaudengoi
3d4997da6d558fd5a297a85aabd5ab136486d630,Mycena,,,rebaudengoi,Mycena rebaudengoi
69fba0d874d35470924770b265dee24e8a76e06c,Mycena,,,rebaudengoi,Mycena rebaudengoi
858ff8298a137263ff7941818262890769a6be72,Mycena,,,rebaudengoi,Mycena rebaudengoi
02c9b3aaf3bf27e426f66c666343f73ab1fd9b88,Mycena,cf,,robusta,Mycena robusta
02c9b3aaf3bf27e426f66c666343f73ab1fd9b88,Mycena,cf,,robusta,Mycena robusta
02c9b3aaf3bf27e426f66c666343f73ab1fd9b88,Mycena,cf,,robusta,Mycena robusta
0599e927358a6a3fec8a18c75cc5a1abaa6189fd,Mycena,cf,,robusta,Mycena robusta
05c0d02f99c9083fd85fa4588ad42cc0a0a7a26c,Mycena,cf,,robusta,Mycena robusta
087fc01402e62ec9ccbdf5d83e93394278a7bb73,Mycena,cf,,robusta,Mycena robusta
09995b8cbaa0620bf60e2690d6c224ba966998e6,Mycena,cf,,robusta,Mycena robusta
0ac09614763f994682360734fa9fb1f21d736fcf,Mycena,cf,,robusta,Mycena robusta
0b24e0b5fc61653bdad032820702fff0a56d98ff,Mycena,cf,,robusta,Mycena robusta
0e1cbea5022d562029c9879a26d45b551723192c,Mycena,cf,,robusta,Mycena robusta
128e18b070bd9e5390ee593aa4914d24c9dc850b,Mycena,cf,,robusta,Mycena robusta
16e3f219344f35f51c057e53a120647a6026aaee,Mycena,cf,,robusta,Mycena robusta
189837fa4ee40737e18ad1fef2f61dc2d96c981c,Mycena,cf,,robusta,Mycena robusta
191945f28c436e66bfb3c0223c0df1ccaf24db73,Mycena,cf,,robusta,Mycena robusta
198182b57aaf9035ec8a985fed7723bde62025d1,Mycena,cf,,robusta,Mycena robusta
198182b57aaf9035ec8a985fed7723bde62025d1,Mycena,cf,,robusta,Mycena robusta
198182b57aaf9035ec8a985fed7723bde62025d1,Mycena,cf,,robusta,Mycena robusta
198182b57aaf9035ec8a985fed7723bde62025d1,Mycena,cf,,robusta,Mycena robusta
198182b57aaf9035ec8a985fed7723bde62025d1,Mycena,cf,,robusta,Mycena robusta
198182b57aaf9035ec8a985fed7723bde62025d1,Mycena,cf,,robusta,Mycena robusta
198182b57aaf9035ec8a985fed7723bde62025d1,Mycena,cf,,robusta,Mycena robusta
198182b57aaf9035ec8a985fed7723bde62025d1,Mycena,cf,,robusta,Mycena robusta
198182b57aaf9035ec8a985fed7723bde62025d1,Mycena,cf,,robusta,Mycena robusta
198182b57aaf9035ec8a985fed7723bde62025d1,Mycena,cf,,robusta,Mycena robusta
198182b57aaf9035ec8a985fed7723bde62025d1,Mycena,cf,,robusta,Mycena robusta
198182b57aaf9035ec8a985fed7723bde62025d1,Mycena,cf,,robusta,Mycena robusta
198182b57aaf9035ec8a985fed7723bde62025d1,Mycena,cf,,robusta,Mycena robusta
198182b57aaf9035ec8a985fed7723bde62025d1,Mycena,cf,,robusta,Mycena robusta
198182b57aaf9035ec8a985fed7723bde62025d1,Mycena,cf,,robusta,Mycena robusta
198182b57aaf9035ec8a985fed7723bde62025d1,Mycena,cf,,robusta,Mycena robusta
198182b57aaf9035ec8a985fed7723bde62025d1,Mycena,cf,,robusta,Mycena robusta
198182b57aaf9035ec8a985fed7723bde62025d1,Mycena,cf,,robusta,Mycena robusta
198182b57aaf9035ec8a985fed7723bde62025d1,Mycena,cf,,robusta,Mycena robusta
198182b57aaf9035ec8a985fed7723bde62025d1,Mycena,cf,,robusta,Mycena robusta
198182b57aaf9035ec8a985fed7723bde62025d1,Mycena,cf,,robusta,Mycena robusta
198182b57aaf9035ec8a985fed7723bde62025d1,Mycena,cf,,robusta,Mycena robusta
198182b57aaf9035ec8a985fed7723bde62025d1,Mycena,cf,,robusta,Mycena robusta
198182b57aaf9035ec8a985fed7723bde62025d1,Mycena,cf,,robusta,Mycena robusta
198182b57aaf9035ec8a985fed7723bde62025d1,Mycena,cf,,robusta,Mycena robusta
198182b57aaf9035ec8a985fed7723bde62025d1,Mycena,cf,,robusta,Mycena robusta
198182b57aaf9035ec8a985fed7723bde62025d1,Mycena,cf,,robusta,Mycena robusta
198182b57aaf9035ec8a985fed7723bde62025d1,Mycena,cf,,robusta,Mycena robusta
198182b57aaf9035ec8a985fed7723bde62025d1,Mycena,cf,,robusta,Mycena robusta
198182b57aaf9035ec8a985fed7723bde62025d1,Mycena,cf,,robusta,Mycena robusta
1a3e8097c970bb5c011acbdb3f4c91f1e6d615bc,Mycena,cf,,robusta,Mycena robusta
20660429fa95ceefd4cc7ec228af2687596a1ff7,Mycena,cf,,robusta,Mycena robusta
2ba2192afa66685a4a03de277665986932c2a5c9,Mycena,cf,,robusta,Mycena robusta
2c3a7bf006edc4c28fd96a37444ce735330f2fd9,Mycena,cf,,robusta,Mycena robusta
323ea294965f875e1cb97935fdd37e44597bd5ab,Mycena,cf,,robusta,Mycena robusta
39357e4948d629513f5f1c3115eb88d1a13cdab4,Mycena,cf,,robusta,Mycena robusta
3f97af5c235f6178b93ef4fea7355d8474960df7,Mycena,cf,,robusta,Mycena robusta
436b951d56bb5e7343c4307f170b29c0382de22f,Mycena,cf,,robusta,Mycena robusta
436b951d56bb5e7343c4307f170b29c0382de22f,Mycena,cf,,robusta,Mycena robusta
436b951d56bb5e7343c4307f170b29c0382de22f,Mycena,cf,,robusta,Mycena robusta
436b951d56bb5e7343c4307f170b29c0382de22f,Mycena,cf,,robusta,Mycena robusta
436b951d56bb5e7343c4307f170b29c0382de22f,Mycena,cf,,robusta,Mycena robusta
436b951d56bb5e7343c4307f170b29c0382de22f,Mycena,cf,,robusta,Mycena robusta
436b951d56bb5e7343c4307f170b29c0382de22f,Mycena,cf,,robusta,Mycena robusta
436b951d56bb5e7343c4307f170b29c0382de22f,Mycena,cf,,robusta,Mycena robusta
436b951d56bb5e7343c4307f170b29c0382de22f,Mycena,cf,,robusta,Mycena robusta
45d8a2d0acd65f216323f1398e7a3c5dad32943d,Mycena,cf,,robusta,Mycena robusta
4787e13a5507b1a8936fba93bf2d40b876c158e2,Mycena,cf,,robusta,Mycena robusta
69372d6a532d4986c9eb07a0253490ba5de3381b,Mycena,cf,,robusta,Mycena robusta
861b0f9c6c0da64b28ea381fd2360fd3c2e1916a,Mycena,cf,,robusta,Mycena robusta
870f12d24753688e7c9ce58a4f1b0dfc723b52ea,Mycena,cf,,robusta,Mycena robusta
8ca82a01c8fa144f1a911bbe78ce02ed2a87fff7,Mycena,cf,,robusta,Mycena robusta
a057a44cfb7dcb08d9b41610554430762c7140e9,Mycena,cf,,robusta,Mycena robusta
a5b5658ab170505795c3b96b946925f7ff2e96b8,Mycena,cf,,robusta,Mycena robusta
b921a6f10a2dbe8185f108df6be73ab5b8993113,Mycena,cf,,robusta,Mycena robusta
b921a6f10a2dbe8185f108df6be73ab5b8993113,Mycena,cf,,robusta,Mycena robusta
b921a6f10a2dbe8185f108df6be73ab5b8993113,Mycena,cf,,robusta,Mycena robusta
b921a6f10a2dbe8185f108df6be73ab5b8993113,Mycena,cf,,robusta,Mycena robusta
b921a6f10a2dbe8185f108df6be73ab5b8993113,Mycena,cf,,robusta,Mycena robusta
b921a6f10a2dbe8185f108df6be73ab5b8993113,Mycena,cf,,robusta,Mycena robusta
b921a6f10a2dbe8185f108df6be73ab5b8993113,Mycena,cf,,robusta,Mycena robusta
b921a6f10a2dbe8185f108df6be73ab5b8993113,Mycena,cf,,robusta,Mycena robusta
b921a6f10a2dbe8185f108df6be73ab5b8993113,Mycena,cf,,robusta,Mycena robusta
b921a6f10a2dbe8185f108df6be73ab5b8993113,Mycena,cf,,robusta,Mycena robusta
ba251461e275b72efccd904d14095f2638f50193,Mycena,cf,,robusta,Mycena robusta
ba251461e275b72efccd904d14095f2638f50193,Mycena,cf,,robusta,Mycena robusta
bf5d6c2296f5699fa73b378e1518d968576856ed,Mycena,cf,,robusta,Mycena robusta
c8ea36a9177f77a2faa7ce711f74368c33661d40,Mycena,cf,,robusta,Mycena robusta
c933be2c65ad69f09735d9c8adbcd9849e83ab16,Mycena,cf,,robusta,Mycena robusta
c933be2c65ad69f09735d9c8adbcd9849e83ab16,Mycena,cf,,robusta,Mycena robusta
c933be2c65ad69f09735d9c8adbcd9849e83ab16,Mycena,cf,,robusta,Mycena robusta
c933be2c65ad69f09735d9c8adbcd9849e83ab16,Mycena,cf,,robusta,Mycena robusta
c933be2c65ad69f09735d9c8adbcd9849e83ab16,Mycena,cf,,robusta,Mycena robusta
c933be2c65ad69f09735d9c8adbcd9849e83ab16,Mycena,cf,,robusta,Mycena robusta
c933be2c65ad69f09735d9c8adbcd9849e83ab16,Mycena,cf,,robusta,Mycena robusta
c933be2c65ad69f09735d9c8adbcd9849e83ab16,Mycena,cf,,robusta,Mycena robusta
c933be2c65ad69f09735d9c8adbcd9849e83ab16,Mycena,cf,,robusta,Mycena robusta
c933be2c65ad69f09735d9c8adbcd9849e83ab16,Mycena,cf,,robusta,Mycena robusta
c933be2c65ad69f09735d9c8adbcd9849e83ab16,Mycena,cf,,robusta,Mycena robusta
c933be2c65ad69f09735d9c8adbcd9849e83ab16,Mycena,cf,,robusta,Mycena robusta
d2bf98664198c274502b1c0291dddbef1dc1d108,Mycena,cf,,robusta,Mycena robusta
3a15daf70152fbcd118feefb626675007e9d48ed,Mycena,aff,2,rubromarginata,Mycena rubromarginata
9bbaa504feeae7c805998d2cdc76efa80db7b5d5,Mycena,aff,3,rubromarginata,Mycena rubromarginata
01792cd8636bc39c9ddefd86c1ebf3068142e13f,Mycena,cf,,rubromarginata,Mycena rubromarginata
01792cd8636bc39c9ddefd86c1ebf3068142e13f,Mycena,cf,,rubromarginata,Mycena rubromarginata
01792cd8636bc39c9ddefd86c1ebf3068142e13f,Mycena,cf,,rubromarginata,Mycena rubromarginata
01792cd8636bc39c9ddefd86c1ebf3068142e13f,Mycena,cf,,rubromarginata,Mycena rubromarginata
02d90a42f0589f352df63c133fc5a74552ff88ba,Mycena,cf,,rubromarginata,Mycena rubromarginata
15aa0d8385895661b5bca69147e89fc6d59c19de,Mycena,aff,,rubromarginata,Mycena rubromarginata
1d05f818a155f7defd94d0c8b6f0b72b0e7d006b,Mycena,cf,,rubromarginata,Mycena rubromarginata
329efbc1443cf8d2e26ecafbbb49469eebee4294,Mycena,cf,,rubromarginata,Mycena rubromarginata
38d3091ef265ba90f658180e1d13b01e46ea39b2,Mycena,cf,,rubromarginata,Mycena rubromarginata
40a9cff68ca2f4116f93423a960f9b917b9455da,Mycena,cf,,rubromarginata,Mycena rubromarginata
4112514a60b6f67482fb67583865af5f148e57b1,Mycena,cf,,rubromarginata,Mycena rubromarginata
427a22163b5ad8f137c9e81d1a394d92103a05a1,Mycena,cf,,rubromarginata,Mycena rubromarginata
427a22163b5ad8f137c9e81d1a394d92103a05a1,Mycena,cf,,rubromarginata,Mycena rubromarginata
427a22163b5ad8f137c9e81d1a394d92103a05a1,Mycena,cf,,rubromarginata,Mycena rubromarginata
427a22163b5ad8f137c9e81d1a394d92103a05a1,Mycena,cf,,rubromarginata,Mycena rubromarginata
427a22163b5ad8f137c9e81d1a394d92103a05a1,Mycena,cf,,rubromarginata,Mycena rubromarginata
4ff2dbe0acfe64e76096d12cca6fa98c1b37d9db,Mycena,cf,,rubromarginata,Mycena rubromarginata
556fbb6a81d9456db65f4935bfd89b55ca25c1b7,Mycena,cf,,rubromarginata,Mycena rubromarginata
58dee3d656581dd1c5cef8d5e36e89720b81e02b,Mycena,cf,,rubromarginata,Mycena rubromarginata
6ad444fdeb70e80d4d80830932a918695ec0fbe7,Mycena,cf,,rubromarginata,Mycena rubromarginata
81eb27b7ea616a0d26c6821429ef9934f2ffa576,Mycena,cf,,rubromarginata,Mycena rubromarginata
86901c0cd81fd0f4ce2f8855ceb66303defde29a,Mycena,cf,,rubromarginata,Mycena rubromarginata
8747d5405fce8a4e5b10bb8c1b52d9a1ce92b481,Mycena,cf,,rubromarginata,Mycena rubromarginata
8f4536ed60bed79988c1a8d2826272218b8afe06,Mycena,cf,,rubromarginata,Mycena rubromarginata
93eb5ebd99ed63e08c222347c8e6446c722dea92,Mycena,cf,,rubromarginata,Mycena rubromarginata
93eb5ebd99ed63e08c222347c8e6446c722dea92,Mycena,cf,,rubromarginata,Mycena rubromarginata
9a053070d684887b2e037a8334704cee4f7e457d,Mycena,cf,,rubromarginata,Mycena rubromarginata
9a053070d684887b2e037a8334704cee4f7e457d,Mycena,cf,,rubromarginata,Mycena rubromarginata
9a053070d684887b2e037a8334704cee4f7e457d,Mycena,cf,,rubromarginata,Mycena rubromarginata
9a053070d684887b2e037a8334704cee4f7e457d,Mycena,cf,,rubromarginata,Mycena rubromarginata
9a053070d684887b2e037a8334704cee4f7e457d,Mycena,cf,,rubromarginata,Mycena rubromarginata
9a053070d684887b2e037a8334704cee4f7e457d,Mycena,cf,,rubromarginata,Mycena rubromarginata
9a053070d684887b2e037a8334704cee4f7e457d,Mycena,cf,,rubromarginata,Mycena rubromarginata
a38d5d0b523b06ac68aae0b4f6b3702414d881ff,Mycena,cf,,rubromarginata,Mycena rubromarginata
d1431d8637d867e37ad5b138e1df843652710177,Mycena,cf,,rubromarginata,Mycena rubromarginata
d21368d3b27102be25b4b63a4d29ad041dc5a16f,Mycena,cf,,rubromarginata,Mycena rubromarginata
de5be3ae87c461e2464a37508db9911d0f37d344,Mycena,cf,,rubromarginata,Mycena rubromarginata
e1cc48c6121b2c795a34ed896e4f8ef7ed5161cf,Mycena,cf,,rubromarginata,Mycena rubromarginata
e624543d3af9571adecffb69567805329f16071d,Mycena,cf,,rubromarginata,Mycena rubromarginata
eb125b9ac19e0adf2716c9e5d9b81ef5792c14c8,Mycena,cf,,rubromarginata,Mycena rubromarginata
f6184366a5f8732918dea53abb046dab45a0e121,Mycena,cf,,rubromarginata,Mycena rubromarginata
f94d2656e80cf5d9ebe4b23426004483cce6ca55,Mycena,cf,2,septentrionalis,Mycena septentrionalis
076ada9964dca516d9c5fcce7eff40f241cb250a,Mycena,cf,,septentrionalis,Mycena septentrionalis
307cd6337768f4aa5862097eaeb16a6ad9af0f54,Mycena,,,stylobates,Mycena stylobates
307cd6337768f4aa5862097eaeb16a6ad9af0f54,Mycena,,,stylobates,Mycena stylobates
3392f3810f5637d818855dc8e40277e8ad55fb07,Mycena,,,stylobates,Mycena stylobates
34fbcad5632c069710fa83fd2b88f64c5f09602f,Mycena,,,stylobates,Mycena stylobates
34fbcad5632c069710fa83fd2b88f64c5f09602f,Mycena,,,stylobates,Mycena stylobates
34fbcad5632c069710fa83fd2b88f64c5f09602f,Mycena,,,stylobates,Mycena stylobates
34fbcad5632c069710fa83fd2b88f64c5f09602f,Mycena,,,stylobates,Mycena stylobates
34fbcad5632c069710fa83fd2b88f64c5f09602f,Mycena,,,stylobates,Mycena stylobates
34fbcad5632c069710fa83fd2b88f64c5f09602f,Mycena,,,stylobates,Mycena stylobates
34fbcad5632c069710fa83fd2b88f64c5f09602f,Mycena,,,stylobates,Mycena stylobates
34fbcad5632c069710fa83fd2b88f64c5f09602f,Mycena,,,stylobates,Mycena stylobates
34fbcad5632c069710fa83fd2b88f64c5f09602f,Mycena,,,stylobates,Mycena stylobates
34fbcad5632c069710fa83fd2b88f64c5f09602f,Mycena,,,stylobates,Mycena stylobates
34fbcad5632c069710fa83fd2b88f64c5f09602f,Mycena,,,stylobates,Mycena stylobates
384ca13c2f2267c79f6a871e2240e62aacd475ea,Mycena,,,stylobates,Mycena stylobates
4187c09c88c0330e00511786ad3415828acf555c,Mycena,,,stylobates,Mycena stylobates
49502d3eb547b487efbd4f514f63c0d25fb06860,Mycena,,,stylobates,Mycena stylobates
4c96ed3f173e4f2c22220d8e5745d02885810278,Mycena,,,stylobates,Mycena stylobates
4c96ed3f173e4f2c22220d8e5745d02885810278,Mycena,,,stylobates,Mycena stylobates
5499ea5f03972579eff9ac9452c272f715f6a9e6,Mycena,,,stylobates,Mycena stylobates
5499ea5f03972579eff9ac9452c272f715f6a9e6,Mycena,,,stylobates,Mycena stylobates
5499ea5f03972579eff9ac9452c272f715f6a9e6,Mycena,,,stylobates,Mycena stylobates
5499ea5f03972579eff9ac9452c272f715f6a9e6,Mycena,,,stylobates,Mycena stylobates
5499ea5f03972579eff9ac9452c272f715f6a9e6,Mycena,,,stylobates,Mycena stylobates
5499ea5f03972579eff9ac9452c272f715f6a9e6,Mycena,,,stylobates,Mycena stylobates
5499ea5f03972579eff9ac9452c272f715f6a9e6,Mycena,,,stylobates,Mycena stylobates
5499ea5f03972579eff9ac9452c272f715f6a9e6,Mycena,,,stylobates,Mycena stylobates
5499ea5f03972579eff9ac9452c272f715f6a9e6,Mycena,,,stylobates,Mycena stylobates
5499ea5f03972579eff9ac9452c272f715f6a9e6,Mycena,,,stylobates,Mycena stylobates
5499ea5f03972579eff9ac9452c272f715f6a9e6,Mycena,,,stylobates,Mycena stylobates
606f41e342625898a2e5964ecf649910db8f2078,Mycena,,,stylobates,Mycena stylobates
6c0e1668f501e9243b9214e9b78e79c41a2887a6,Mycena,,,stylobates,Mycena stylobates
9f2e08544709da0be0f4b1110c4c22f2d4433f74,Mycena,,,stylobates,Mycena stylobates
9f2e08544709da0be0f4b1110c4c22f2d4433f74,Mycena,,,stylobates,Mycena stylobates
ddddb2e13bf862a30cc3c024e472c399e7d51445,Mycena,,,stylobates,Mycena stylobates
f0303b655b733c2cd13017914a364d035020969d,Mycena,,,stylobates,Mycena stylobates
f71e98720feb1e25e6ade33990d3bb092fe0925f,Mycena,,,stylobates,Mycena stylobates
316fd3d6c91dc4ef4137790e72d44d2894a3a522,Mycena,,,vulgaris,Mycena vulgaris
6a6cbf000caea97357ec1266a7d337f45df75d98,Mycena,,,vulgaris,Mycena vulgaris
f499cae9b4e2b03de1930b87aec3695588672a65,Mycena,,,vulgaris,Mycena vulgaris
f499cae9b4e2b03de1930b87aec3695588672a65,Mycena,,,vulgaris,Mycena vulgaris
f499cae9b4e2b03de1930b87aec3695588672a65,Mycena,,,vulgaris,Mycena vulgaris
0c3318395a15c6caebf13b934d987fa34ca2de72,Mycenella,sp,,,Mycenella 
0d2756aed1f2c7fa814a4b5de78fa333ea446d8c,Mycenella,sp,,,Mycenella 
0dde2788cb6e6b0cf662d487413c07ff8a329959,Mycenella,sp,,,Mycenella 
0ffdf59d76e170cb7056a7570cc1ff2f4d5e3e17,Mycenella,sp,,,Mycenella 
13b5d68555d1eb3aa6826093d8ad8d858806d4a1,Mycenella,sp,,,Mycenella 
173afef3bb666be0111c4db67707bc091d119ab5,Mycenella,sp,,,Mycenella 
3b9124478f13ca26c7fe82ddd94a9e9b31aa9c14,Mycenella,sp,,,Mycenella 
3ff28420e7ae0aa7060668c06bd7f2f46784436a,Mycenella,sp,,,Mycenella 
41bfc64e2c1e4fb4770a360c0894a68fc2f4c970,Mycenella,sp,,,Mycenella 
525b13b3eaebb27407b7503cf4ed35a1ab72f315,Mycenella,sp,,,Mycenella 
52b0187415c7324e09bd91c34206abb305f9b722,Mycenella,sp,,,Mycenella 
5700249c5b2d0bd3dc92747dc849a98b7b7321b2,Mycenella,sp,,,Mycenella 
58dd74ee426da65152b17819e57af198f7e94591,Mycenella,sp,,,Mycenella 
63948cb0f3633da290e53c76bc9f8307c8ce9a7b,Mycenella,sp,,,Mycenella 
66995a487bace2be916088d8f7272ea2066290a7,Mycenella,sp,,,Mycenella 
7db6aecdfaf271e01086c6e6c6b1eb711892e09a,Mycenella,sp,,,Mycenella 
8c3efb5841ff618d0901ea5ac79d50168de2c4cc,Mycenella,sp,,,Mycenella 
ae4dd56610b616ac96c3b9913bd1a9cc7555d997,Mycenella,sp,,,Mycenella 
e3c109098d97295f2ddd1a2fb568a3a2f5e4ff91,Mycenella,sp,,,Mycenella 
fb2e59985f684fe8a6b472bb869118412b57840b,Mycenella,sp,,,Mycenella 
49fe14db3cbabeb7af52bb73f8d4b66eee04ddb2,Mycetinis,cf,,querceus,Mycetinis querceus
5f07e08f8aea7be1a8b2432703562c3d8864c229,Mycetinis,,,scorodonius,Mycetinis scorodonius
02bf2b20c406cc3a6f65d68269c8efc2599cd918,Mycopan,,2,scabripes,Mycopan scabripes
02bf2b20c406cc3a6f65d68269c8efc2599cd918,Mycopan,,2,scabripes,Mycopan scabripes
02bf2b20c406cc3a6f65d68269c8efc2599cd918,Mycopan,,2,scabripes,Mycopan scabripes
034f60c73131e618369789e61c3af175f0fdbf98,Mycopan,,2,scabripes,Mycopan scabripes
18d0ee3e66a0fb42143629d1ff160a6d3062ea95,Mycopan,,2,scabripes,Mycopan scabripes
1e1143924c0a0369cad0cebbd74484400ee075e5,Mycopan,,2,scabripes,Mycopan scabripes
4caa8946eb712ebc51deccb3fb1a5f486ad3e6b1,Mycopan,,2,scabripes,Mycopan scabripes
5ae64212042526ca54b9833426c44421b109f2e5,Mycopan,,2,scabripes,Mycopan scabripes
6de0201de6aa44cf1522a4118376255fc91079fe,Mycopan,,2,scabripes,Mycopan scabripes
6de0201de6aa44cf1522a4118376255fc91079fe,Mycopan,,2,scabripes,Mycopan scabripes
772822355a5446d49417cd69c09de16a72921509,Mycopan,,2,scabripes,Mycopan scabripes
80834592f158ca600f9b8641f019bb803ce1d0fd,Myochromella,sp,,,Myochromella 
88d4f52723a54d330a3d292f5ba468612bc1a67a,Myochromella,sp,,,Myochromella 
cba8ef71960dec50220de70224ecca48163ee009,Myochromella,sp,,,Myochromella 
66aef1a977f79283ea53d3093a43fb071c5867ce,Myxomphalia,cf,,maura,Myxomphalia maura
26a4d24f96ec02eac6b9b1ff93b78f369f470cf6,Naucoria,cf,,bohemica,Naucoria bohemica
2b8bc2cc562427a549991df58b1f6e051b29caca,Naucoria,cf,,bohemica,Naucoria bohemica
3164fa4370d3b33cc6b1867ebea276a8ea6da4c8,Naucoria,cf,,bohemica,Naucoria bohemica
3dec12c36c26f68d5664b21ec92284d9d0be534e,Naucoria,cf,,bohemica,Naucoria bohemica
4e500939298012efa8b86015ae0d923dfe488f64,Naucoria,cf,,bohemica,Naucoria bohemica
98e57aa3b429cc616ec36fc75fca9adfe7ab53d3,Naucoria,cf,,bohemica,Naucoria bohemica
b8e40bf76059e97edcc144d97f695dfa407980c5,Naucoria,cf,,bohemica,Naucoria bohemica
ca0e9bb94e43212135abe3d877fa5ea250c4cf8b,Naucoria,cf,,bohemica,Naucoria bohemica
ca0e9bb94e43212135abe3d877fa5ea250c4cf8b,Naucoria,cf,,bohemica,Naucoria bohemica
cd6e82d6429202bd28c3678bc8e2f63defcfb232,Naucoria,cf,,bohemica,Naucoria bohemica
182d09fa1cae64d1b42584cd3b6f37b0d7070773,Neolentinus,,,lepideus,Neolentinus lepideus
e90c1257b68e602b74a8c064de2a6b84d47299d3,Neolentinus,,,lepideus,Neolentinus lepideus
6d20b902b448728f91e30f84afc07a7dee221b69,Nidulariopsis,cf,,iowensis,Nidulariopsis iowensis
6d20b902b448728f91e30f84afc07a7dee221b69,Nidulariopsis,cf,,iowensis,Nidulariopsis iowensis
00d25191a8fd09077f2e13c74e377c44e0dc3f3f,Omphaliaster,sp,,,Omphaliaster 
406db1952d7752489fc719a735e8cda42c4c8f3f,Omphaliaster,sp,,,Omphaliaster 
de38e845257e65b8fdff4e3a0431a9606f009f5a,Omphaliaster,sp,,,Omphaliaster 
4ef0207c2c96a28940df925403fbe3bccf803578,Omphaliaster,cf,,borealis,Omphaliaster borealis
5b0de07e2e1e951679268738d6e97ffef5e913c6,Omphaliaster,cf,,borealis,Omphaliaster borealis
5b8dde4ed71d65a20b33ccdf16c7cfd06ed9a130,Omphaliaster,cf,,borealis,Omphaliaster borealis
9ba4fbc09eb20da06ec8b68ba9632696ec89d594,Omphaliaster,cf,,borealis,Omphaliaster borealis
c7c45f8c36cf80d046b06bbfb87ebe2c6791468d,Omphaliaster,cf,,borealis,Omphaliaster borealis
f0ccdf6db8b2ee10718f3f620a1ff256b712de5e,Omphaliaster,cf,,borealis,Omphaliaster borealis
692a68f83fc0ddd061f29dc8c1fa3515af4fa080,Owingsia,,,umbellifera,Owingsia umbellifera
031d2a37f81e5bb1ba76b7bfe6b3a7709c91facd,Paxillus,,,involutus,Paxillus involutus
031d2a37f81e5bb1ba76b7bfe6b3a7709c91facd,Paxillus,,,involutus,Paxillus involutus
04cff99162643d134554f671abae1971c8c2294a,Paxillus,,,involutus,Paxillus involutus
12140eb3e20347a2bd78047a45ec66b09b944b3e,Paxillus,,,involutus,Paxillus involutus
134675949db6164a93346a0bb754bcb1075ece99,Paxillus,,,involutus,Paxillus involutus
13c34dd6df27eba8dc3465b858d5f51b97c7a0c4,Paxillus,,,involutus,Paxillus involutus
185bee0bb646a67169c559a74166960fb773a8e6,Paxillus,,,involutus,Paxillus involutus
1990b2cba4f427af37775362aa796aafc36f9419,Paxillus,,,involutus,Paxillus involutus
286e9376b790fea7318ba11ad73aa25d40738e8f,Paxillus,,,involutus,Paxillus involutus
2b8c69f9b696e95a25294257bd4d26a3b59b2d15,Paxillus,,,involutus,Paxillus involutus
3b2a6cf6733a3ae4586c3eee8bf255e1d1ea4339,Paxillus,,,involutus,Paxillus involutus
3f3f066f736c11d6b287bc891fbccb783d1cfbcb,Paxillus,,,involutus,Paxillus involutus
42da8615f754690f57b36f8e060310130fddce70,Paxillus,,,involutus,Paxillus involutus
56a5af1f8f90d29d8a510ea44468f8a178133793,Paxillus,,,involutus,Paxillus involutus
62d1e1ac379b435be106f99b76bacd4fb3c6d2c3,Paxillus,,,involutus,Paxillus involutus
634c8c0dd1c38f822d2b2610a3bb26f45d20378e,Paxillus,,,involutus,Paxillus involutus
637aee7dc72aea9f5ba312dbfa63d893430a8285,Paxillus,,,involutus,Paxillus involutus
6c8ef84ac934e4fb0eb3c401aca47dae5378acfc,Paxillus,,,involutus,Paxillus involutus
6cfc7533087ad0bd2373fe8a5500c4b60e4dd3a6,Paxillus,,,involutus,Paxillus involutus
71e498a903c5d36e81d1035ba3ae7e7c0b580b64,Paxillus,,,involutus,Paxillus involutus
71e498a903c5d36e81d1035ba3ae7e7c0b580b64,Paxillus,,,involutus,Paxillus involutus
71e498a903c5d36e81d1035ba3ae7e7c0b580b64,Paxillus,,,involutus,Paxillus involutus
71e498a903c5d36e81d1035ba3ae7e7c0b580b64,Paxillus,,,involutus,Paxillus involutus
71e498a903c5d36e81d1035ba3ae7e7c0b580b64,Paxillus,,,involutus,Paxillus involutus
71e498a903c5d36e81d1035ba3ae7e7c0b580b64,Paxillus,,,involutus,Paxillus involutus
71e498a903c5d36e81d1035ba3ae7e7c0b580b64,Paxillus,,,involutus,Paxillus involutus
71e498a903c5d36e81d1035ba3ae7e7c0b580b64,Paxillus,,,involutus,Paxillus involutus
71e498a903c5d36e81d1035ba3ae7e7c0b580b64,Paxillus,,,involutus,Paxillus involutus
71e498a903c5d36e81d1035ba3ae7e7c0b580b64,Paxillus,,,involutus,Paxillus involutus
71e498a903c5d36e81d1035ba3ae7e7c0b580b64,Paxillus,,,involutus,Paxillus involutus
71e498a903c5d36e81d1035ba3ae7e7c0b580b64,Paxillus,,,involutus,Paxillus involutus
71e498a903c5d36e81d1035ba3ae7e7c0b580b64,Paxillus,,,involutus,Paxillus involutus
7d2d58f3faf03fa90b1f1ca9c9fca926efd9c08c,Paxillus,,,involutus,Paxillus involutus
8042603f18938f5bd609603105a7b9eb46476782,Paxillus,,,involutus,Paxillus involutus
81a150f7ad8d61cd1898e120cec841524ad4d06a,Paxillus,,,involutus,Paxillus involutus
8d7d4e1956c753eec2c0bd3c38db0cc8f7cb6256,Paxillus,,,involutus,Paxillus involutus
a0733aa4954368e61613573195b0b3cb8daf7d30,Paxillus,,,involutus,Paxillus involutus
a4866141bfd63d2bc51a344eb5b75d2f5f7a7816,Paxillus,,,involutus,Paxillus involutus
a581dd006beaa54da7c345303e71cb307266d9f4,Paxillus,,,involutus,Paxillus involutus
bd3a4a10f312bdeeeb33c407c0b682e696b25192,Paxillus,,,involutus,Paxillus involutus
c1a945be6f1387ab80572fb6d961a19559ed2bbd,Paxillus,,,involutus,Paxillus involutus
c26caeb7f50886da4859608e776f69a2cc2b2ec6,Paxillus,,,involutus,Paxillus involutus
c49d46315fb097308bbf31709b88c3817846cda3,Paxillus,,,involutus,Paxillus involutus
c49d46315fb097308bbf31709b88c3817846cda3,Paxillus,,,involutus,Paxillus involutus
c51ae8b0d276d403a8a1d38878553534a6bc8386,Paxillus,,,involutus,Paxillus involutus
c6459dec3234dfe7f4212cd87c32fe3419f8e461,Paxillus,,,involutus,Paxillus involutus
c87c981f5aaab5ffc9360cadab7be36a806a4b97,Paxillus,,,involutus,Paxillus involutus
c87c981f5aaab5ffc9360cadab7be36a806a4b97,Paxillus,,,involutus,Paxillus involutus
c87c981f5aaab5ffc9360cadab7be36a806a4b97,Paxillus,,,involutus,Paxillus involutus
c87c981f5aaab5ffc9360cadab7be36a806a4b97,Paxillus,,,involutus,Paxillus involutus
c87c981f5aaab5ffc9360cadab7be36a806a4b97,Paxillus,,,involutus,Paxillus involutus
c87c981f5aaab5ffc9360cadab7be36a806a4b97,Paxillus,,,involutus,Paxillus involutus
c87c981f5aaab5ffc9360cadab7be36a806a4b97,Paxillus,,,involutus,Paxillus involutus
d0668bf5e879a224e2db1eab1f619eddddd58e65,Paxillus,,,involutus,Paxillus involutus
d77a591ad02dd43beb0bfd5c40682fc9fd8ff78e,Paxillus,,,involutus,Paxillus involutus
daf6bdbea762ea71dbb589f2007e73481e70cf47,Paxillus,,,involutus,Paxillus involutus
dc74d52e228a669f9d9427d4187b86c9a1e9e70d,Paxillus,,,involutus,Paxillus involutus
dc74d52e228a669f9d9427d4187b86c9a1e9e70d,Paxillus,,,involutus,Paxillus involutus
dc74d52e228a669f9d9427d4187b86c9a1e9e70d,Paxillus,,,involutus,Paxillus involutus
dc74d52e228a669f9d9427d4187b86c9a1e9e70d,Paxillus,,,involutus,Paxillus involutus
ed82a15f08660206b0b9d6e14d88ee98136a39a3,Paxillus,,,involutus,Paxillus involutus
f10a10ed3d22e755d1e47dbd6d6a049800d0c562,Paxillus,,,involutus,Paxillus involutus
fac7b87db60c084f76ca26b73fb53094d9e9d45d,Paxillus,,,involutus,Paxillus involutus
fac7b87db60c084f76ca26b73fb53094d9e9d45d,Paxillus,,,involutus,Paxillus involutus
fac7b87db60c084f76ca26b73fb53094d9e9d45d,Paxillus,,,involutus,Paxillus involutus
fd9093f42b6ee3518f4db24e3ec1c5fc75dd447e,Paxillus,,,involutus,Paxillus involutus
61ab755c9656008c6e5393583c16f24dd767e469,Peniophorella,sp,,,Peniophorella 
5ab6344682c0f535db645c98280cbc95c828fabd,Phaeocollybia,cf,,festiva,Phaeocollybia festiva
0e9037e02ecebd8ab3cc249a9728620531277e7a,Phaeogalera,cf,,stagnina,Phaeogalera stagnina
484ebaff957d93c65441651582aabbbbd7fa6b5c,Phaeogalera,cf,,stagnina,Phaeogalera stagnina
4a36f40afefff393ef14661c2ef97bb6a574faef,Phaeogalera,cf,,stagnina,Phaeogalera stagnina
6b7958a6be9ad991bbfa18164563115bc6321037,Phaeogalera,cf,,stagnina,Phaeogalera stagnina
f04910c231a9248dd51ec08ad84f39226dbfe915,Phaeogalera,cf,,stagnina,Phaeogalera stagnina
4c08e13f0b48c852499a4e7b910e5217162085a6,Phaeotheca,sp,,,Phaeotheca 
8f271330317c57a5f56808bb6c8fda7ff553eb1e,Phaeotheca,sp,,,Phaeotheca 
c08b924a04e37b5dbb16717e7cab0f3757312831,Phaeotheca,sp,,,Phaeotheca 
d62679b4ab6f50ca33db75e21f7963026337ac73,Phaeotheca,sp,,,Phaeotheca 
f09005a934328904da1f203bb5ee1ea099bc1349,Phaeotheca,sp,,,Phaeotheca 
953ddacc8bec9048efe80b13b708ad1027137d93,Phlebiella,,,christiansenii,Phlebiella christiansenii
08776904a190117dcad2f4c8f7ff95fb9964f65c,Phlegmacium,,,argutum,Phlegmacium argutum
f124d201cc7230e76ea852be579b1e3285a215d4,Phlegmacium,,,argutum,Phlegmacium argutum
f0aec5e78d63e01bb545d131d2d90d6af61e7678,Phlegmacium,,,balteatotomentosum,Phlegmacium balteatotomentosum
0fead2823317be71f8f5cefdc6d7ba653edc8fe3,Phlegmacium,aff,,borgsjoeense,Phlegmacium borgsjoeense
7ef10d7eea022e06373d46ead6e834604f1caf7b,Phlegmacium,,,glaucopoides,Phlegmacium glaucopoides
18b107654a007528c86531e281d367bcf82385ba,Phloeomana,cf,,hiemalis,Phloeomana hiemalis
18b107654a007528c86531e281d367bcf82385ba,Phloeomana,cf,,hiemalis,Phloeomana hiemalis
18b107654a007528c86531e281d367bcf82385ba,Phloeomana,cf,,hiemalis,Phloeomana hiemalis
72407c55b675b0f600fddb57e99b78d441f79682,Phloeomana,cf,,hiemalis,Phloeomana hiemalis
739a1982333d5d3ed8f4fafbdbbfc452152653e6,Phloeomana,cf,,hiemalis,Phloeomana hiemalis
7e6afe20e173588b52fadb0cf2d45db467ba0120,Phloeomana,cf,,hiemalis,Phloeomana hiemalis
8aafcb997c6287d631fd87b2bdc5c39cbb9d9776,Phloeomana,cf,,hiemalis,Phloeomana hiemalis
8aafcb997c6287d631fd87b2bdc5c39cbb9d9776,Phloeomana,cf,,hiemalis,Phloeomana hiemalis
9f62ca279f39d6f35af2faebf57d6465167f48fd,Phloeomana,cf,,hiemalis,Phloeomana hiemalis
5b2c689402ffe4848f0bccd6a3ac87630d2bf34d,Pholiota,sp,,,Pholiota 
5503b0ea4c607048bb4fa1e6a00961638032b69c,Pholiota,cf,2,conissans,Pholiota conissans
7de5ef8d6909950acd392f3faf7af4cee3f3d362,Pholiota,cf,,conissans,Pholiota conissans
4ec8b4fe5cd3514f51d70cdec1cae46529000d1e,Pholiota,,,flammans,Pholiota flammans
7a1f87f1239f34fc10681154c4285da4e954fb58,Pholiota,,,flammans,Pholiota flammans
f01b31b4f7661e791f78d6c81d132eddfa1027db,Pholiota,,,flammans,Pholiota flammans
b79abe5ddc49606fd23f3b8ba1b31d0f15a32231,Pholiota,,,kodiakensis,Pholiota kodiakensis
e8c6e8a81fb436f1645042ecf3d5cab59a73aaf0,Pholiota,,,kodiakensis,Pholiota kodiakensis
67f6a507b6bf589499a927332d44e0f039a13a97,Pholiota,aff,2,limonella,Pholiota limonella
44a925f763ed90b32513021d47cd132b1b8a4308,Pholiota,aff,,limonella,Pholiota limonella
0cbfd40c4abeca72276a8a90b4067036c1fa5920,Pholiota,cf,,lubrica,Pholiota lubrica
43b004745c0a45bba90bfa59d8f348ec88db91ab,Pholiota,cf,,lubrica,Pholiota lubrica
543fe69d964d1b096497209eafce1a1fc6479033,Pholiota,cf,,lubrica,Pholiota lubrica
5c543d24f51f1cde3eb1a57aaa9b71d191485035,Pholiota,cf,,lubrica,Pholiota lubrica
711c0b4296dee012115615f1803b7d912f90e10e,Pholiota,cf,,lubrica,Pholiota lubrica
a957173f64a965f60a55ffcb80f2a37356e66945,Pholiota,cf,,lubrica,Pholiota lubrica
e083d923e7de4d87b1ee7e111e1fb39672aaed24,Pholiota,cf,,lubrica,Pholiota lubrica
f5cd6fe8e6b47f889a2c853c826817889bdff35e,Pholiota,cf,,lubrica,Pholiota lubrica
f5cd6fe8e6b47f889a2c853c826817889bdff35e,Pholiota,cf,,lubrica,Pholiota lubrica
f960f6438e2fe48624ff7ca4f32822359be9aadb,Pholiota,cf,,lubrica,Pholiota lubrica
1490543b65fcbac403a9548e977da9aa486fe850,Pholiota,cf,,mixta,Pholiota mixta
31a2f6469db30676e6c67aa212d4daf7825b2115,Pholiota,cf,,scamba,Pholiota scamba
e69c6da32976313398867ce822a8736390ee4f0d,Pholiota,,,spumosa,Pholiota spumosa
230e3f8f9e2876dc9d5501fd3779e5380140a2dc,Pholiota,cf,,squarrosa,Pholiota squarrosa
36da639612f7a25dc1813a68d8d462b2397a6b12,Pholiota,cf,,squarrosa,Pholiota squarrosa
4156a836b328e16d0adc218e6c87ee8f5668bc68,Pholiota,cf,,squarrosa,Pholiota squarrosa
693d83b158a60ef76cf5d32257d574a58e4559e2,Pholiota,cf,,squarrosa,Pholiota squarrosa
b4e9425c7a95a61d8b2bbd4e0f1ea114e2c4db8e,Pholiota,cf,,squarrosa,Pholiota squarrosa
b58ca6437fe0ad35fe75634774b699b1ac90ea7f,Pholiota,cf,,squarrosa,Pholiota squarrosa
ba3a99d43f45246229be2644ae2cb87782e9b88d,Pholiota,cf,,squarrosa,Pholiota squarrosa
e50653688d4693958ec5b60298a368dca02d62a4,Pholiota,cf,,squarrosa,Pholiota squarrosa
e50653688d4693958ec5b60298a368dca02d62a4,Pholiota,cf,,squarrosa,Pholiota squarrosa
e50653688d4693958ec5b60298a368dca02d62a4,Pholiota,cf,,squarrosa,Pholiota squarrosa
e606c95df6e634f21fea2b46c12c92b21ff4a30d,Pholiota,cf,,squarrosa,Pholiota squarrosa
a94adb58ded4dd333879a96e94dc14d709c65977,Pholiota,,,squarrosoides,Pholiota squarrosoides
b1ba383790157c5be38183dc7dd781dd3a20f004,Piloderma,,,sphaerosporum,Piloderma sphaerosporum
9eb961ee0f3ef4f29b44e3d852ea38588dc0b381,Pleurotus,,,calyptratus,Pleurotus calyptratus
046439d5f5172b6d5985bd7d466705e23b5cfb9d,Pleurotus,,,ostreatus,Pleurotus ostreatus
047e5944596b1622ae3d69c73240ba9c8223c09d,Pleurotus,,,ostreatus,Pleurotus ostreatus
086d8a6ffe907c5b47c40568c9163cf95a13e71d,Pleurotus,,,ostreatus,Pleurotus ostreatus
183949f2ab486cf2b28f7fa7729fe0e406e5fadb,Pleurotus,,,ostreatus,Pleurotus ostreatus
183949f2ab486cf2b28f7fa7729fe0e406e5fadb,Pleurotus,,,ostreatus,Pleurotus ostreatus
183949f2ab486cf2b28f7fa7729fe0e406e5fadb,Pleurotus,,,ostreatus,Pleurotus ostreatus
183949f2ab486cf2b28f7fa7729fe0e406e5fadb,Pleurotus,,,ostreatus,Pleurotus ostreatus
183949f2ab486cf2b28f7fa7729fe0e406e5fadb,Pleurotus,,,ostreatus,Pleurotus ostreatus
183949f2ab486cf2b28f7fa7729fe0e406e5fadb,Pleurotus,,,ostreatus,Pleurotus ostreatus
183949f2ab486cf2b28f7fa7729fe0e406e5fadb,Pleurotus,,,ostreatus,Pleurotus ostreatus
183949f2ab486cf2b28f7fa7729fe0e406e5fadb,Pleurotus,,,ostreatus,Pleurotus ostreatus
183949f2ab486cf2b28f7fa7729fe0e406e5fadb,Pleurotus,,,ostreatus,Pleurotus ostreatus
183949f2ab486cf2b28f7fa7729fe0e406e5fadb,Pleurotus,,,ostreatus,Pleurotus ostreatus
183949f2ab486cf2b28f7fa7729fe0e406e5fadb,Pleurotus,,,ostreatus,Pleurotus ostreatus
183949f2ab486cf2b28f7fa7729fe0e406e5fadb,Pleurotus,,,ostreatus,Pleurotus ostreatus
183949f2ab486cf2b28f7fa7729fe0e406e5fadb,Pleurotus,,,ostreatus,Pleurotus ostreatus
183949f2ab486cf2b28f7fa7729fe0e406e5fadb,Pleurotus,,,ostreatus,Pleurotus ostreatus
183949f2ab486cf2b28f7fa7729fe0e406e5fadb,Pleurotus,,,ostreatus,Pleurotus ostreatus
183949f2ab486cf2b28f7fa7729fe0e406e5fadb,Pleurotus,,,ostreatus,Pleurotus ostreatus
183949f2ab486cf2b28f7fa7729fe0e406e5fadb,Pleurotus,,,ostreatus,Pleurotus ostreatus
183949f2ab486cf2b28f7fa7729fe0e406e5fadb,Pleurotus,,,ostreatus,Pleurotus ostreatus
183949f2ab486cf2b28f7fa7729fe0e406e5fadb,Pleurotus,,,ostreatus,Pleurotus ostreatus
183949f2ab486cf2b28f7fa7729fe0e406e5fadb,Pleurotus,,,ostreatus,Pleurotus ostreatus
183949f2ab486cf2b28f7fa7729fe0e406e5fadb,Pleurotus,,,ostreatus,Pleurotus ostreatus
1a05319fa339b29b72a33ebdbc25ab976bc2ed59,Pleurotus,,,ostreatus,Pleurotus ostreatus
1a3a182a9993bd4698183a896fd7f3f96e67291d,Pleurotus,,,ostreatus,Pleurotus ostreatus
229205440a87ff715447760b75df359ef2ea2989,Pleurotus,,,ostreatus,Pleurotus ostreatus
2383bb4556087eefab8bf7549bd31cae1f5aea60,Pleurotus,,,ostreatus,Pleurotus ostreatus
257541cdccc8eb033f425e489d9680b59739ac80,Pleurotus,,,ostreatus,Pleurotus ostreatus
26a9c4a58c6df0d04d901f285aea46b14289221c,Pleurotus,,,ostreatus,Pleurotus ostreatus
26a9c4a58c6df0d04d901f285aea46b14289221c,Pleurotus,,,ostreatus,Pleurotus ostreatus
26a9c4a58c6df0d04d901f285aea46b14289221c,Pleurotus,,,ostreatus,Pleurotus ostreatus
26a9c4a58c6df0d04d901f285aea46b14289221c,Pleurotus,,,ostreatus,Pleurotus ostreatus
26a9c4a58c6df0d04d901f285aea46b14289221c,Pleurotus,,,ostreatus,Pleurotus ostreatus
26a9c4a58c6df0d04d901f285aea46b14289221c,Pleurotus,,,ostreatus,Pleurotus ostreatus
2a63b4907b82b670f496af9ecbe499fd0807e270,Pleurotus,,,ostreatus,Pleurotus ostreatus
2ab67df5257b27e4ff067ffb82fe872de13072de,Pleurotus,,,ostreatus,Pleurotus ostreatus
2f607181e9d2ef377489b38a472529e1c0269abd,Pleurotus,,,ostreatus,Pleurotus ostreatus
2f607181e9d2ef377489b38a472529e1c0269abd,Pleurotus,,,ostreatus,Pleurotus ostreatus
32dd6d3a533a668b939f354c27660d9e59e85a75,Pleurotus,,,ostreatus,Pleurotus ostreatus
33125013c8a2b001d52c3559ba3a65c255fe22ad,Pleurotus,,,ostreatus,Pleurotus ostreatus
337c50f909645a57bc2c60e24494b75efc6994d5,Pleurotus,,,ostreatus,Pleurotus ostreatus
3543de803257f87676c18362541317ca13ce9581,Pleurotus,,,ostreatus,Pleurotus ostreatus
372fb508557c37685af1ce145752ce34e48733cb,Pleurotus,,,ostreatus,Pleurotus ostreatus
38c39375aad32e4c5004539f2dc95ddfcdf48ad1,Pleurotus,,,ostreatus,Pleurotus ostreatus
38c39375aad32e4c5004539f2dc95ddfcdf48ad1,Pleurotus,,,ostreatus,Pleurotus ostreatus
38c39375aad32e4c5004539f2dc95ddfcdf48ad1,Pleurotus,,,ostreatus,Pleurotus ostreatus
38c39375aad32e4c5004539f2dc95ddfcdf48ad1,Pleurotus,,,ostreatus,Pleurotus ostreatus
38c39375aad32e4c5004539f2dc95ddfcdf48ad1,Pleurotus,,,ostreatus,Pleurotus ostreatus
38c39375aad32e4c5004539f2dc95ddfcdf48ad1,Pleurotus,,,ostreatus,Pleurotus ostreatus
38c39375aad32e4c5004539f2dc95ddfcdf48ad1,Pleurotus,,,ostreatus,Pleurotus ostreatus
38c39375aad32e4c5004539f2dc95ddfcdf48ad1,Pleurotus,,,ostreatus,Pleurotus ostreatus
38c39375aad32e4c5004539f2dc95ddfcdf48ad1,Pleurotus,,,ostreatus,Pleurotus ostreatus
38c39375aad32e4c5004539f2dc95ddfcdf48ad1,Pleurotus,,,ostreatus,Pleurotus ostreatus
38c39375aad32e4c5004539f2dc95ddfcdf48ad1,Pleurotus,,,ostreatus,Pleurotus ostreatus
38c39375aad32e4c5004539f2dc95ddfcdf48ad1,Pleurotus,,,ostreatus,Pleurotus ostreatus
38c39375aad32e4c5004539f2dc95ddfcdf48ad1,Pleurotus,,,ostreatus,Pleurotus ostreatus
4763d6dcb6767b2a7108b637eb7f125ceb25de44,Pleurotus,,,ostreatus,Pleurotus ostreatus
567d54917b2be63265d37878e17477ff31f628b4,Pleurotus,,,ostreatus,Pleurotus ostreatus
59e410e3135a67e835e7ad1bcdc791a2c65ce1f3,Pleurotus,,,ostreatus,Pleurotus ostreatus
5b04ee5f0d4df3fc90026488d5871bd7c5a32b4d,Pleurotus,,,ostreatus,Pleurotus ostreatus
61d544f52605ff6da4abc4436bd95efb85593b98,Pleurotus,,,ostreatus,Pleurotus ostreatus
6562e55d3adc03503447ba5a5ef99e684c30a004,Pleurotus,,,ostreatus,Pleurotus ostreatus
6b69b9eea980abc83b920034b59a1d422dc46ca9,Pleurotus,,,ostreatus,Pleurotus ostreatus
70f36ae107c41495daf6f269ba31a7b7aa3a9bad,Pleurotus,,,ostreatus,Pleurotus ostreatus
70f36ae107c41495daf6f269ba31a7b7aa3a9bad,Pleurotus,,,ostreatus,Pleurotus ostreatus
70f36ae107c41495daf6f269ba31a7b7aa3a9bad,Pleurotus,,,ostreatus,Pleurotus ostreatus
70f36ae107c41495daf6f269ba31a7b7aa3a9bad,Pleurotus,,,ostreatus,Pleurotus ostreatus
70f36ae107c41495daf6f269ba31a7b7aa3a9bad,Pleurotus,,,ostreatus,Pleurotus ostreatus
70f36ae107c41495daf6f269ba31a7b7aa3a9bad,Pleurotus,,,ostreatus,Pleurotus ostreatus
70f36ae107c41495daf6f269ba31a7b7aa3a9bad,Pleurotus,,,ostreatus,Pleurotus ostreatus
70f36ae107c41495daf6f269ba31a7b7aa3a9bad,Pleurotus,,,ostreatus,Pleurotus ostreatus
70f36ae107c41495daf6f269ba31a7b7aa3a9bad,Pleurotus,,,ostreatus,Pleurotus ostreatus
70f36ae107c41495daf6f269ba31a7b7aa3a9bad,Pleurotus,,,ostreatus,Pleurotus ostreatus
70f36ae107c41495daf6f269ba31a7b7aa3a9bad,Pleurotus,,,ostreatus,Pleurotus ostreatus
70f36ae107c41495daf6f269ba31a7b7aa3a9bad,Pleurotus,,,ostreatus,Pleurotus ostreatus
70f36ae107c41495daf6f269ba31a7b7aa3a9bad,Pleurotus,,,ostreatus,Pleurotus ostreatus
70f36ae107c41495daf6f269ba31a7b7aa3a9bad,Pleurotus,,,ostreatus,Pleurotus ostreatus
70f36ae107c41495daf6f269ba31a7b7aa3a9bad,Pleurotus,,,ostreatus,Pleurotus ostreatus
7107565ef8482142264ee1b828da6a454cb04450,Pleurotus,,,ostreatus,Pleurotus ostreatus
7eec33a00fb967b7f6f89ed21deabfbc8cbe37c8,Pleurotus,,,ostreatus,Pleurotus ostreatus
7fc6adf67aa28ca2ae4ce3a4447f72699931f76d,Pleurotus,,,ostreatus,Pleurotus ostreatus
82e859a23f96dfe2529e9cb07f63c3a58ef95bf8,Pleurotus,,,ostreatus,Pleurotus ostreatus
82e859a23f96dfe2529e9cb07f63c3a58ef95bf8,Pleurotus,,,ostreatus,Pleurotus ostreatus
82e859a23f96dfe2529e9cb07f63c3a58ef95bf8,Pleurotus,,,ostreatus,Pleurotus ostreatus
82e859a23f96dfe2529e9cb07f63c3a58ef95bf8,Pleurotus,,,ostreatus,Pleurotus ostreatus
82e859a23f96dfe2529e9cb07f63c3a58ef95bf8,Pleurotus,,,ostreatus,Pleurotus ostreatus
82e859a23f96dfe2529e9cb07f63c3a58ef95bf8,Pleurotus,,,ostreatus,Pleurotus ostreatus
82e859a23f96dfe2529e9cb07f63c3a58ef95bf8,Pleurotus,,,ostreatus,Pleurotus ostreatus
82e859a23f96dfe2529e9cb07f63c3a58ef95bf8,Pleurotus,,,ostreatus,Pleurotus ostreatus
82e859a23f96dfe2529e9cb07f63c3a58ef95bf8,Pleurotus,,,ostreatus,Pleurotus ostreatus
82e859a23f96dfe2529e9cb07f63c3a58ef95bf8,Pleurotus,,,ostreatus,Pleurotus ostreatus
82e859a23f96dfe2529e9cb07f63c3a58ef95bf8,Pleurotus,,,ostreatus,Pleurotus ostreatus
82e859a23f96dfe2529e9cb07f63c3a58ef95bf8,Pleurotus,,,ostreatus,Pleurotus ostreatus
82e859a23f96dfe2529e9cb07f63c3a58ef95bf8,Pleurotus,,,ostreatus,Pleurotus ostreatus
82e859a23f96dfe2529e9cb07f63c3a58ef95bf8,Pleurotus,,,ostreatus,Pleurotus ostreatus
82e859a23f96dfe2529e9cb07f63c3a58ef95bf8,Pleurotus,,,ostreatus,Pleurotus ostreatus
82e859a23f96dfe2529e9cb07f63c3a58ef95bf8,Pleurotus,,,ostreatus,Pleurotus ostreatus
82e859a23f96dfe2529e9cb07f63c3a58ef95bf8,Pleurotus,,,ostreatus,Pleurotus ostreatus
82e859a23f96dfe2529e9cb07f63c3a58ef95bf8,Pleurotus,,,ostreatus,Pleurotus ostreatus
82e859a23f96dfe2529e9cb07f63c3a58ef95bf8,Pleurotus,,,ostreatus,Pleurotus ostreatus
82e859a23f96dfe2529e9cb07f63c3a58ef95bf8,Pleurotus,,,ostreatus,Pleurotus ostreatus
82e859a23f96dfe2529e9cb07f63c3a58ef95bf8,Pleurotus,,,ostreatus,Pleurotus ostreatus
82e859a23f96dfe2529e9cb07f63c3a58ef95bf8,Pleurotus,,,ostreatus,Pleurotus ostreatus
82e859a23f96dfe2529e9cb07f63c3a58ef95bf8,Pleurotus,,,ostreatus,Pleurotus ostreatus
82e859a23f96dfe2529e9cb07f63c3a58ef95bf8,Pleurotus,,,ostreatus,Pleurotus ostreatus
82e859a23f96dfe2529e9cb07f63c3a58ef95bf8,Pleurotus,,,ostreatus,Pleurotus ostreatus
82e859a23f96dfe2529e9cb07f63c3a58ef95bf8,Pleurotus,,,ostreatus,Pleurotus ostreatus
82e859a23f96dfe2529e9cb07f63c3a58ef95bf8,Pleurotus,,,ostreatus,Pleurotus ostreatus
82e859a23f96dfe2529e9cb07f63c3a58ef95bf8,Pleurotus,,,ostreatus,Pleurotus ostreatus
82e859a23f96dfe2529e9cb07f63c3a58ef95bf8,Pleurotus,,,ostreatus,Pleurotus ostreatus
82e859a23f96dfe2529e9cb07f63c3a58ef95bf8,Pleurotus,,,ostreatus,Pleurotus ostreatus
82e859a23f96dfe2529e9cb07f63c3a58ef95bf8,Pleurotus,,,ostreatus,Pleurotus ostreatus
82e859a23f96dfe2529e9cb07f63c3a58ef95bf8,Pleurotus,,,ostreatus,Pleurotus ostreatus
82e859a23f96dfe2529e9cb07f63c3a58ef95bf8,Pleurotus,,,ostreatus,Pleurotus ostreatus
82e859a23f96dfe2529e9cb07f63c3a58ef95bf8,Pleurotus,,,ostreatus,Pleurotus ostreatus
82e859a23f96dfe2529e9cb07f63c3a58ef95bf8,Pleurotus,,,ostreatus,Pleurotus ostreatus
82e859a23f96dfe2529e9cb07f63c3a58ef95bf8,Pleurotus,,,ostreatus,Pleurotus ostreatus
82e859a23f96dfe2529e9cb07f63c3a58ef95bf8,Pleurotus,,,ostreatus,Pleurotus ostreatus
82e859a23f96dfe2529e9cb07f63c3a58ef95bf8,Pleurotus,,,ostreatus,Pleurotus ostreatus
93ee75ff050ac121356df4266b0aff9839154fad,Pleurotus,,,ostreatus,Pleurotus ostreatus
94b71ac35ba9e79d93194ccafd1871ad4a6f0cce,Pleurotus,,,ostreatus,Pleurotus ostreatus
a6be12b5a3acfcea9de592085fbfe07c2884fb8e,Pleurotus,,,ostreatus,Pleurotus ostreatus
a6f60955de79b6f4a297dfee9c348a7385cc3b8d,Pleurotus,,,ostreatus,Pleurotus ostreatus
b752fd862de3056bc3740f02d1c1fd744341611d,Pleurotus,,,ostreatus,Pleurotus ostreatus
ba6b7aafd6d6ee6663368bb04da792bc8d3c3e80,Pleurotus,,,ostreatus,Pleurotus ostreatus
c3bc19812a8b9787ed5ae88913eacd7feb7b6636,Pleurotus,,,ostreatus,Pleurotus ostreatus
d1df9efaf29cb357aca351f190f7890a2ae3ec5d,Pleurotus,,,ostreatus,Pleurotus ostreatus
d271ef76a91b67d45e647180fe540ed3e620d250,Pleurotus,,,ostreatus,Pleurotus ostreatus
deceb964309d46689be097ff0752496489c0540c,Pleurotus,,,ostreatus,Pleurotus ostreatus
e2cc7dd2d9948bf6e3b8868cea66580fe3f245bd,Pleurotus,,,ostreatus,Pleurotus ostreatus
e2cc7dd2d9948bf6e3b8868cea66580fe3f245bd,Pleurotus,,,ostreatus,Pleurotus ostreatus
e2cc7dd2d9948bf6e3b8868cea66580fe3f245bd,Pleurotus,,,ostreatus,Pleurotus ostreatus
e2cc7dd2d9948bf6e3b8868cea66580fe3f245bd,Pleurotus,,,ostreatus,Pleurotus ostreatus
e2cc7dd2d9948bf6e3b8868cea66580fe3f245bd,Pleurotus,,,ostreatus,Pleurotus ostreatus
e2cc7dd2d9948bf6e3b8868cea66580fe3f245bd,Pleurotus,,,ostreatus,Pleurotus ostreatus
e2cc7dd2d9948bf6e3b8868cea66580fe3f245bd,Pleurotus,,,ostreatus,Pleurotus ostreatus
e2cc7dd2d9948bf6e3b8868cea66580fe3f245bd,Pleurotus,,,ostreatus,Pleurotus ostreatus
e2cc7dd2d9948bf6e3b8868cea66580fe3f245bd,Pleurotus,,,ostreatus,Pleurotus ostreatus
e2cc7dd2d9948bf6e3b8868cea66580fe3f245bd,Pleurotus,,,ostreatus,Pleurotus ostreatus
e2cc7dd2d9948bf6e3b8868cea66580fe3f245bd,Pleurotus,,,ostreatus,Pleurotus ostreatus
e2cc7dd2d9948bf6e3b8868cea66580fe3f245bd,Pleurotus,,,ostreatus,Pleurotus ostreatus
e2cc7dd2d9948bf6e3b8868cea66580fe3f245bd,Pleurotus,,,ostreatus,Pleurotus ostreatus
e2cc7dd2d9948bf6e3b8868cea66580fe3f245bd,Pleurotus,,,ostreatus,Pleurotus ostreatus
e2cc7dd2d9948bf6e3b8868cea66580fe3f245bd,Pleurotus,,,ostreatus,Pleurotus ostreatus
e2cc7dd2d9948bf6e3b8868cea66580fe3f245bd,Pleurotus,,,ostreatus,Pleurotus ostreatus
e2cc7dd2d9948bf6e3b8868cea66580fe3f245bd,Pleurotus,,,ostreatus,Pleurotus ostreatus
e71bcc0cbc15848a327e94ebf883598e1fb5f486,Pleurotus,,,ostreatus,Pleurotus ostreatus
e97676d483d24939272a79ce2565fb41a0571b29,Pleurotus,,,ostreatus,Pleurotus ostreatus
f06881dee3c03f075246a93659ea848815eff639,Pleurotus,,,ostreatus,Pleurotus ostreatus
f06881dee3c03f075246a93659ea848815eff639,Pleurotus,,,ostreatus,Pleurotus ostreatus
f06881dee3c03f075246a93659ea848815eff639,Pleurotus,,,ostreatus,Pleurotus ostreatus
fc15ff299753308a68209045a0e75d8536ac8881,Pleurotus,,,ostreatus,Pleurotus ostreatus
feb3d51abac910a55a593811bcb2a0ff354c3190,Pleurotus,,,ostreatus,Pleurotus ostreatus
9ed8070c3db02580e05590ae008f20506f67d46e,Pleurotus,,,pulmonarius,Pleurotus pulmonarius
cf46880d0e6973ac8ac09adb76ca34aceda44e57,Pleurotus,,,pulmonarius,Pleurotus pulmonarius
2bacaa2fbc01882614daf6693210ab3ec7a60b40,Pluteus,,,atromarginatus,Pluteus atromarginatus
f14255eb62c687e8646919bdcc376b34b209e84c,Pluteus,,,atromarginatus,Pluteus atromarginatus
2caf7e400fd001a66bddc10a8f86c18d1e38f140,Pluteus,cf,,brunneidiscus,Pluteus brunneidiscus
01ec36a01407798cad7ba4fee586ed3be9dcd7e6,Pluteus,,,cervinus,Pluteus cervinus
3a431d30b69ecfaf62431ef6213d3373daef2a21,Pluteus,,,cervinus,Pluteus cervinus
e3c18016bfb663236a5ad2fef1f520c8c713c18d,Pluteus,,,cervinus,Pluteus cervinus
d5ab61a189ee7e2a95b4815b956352cb79e7fc25,Pluteus,,,chrysophlebius,Pluteus chrysophlebius
014d5e5ec6889bad5d071d5224230409483e0f42,Pluteus,aff,2,cinereofuscus,Pluteus cinereofuscus
014d5e5ec6889bad5d071d5224230409483e0f42,Pluteus,aff,2,cinereofuscus,Pluteus cinereofuscus
4ac44c491d4fdc15b2ccd6a5eef0b1a9c4fa7404,Pluteus,aff,2,cinereofuscus,Pluteus cinereofuscus
4ac44c491d4fdc15b2ccd6a5eef0b1a9c4fa7404,Pluteus,aff,2,cinereofuscus,Pluteus cinereofuscus
4ac44c491d4fdc15b2ccd6a5eef0b1a9c4fa7404,Pluteus,aff,2,cinereofuscus,Pluteus cinereofuscus
4ac44c491d4fdc15b2ccd6a5eef0b1a9c4fa7404,Pluteus,aff,2,cinereofuscus,Pluteus cinereofuscus
4ac44c491d4fdc15b2ccd6a5eef0b1a9c4fa7404,Pluteus,aff,2,cinereofuscus,Pluteus cinereofuscus
8345bd73c0925178e4065421091e115bd0c0c8ab,Pluteus,aff,2,cinereofuscus,Pluteus cinereofuscus
fabdc40565dc073652fc8000208fdf81fa752382,Pluteus,aff,2,cinereofuscus,Pluteus cinereofuscus
be73d48a7f19e2be218ba66ec35419279013f4fa,Pluteus,aff,,cinereofuscus,Pluteus cinereofuscus
debd389b5764ed9c5ac87d54fe7cea56244cfd48,Pluteus,aff,,cinereofuscus,Pluteus cinereofuscus
383182f53ca180319a8f596a895b88b9a2b0f28b,Pluteus,,,romellii,Pluteus romellii
4099942601d82467406940fd54eae7ef340655a4,Pluteus,,,romellii,Pluteus romellii
50aad9a2d9c0a9a9696139f4445b284d004dd097,Pluteus,,,romellii,Pluteus romellii
54e54d4cc62e6234897f810e3fc11ec1956a32fa,Pluteus,,,romellii,Pluteus romellii
688e0a695aec9f89fd84d1518a304d92afa3becd,Pluteus,,,romellii,Pluteus romellii
6b44634f70d744d11c208f77dc47f1cab44cffc0,Pluteus,,,romellii,Pluteus romellii
a03f677535328f4c04ad266186f7c0394fb3ed0c,Pluteus,,,romellii,Pluteus romellii
a0f0630e5e1297fa801c208f73ebbba5aff8ac75,Pluteus,,,romellii,Pluteus romellii
cf3de09c8f7ac33dd47d90d073d2661dd1d53d3b,Pluteus,,,romellii,Pluteus romellii
98daf440ea370e586687b0d4080fc7d14efcd5e6,Pluteus,,,tomentosulus,Pluteus tomentosulus
010a435cd9c9b4f811e19b5e4b6f8d8a65fe4357,Polyozellus,sp,1,,Polyozellus 
220a7b54f56b2f5fc43a7495a148482c013581fa,Polyozellus,sp,1,,Polyozellus 
4ecdf4e9ab9c61a40ccb7d101ab92d5be420655f,Polyozellus,sp,2,,Polyozellus 
47bf7a08fda483b71fa6926901b04f7735d85358,Polyozellus,cf,,mucidulus,Polyozellus mucidulus
e90af04306ec89fd39e6188fa07dd5fc3df73f0b,Polyozellus,cf,,mucidulus,Polyozellus mucidulus
fb091bf9f7977438468ddd41e1ec4fc8a2beddf3,Polyozellus,cf,,mucidulus,Polyozellus mucidulus
704a6f15475f3800ee1704dc7390e8594a201718,Polyporales,sp,,,Polyporales 
9968aea4c3edce4a80b40a2df00f4b6c6031058a,Polyporales,sp,2,,Polyporales 
044095bf8d4fdd3dc88b34588d3d5e63eb4494ae,Polyporales,sp,3,,Polyporales 
08b5a5a2e1fbcd30f39f8bd5a4b7772d1952668b,Polyporales,sp,3,,Polyporales 
0c90dc3be3e4b0c6a9da9cfc72844a8e55d76e65,Polyporales,sp,3,,Polyporales 
1217ba771a562cae7b898b522a16e742cc019c8d,Polyporales,sp,3,,Polyporales 
1217ba771a562cae7b898b522a16e742cc019c8d,Polyporales,sp,3,,Polyporales 
1217ba771a562cae7b898b522a16e742cc019c8d,Polyporales,sp,3,,Polyporales 
1217ba771a562cae7b898b522a16e742cc019c8d,Polyporales,sp,3,,Polyporales 
1217ba771a562cae7b898b522a16e742cc019c8d,Polyporales,sp,3,,Polyporales 
1217ba771a562cae7b898b522a16e742cc019c8d,Polyporales,sp,3,,Polyporales 
1217ba771a562cae7b898b522a16e742cc019c8d,Polyporales,sp,3,,Polyporales 
1217ba771a562cae7b898b522a16e742cc019c8d,Polyporales,sp,3,,Polyporales 
1217ba771a562cae7b898b522a16e742cc019c8d,Polyporales,sp,3,,Polyporales 
1217ba771a562cae7b898b522a16e742cc019c8d,Polyporales,sp,3,,Polyporales 
1217ba771a562cae7b898b522a16e742cc019c8d,Polyporales,sp,3,,Polyporales 
1217ba771a562cae7b898b522a16e742cc019c8d,Polyporales,sp,3,,Polyporales 
15a74d58fac295b48b615e5030b8ea0285506779,Polyporales,sp,3,,Polyporales 
17ae94cbe7785e5c605482f46a6129f1fe3bca25,Polyporales,sp,3,,Polyporales 
17ae94cbe7785e5c605482f46a6129f1fe3bca25,Polyporales,sp,3,,Polyporales 
26ee3542c0a1db96783de4b096e4d75cff7cefd4,Polyporales,sp,3,,Polyporales 
2ea3e8f37afd1350983de9a97b6def36bd7dd92d,Polyporales,sp,3,,Polyporales 
353f74ac3610895ba49dc7c54a7e96b19f1590af,Polyporales,sp,3,,Polyporales 
3d50240006a2ef4b672e99bbcc892a004c65da66,Polyporales,sp,3,,Polyporales 
41efca898cb84e4c0b6555b31ac67ec0646ba84f,Polyporales,sp,3,,Polyporales 
45be6e0306b93f7a2fbd2d808013c33745b356c0,Polyporales,sp,3,,Polyporales 
49ccfabb7149cabd216c609b9679341c4f384692,Polyporales,sp,3,,Polyporales 
4bbabb8e3d59064e65728b991ea43ebdcfc06e93,Polyporales,sp,3,,Polyporales 
4c7d818d7e10d1d83baaf9329d13de3297d4a5ea,Polyporales,sp,3,,Polyporales 
4ea275a07d3c15912700cb55737f753b0e79a22e,Polyporales,sp,3,,Polyporales 
5b4720db401de88bcc6d0df6b1424525bfa4b4e8,Polyporales,sp,3,,Polyporales 
62aa5ebd9bce80d3b72e0dc58789196a93fe85c2,Polyporales,sp,3,,Polyporales 
74e324b15b350f5713d4fc71e29b2e2c354ad6ec,Polyporales,sp,3,,Polyporales 
7c4077e84e0a8e8a04eef57a18fde52bb6a8fc96,Polyporales,sp,3,,Polyporales 
830389fb697d0f75b9fedd68e894f11c989b7e2f,Polyporales,sp,3,,Polyporales 
87ff5de37eb385922110869a38473f4e8fff717b,Polyporales,sp,3,,Polyporales 
9353da87df7bb738940f581815830a597d57b3ae,Polyporales,sp,3,,Polyporales 
a1263dd4940f48177b12499bcd57854cba904b51,Polyporales,sp,3,,Polyporales 
a1263dd4940f48177b12499bcd57854cba904b51,Polyporales,sp,3,,Polyporales 
a4e9e40feadd5c7ded370a6b5371daa03fcdefa0,Polyporales,sp,3,,Polyporales 
c7cba811fd55725e6d18aa7d394156706c1451c0,Polyporales,sp,3,,Polyporales 
e51f61f3675e9b94a05b706d98da45db7dddce34,Polyporales,sp,3,,Polyporales 
eddf8c7c2d195c0fc684208b99461176a119e941,Polyporales,sp,3,,Polyporales 
f25e082f88de7e85147a331a361f76052e474268,Polyporales,sp,3,,Polyporales 
5b153ca764409b35af37ce94d43a6f3a03b84564,Polyporus,cf,,umbellatus,Polyporus umbellatus
0e09697b07329bb85e17a487f63d7ccfca0a0bab,Populus,,,tremula,Populus tremula
5344f8641a1d3edb6a6b57a3b0274f56430d1d2c,Protostropharia,,,alcis,Protostropharia alcis
27fc306effa0746f551637260d6f4c7eaf35c3fb,Psathyrella,sp,1,,Psathyrella 
c4591f4eac2349230e0ff6d84dc2c6ddbe622ac1,Psathyrella,sp,2,,Psathyrella 
666aa4d83bf3b48ce9812df7e69d4bcf0e8cc4b2,Psathyrella,sp,3,,Psathyrella 
666aa4d83bf3b48ce9812df7e69d4bcf0e8cc4b2,Psathyrella,sp,3,,Psathyrella 
666aa4d83bf3b48ce9812df7e69d4bcf0e8cc4b2,Psathyrella,sp,3,,Psathyrella 
ece77573762f4da32ceb32b14cc433134dae294a,Psathyrella,sp,3,,Psathyrella 
2bcfb88e39d5bf26bb0ecb7c76f4e812d6a7d3bc,Psathyrella,sp,4,,Psathyrella 
c2d8ac71eac446cfaab71abc56138267c1f38c1d,Psathyrella,sp,5,,Psathyrella 
f22e736f9aeceaaa351f07cf2794c6d057c8af77,Psathyrella,sp,6,,Psathyrella 
5193a2efc71c8939ee2550c4fce2e6f5eee1f330,Psathyrella,,,boreifasciculata,Psathyrella boreifasciculata
56d9a0e3cf197f6c39ddaba2c2498696fc6aa5a9,Psathyrella,,,boreifasciculata,Psathyrella boreifasciculata
5ced522c03c07733d1f855b325f02ba933e53307,Psathyrella,,,carminei,Psathyrella carminei
05d59a655260437ed133cd4b887f771c89c3cb85,Psathyrella,,,globosivelata,Psathyrella globosivelata
800601425c58b295c0cd7ed6acf2ff6f9aa34167,Psathyrella,,,globosivelata,Psathyrella globosivelata
a5b3fff50608f12250b44b1e3079c34cde334995,Psathyrella,,,globosivelata,Psathyrella globosivelata
a5eb476563a455f24a841c074ea248c2669ab6a0,Psathyrella,,,globosivelata,Psathyrella globosivelata
e24608a3f8fc9f883542aadbb6c11827c8ee4594,Psathyrella,,,globosivelata,Psathyrella globosivelata
fd7e1b9aa3e0b5d5ebb4cdc3af4463fcd7e3577b,Psathyrella,,,globosivelata,Psathyrella globosivelata
47b040f3d583e0ef65d6044331e0c12597888ddf,Psathyrella,aff,,ocellata,Psathyrella ocellata
55a47713badc0d668617d6cc11a5a4c6eb7d75dc,Psathyrella,,,ocellata,Psathyrella ocellata
3eb49c880a32710ebd6a5a08eb82dd4d31f917d8,Psathyrella,,,pennata,Psathyrella pennata
a8a2dddb3a451cc85d081754dc6e2533b5a8e0b7,Psathyrella,,,pennata,Psathyrella pennata
bec774aeb35afc6557926a94a0d33a3d58ba5536,Psathyrella,,,pennata,Psathyrella pennata
4a3e82b60f78da745c20ab42a08a3af7535d340b,Psathyrella,cf,,piluliformis,Psathyrella piluliformis
9bc5e3b767ebe0d11405efa107dcbc387c576157,Psathyrella,cf,,piluliformis,Psathyrella piluliformis
d6763d5841f416cc4dbbcebdff5d13bb45a2df9b,Psathyrella,,,septentrionalis,Psathyrella septentrionalis
e84ec6401c4750c45a9cb0f9cac30e61862fc6ae,Psathyrella,,,septentrionalis,Psathyrella septentrionalis
3a8e14923f93967d2f8c9d3e74bf540fd6627055,Psathyrella,cf,,squamosa,Psathyrella squamosa
00ce9ca1e2927efb8b7da31e9db2d0a7d1446f06,Psathyrella,,,tenuicula,Psathyrella tenuicula
24c4e511113ec5e639fe7a0e69f52fae2cf2b639,Psathyrella,,,tenuicula,Psathyrella tenuicula
46a9ac3f1e50de11baceeef71f7f2dd043bd976c,Psathyrella,,,tenuicula,Psathyrella tenuicula
d2fb44dcd02a2d56cbd9002e91626b3b3236e6db,Psathyrella,cf,,trivialis,Psathyrella trivialis
0d0506f2196489c5125825c4ba8b953bbddbe312,Psathyrella,,,warrenensis,Psathyrella warrenensis
b68008eb02bd51e4383f99293d08820df07cb3e4,Psathyrella,aff,,warrenensis,Psathyrella warrenensis
3c4c7e3b2ce079680e36c45b160ae3a0ca2eb43b,Pseudobaeospora,sp,,,Pseudobaeospora 
c906ddd0d41eb28ed9cc867f55a28627e4aa5f5d,Pseudobaeospora,,,pillodii,Pseudobaeospora pillodii
b413397758f25e6ab73c9ba39369af2e37a14e76,Pseudoclavulina,cf,,flaccida,Pseudoclavulina flaccida
cc01aaa98a905bef53467ea172a6e56d2a457141,Pseudoclavulina,cf,,flaccida,Pseudoclavulina flaccida
744229d758d7f090341a1a6f7dc264700c48800b,Pseudohydnum,sp,,,Pseudohydnum 
a6c05768cd88b9ed650b2fae793caed46ec345ca,Pseudolyophyllum,,,metachroum,Pseudolyophyllum metachroum
fb0d6f1b2a231303fd275894ca17113c6a991066,Pseudolyophyllum,,,metachroum,Pseudolyophyllum metachroum
72cdabe51b887e4ca3466dcc6ebfa90486d01eaa,Pseudotomentella,sp,1,,Pseudotomentella 
fbfe21cb3f24c7e6355daf871d5318afcb5642cb,Pseudotomentella,sp,2,,Pseudotomentella 
0aaf6a12ea3f3a3b19b0932ece2d2c739624d36b,Pseudotomentella,sp,3,,Pseudotomentella 
771af88e0520ea96de9309607692524998bfd21f,Pseudotomentella,sp,3,,Pseudotomentella 
f1ed22f28bba05a2d5777374a74f6384d45f38e7,Pseudotomentella,sp,3,,Pseudotomentella 
0bcb9f1713c3e72644cd14e28fdf6d8a9d6d64bd,Pseudotomentella,sp,4,,Pseudotomentella 
3db82bc4b6ea974147b10acf1230c66b43b81f6b,Pseudotomentella,sp,4,,Pseudotomentella 
42abe2cbc07364cc31cc1fc28bf8f474baf1efbd,Pseudotomentella,sp,5,,Pseudotomentella 
42abe2cbc07364cc31cc1fc28bf8f474baf1efbd,Pseudotomentella,sp,5,,Pseudotomentella 
42abe2cbc07364cc31cc1fc28bf8f474baf1efbd,Pseudotomentella,sp,5,,Pseudotomentella 
932586ef72d24198a5bab72f34a6b494cde66eff,Pseudotomentella,sp,6,,Pseudotomentella 
bdfa67cbeca22d3772dfacb577f14f360b4fd1b1,Pseudotomentella,sp,7,,Pseudotomentella 
028e6e83ef0da7c36f39b7a4ca4aeba9eaced502,Pseudotomentella,,,nigra,Pseudotomentella nigra
02ea37a0e234b0255315fe8d722bffb5aaf603cb,Pseudotomentella,,,nigra,Pseudotomentella nigra
05987a25eeea029ee10e9dbf1666d441cf8d8caa,Pseudotomentella,,,nigra,Pseudotomentella nigra
16c65a1e76b2ab3568840059a27bf3a221292ac5,Pseudotomentella,,,nigra,Pseudotomentella nigra
16c9cb0af1d58c963fe7b19fd3b52ac2302a8ee3,Pseudotomentella,,,nigra,Pseudotomentella nigra
28312158d955af9c192cb88049399c237fcb3f04,Pseudotomentella,,,nigra,Pseudotomentella nigra
31338f5b82bd4e7d944a4fc5a5abc3478c95ee89,Pseudotomentella,,,nigra,Pseudotomentella nigra
3f647c5e0c9be0d07f50be7958b1abb231376d6f,Pseudotomentella,,,nigra,Pseudotomentella nigra
591bf41c7fd1904f20eeb5e09b0822c0c837a9e8,Pseudotomentella,,,nigra,Pseudotomentella nigra
666661e4da56e8bd55802617c13aecbf8bcb9777,Pseudotomentella,,,nigra,Pseudotomentella nigra
93e586ae10a45aeb504f77bda1539d1adb3a5fd2,Pseudotomentella,,,nigra,Pseudotomentella nigra
93e586ae10a45aeb504f77bda1539d1adb3a5fd2,Pseudotomentella,,,nigra,Pseudotomentella nigra
93e586ae10a45aeb504f77bda1539d1adb3a5fd2,Pseudotomentella,,,nigra,Pseudotomentella nigra
93e586ae10a45aeb504f77bda1539d1adb3a5fd2,Pseudotomentella,,,nigra,Pseudotomentella nigra
93e586ae10a45aeb504f77bda1539d1adb3a5fd2,Pseudotomentella,,,nigra,Pseudotomentella nigra
93e586ae10a45aeb504f77bda1539d1adb3a5fd2,Pseudotomentella,,,nigra,Pseudotomentella nigra
988790f9896cacd5e227053de4bf9779e2faba98,Pseudotomentella,,,nigra,Pseudotomentella nigra
ae25bf13a760b76d66e85a987341b8920b27e55b,Pseudotomentella,,,nigra,Pseudotomentella nigra
ae25bf13a760b76d66e85a987341b8920b27e55b,Pseudotomentella,,,nigra,Pseudotomentella nigra
c90900333c1561468b0736965804fba67fa1937a,Pseudotomentella,,,nigra,Pseudotomentella nigra
e61227cb7a3a608907562595eca943177ba083c0,Pseudotomentella,,,nigra,Pseudotomentella nigra
3bdd6ccf093ac3d64f52f0d0f365b5e9cc82f7c0,Pseudotomentella,cf,,nigra,Pseudotomentella nigra
c9593a5825fc2dd748e402077fcb654c8d7958a0,Psilocybe,sp,,,Psilocybe 
6dfb112fc0be6cb8bcd91a9e8a86aa2989c15141,Psilocybe,sp,1,,Psilocybe 
9005b934acc0b5f568d3c4b81590cc581a09138c,Psilocybe,,,atrobrunnea,Psilocybe atrobrunnea
05f8c33d0b98c2ed43781b32031ae73db6b980ce,Psilocybe,cf,,crobula,Psilocybe crobula
0fc763c68c8607e9ce6b1ee91c2b3568c687a43d,Psilocybe,cf,,crobula,Psilocybe crobula
0fc763c68c8607e9ce6b1ee91c2b3568c687a43d,Psilocybe,cf,,crobula,Psilocybe crobula
7503ceb1651d6e6ac0791582a989b326f08524d5,Psilocybe,cf,,crobula,Psilocybe crobula
f0334bea2f9a2900ade4750476997491d57be92c,Psilocybe,cf,,crobula,Psilocybe crobula
f3f8e6106620e7a79adee5561ec4c1bfc1199170,Psilocybe,cf,,crobula,Psilocybe crobula
07621cf65ebc02ea1628cce0116ff8ade77fc23f,Psilocybe,,,medullosa,Psilocybe medullosa
3c5f6eb8be535b3edce38f22e220a88164ad4777,Psilocybe,,,medullosa,Psilocybe medullosa
a58dcb149bce42749cacac04e6be0d30b1a56b60,Psilocybe,,,medullosa,Psilocybe medullosa
e31071ff54c13f625d80cc6244246dec8ee8feb7,Psilocybe,,,medullosa,Psilocybe medullosa
9059cbff25f37b28b3dd129d88f249cfb560cfbf,Radulomyces,cf,,confluens,Radulomyces confluens
4d8f667467dae15e83aef87ca478bf60a2ccfcb9,Ramaria,,,pinicola,Ramaria pinicola
57e0b3384bf4e49fd2ae4ca0eb51ebb39b55719b,Ramaria,,,pinicola,Ramaria pinicola
57e0b3384bf4e49fd2ae4ca0eb51ebb39b55719b,Ramaria,,,pinicola,Ramaria pinicola
57e0b3384bf4e49fd2ae4ca0eb51ebb39b55719b,Ramaria,,,pinicola,Ramaria pinicola
57e0b3384bf4e49fd2ae4ca0eb51ebb39b55719b,Ramaria,,,pinicola,Ramaria pinicola
57e0b3384bf4e49fd2ae4ca0eb51ebb39b55719b,Ramaria,,,pinicola,Ramaria pinicola
64f4eaf7988e9d74752ca1ca0dc2031b015f2186,Ramaria,,,pinicola,Ramaria pinicola
71190135df78fcb72b32ad3b526db25b0c4c4a7d,Ramaria,cf,,pinicola,Ramaria pinicola
99998d88a0f0e8fe222da15118743c64ce1af793,Ramaria,,,pinicola,Ramaria pinicola
cf4cd24d6a8222c560898b68b30851c357b2b9e1,Ramaria,,,pinicola,Ramaria pinicola
de1d7028175b3ac81f0519dbf0854f7d63fc5a17,Ramaria,,,pinicola,Ramaria pinicola
edf62002e44a61908b481b8c2b037e689c05066e,Ramaria,cf,,suecica,Ramaria suecica
1dbfabe8a3d4708dce303fbfc0439538f568a639,Resinicium,cf,,bicolor,Resinicium bicolor
55c9c62b12e9963b576aa6aa370c5ff2c8749b95,Resinicium,cf,,bicolor,Resinicium bicolor
5cc0f216ac85468ba79f8ebe8f0796fa863ff6dc,Resupinatus,sp,,,Resupinatus 
37b9cdb4163f0334a2c312b4438713b3a57152d4,Rhizoctonia,cf,,globularis,Rhizoctonia globularis
96b53af2635a12dfdfd1bd5ce20ca07539a32a3c,Rhizoctonia,cf,,globularis,Rhizoctonia globularis
ad661d37454e0f5faf688bc79be624ef8490c0c4,Rhizopogon,sp,,,Rhizopogon 
2cebebd9fe9e818abd25725ac2fe0e05e14d8d96,Rhizopogon,,,roseolus,Rhizopogon roseolus
2ec518509b51cee232e48baba05a9c2bd68139f9,Rhizopogon,,,roseolus,Rhizopogon roseolus
5571a725d6a2e9d23783c9aa74cbe253928de9c8,Rhizopogon,,,roseolus,Rhizopogon roseolus
55981de025513f5bd53913d59a6085adf38f6692,Rhizopogon,,,roseolus,Rhizopogon roseolus
66d74bb56c55912139f709cc3952c52895813f5d,Rhizopogon,,,roseolus,Rhizopogon roseolus
744a6134fc7771f6e2f817224f68eb5ec15fbc8c,Rhizopogon,,,roseolus,Rhizopogon roseolus
7a3568392786fcc06721fc7dd74ae0a7104f7b26,Rhizopogon,,,roseolus,Rhizopogon roseolus
9ec34d270854bf88328d75c7c0c7bd53f0fdcb0e,Rhizopogon,,,roseolus,Rhizopogon roseolus
ac5d90865a609f1e3a10ed62c231f0f5e4481cba,Rhizopogon,,,roseolus,Rhizopogon roseolus
110b9b1963cbe3498c349ccb7ded94cf0af10381,Rhodocollybia,sp,,,Rhodocollybia 
1301aef54346cb144b695b6171516c2cd2227628,Rhodocollybia,sp,,,Rhodocollybia 
83c97514650b225cf4dd4baec35919a8a4e16cad,Rhodocollybia,sp,,,Rhodocollybia 
f0bac3d7555233397796837ecb6e812b3ffe9c29,Rhodocollybia,sp,,,Rhodocollybia 
f0bac3d7555233397796837ecb6e812b3ffe9c29,Rhodocollybia,sp,,,Rhodocollybia 
03e0cbca77964f4748f641ebd5480ca818312e48,Rhodocollybia,cf,,asema,Rhodocollybia asema
602ef8c95a63bcf70ad7a50a6adb36e46a01c25b,Rhodocollybia,cf,,asema,Rhodocollybia asema
707d9615e3a67824204b8c5a217f20dfbb712854,Rhodocollybia,cf,,asema,Rhodocollybia asema
707d9615e3a67824204b8c5a217f20dfbb712854,Rhodocollybia,cf,,asema,Rhodocollybia asema
3b27a84966e796c0a693971b84cc1b78a9b4ebab,Rhodocollybia,cf,2,maculata,Rhodocollybia maculata
0f3483ef5e90b074afd0b8ef689cc0c44bdd468f,Rhodocollybia,cf,,maculata,Rhodocollybia maculata
0f3483ef5e90b074afd0b8ef689cc0c44bdd468f,Rhodocollybia,cf,,maculata,Rhodocollybia maculata
846c1d40638e2a406cd1305b4ca5312dc605bf49,Rhodocollybia,cf,,maculata,Rhodocollybia maculata
3343ed8dc476232af696b55b11fa9ec691c69958,Rhodophana,sp,,,Rhodophana 
ee63d514a65f61344192e1dfc12f58856ce5f662,Ripartites,,,tricholoma,Ripartites tricholoma
46b3e69ef0084a73983a9a95ce9222f732c3b064,Roridomyces,aff,,roridus,Roridomyces roridus
8c44fe7f426e3df3301ca2fa329d5faee00e3c85,Russula,sp,1,,Russula 
2e49fc7d6fdd690e8e2daeb7a4e459bbb9eebe08,Russula,sp,2,,Russula 
87eed69ab174fdc8f858b651a8910c18e7d5afe0,Russula,sp,2,,Russula 
8a79957cb573878dfb7a3e8f58437faa94de774e,Russula,sp,2,,Russula 
e53371b36c5c1cde1b95e072723f7bb8451ea1c3,Russula,sp,2,,Russula 
15115a0b820de7afa4ebf9c1479fa81b61889bb2,Russula,sp,3,,Russula 
b4931936c382bd5020d6871c620200a7a3779a8d,Russula,sp,3,,Russula 
e19ac5dfbbabdca41f1b0e04b1cd79bee2da618e,Russula,sp,3,,Russula 
f8fe9ee2f4812ee0d7cbd7f84c8eaf493f994a74,Russula,sp,3,,Russula 
04f0a534590debf2520ec998e4b464f4b49a6ec1,Russula,aff,,acrifolia,Russula acrifolia
6f50252aa101511271fc2dfd60329d9e940ffa64,Russula,,,acrifolia,Russula acrifolia
aae4c14255fee340220db099861148faf2b1fb1f,Russula,,,acrifolia,Russula acrifolia
ae804db5f39d21f32e5427f6acf103b9a8934c3f,Russula,,,acrifolia,Russula acrifolia
0f3bcdf2dca2770ba4ad8524a14496a0db4acf95,Russula,,,aeruginea,Russula aeruginea
11cb4c2f65aea13233793290cd035ea3f64b46dd,Russula,,,aeruginea,Russula aeruginea
2ca74bfc9ab2218c46fc6f53b94ef5ab47c5f4b3,Russula,,,aeruginea,Russula aeruginea
2ce4d3ae0a37cd55fbdb3b54f0d82947f4568ef2,Russula,,,aeruginea,Russula aeruginea
327035deca8efbcb07b020597984a54f14e9035e,Russula,,,aeruginea,Russula aeruginea
3d33046fc96e084aae7cbd6a187dffd8a7493e34,Russula,,,aeruginea,Russula aeruginea
70c5e0056ebbb395b0d94e868b6cee826407dc57,Russula,,,aeruginea,Russula aeruginea
70c5e0056ebbb395b0d94e868b6cee826407dc57,Russula,,,aeruginea,Russula aeruginea
8b775e775cca83a19c9d327757c2c6557f3409a7,Russula,,,aeruginea,Russula aeruginea
9e4084b705406b5debf959210e80d2658b3af5d9,Russula,,,aeruginea,Russula aeruginea
00ad3277685a5cc5e35a384959bf700cb9df7f00,Russula,cf,,alpigenes,Russula alpigenes
0144afb462e0eaaccd5be7fb2a810a90532c3471,Russula,cf,,alpigenes,Russula alpigenes
017186455d4b59b12efb9f593cb6a52aaffe3ff4,Russula,cf,,alpigenes,Russula alpigenes
017186455d4b59b12efb9f593cb6a52aaffe3ff4,Russula,cf,,alpigenes,Russula alpigenes
017186455d4b59b12efb9f593cb6a52aaffe3ff4,Russula,cf,,alpigenes,Russula alpigenes
017186455d4b59b12efb9f593cb6a52aaffe3ff4,Russula,cf,,alpigenes,Russula alpigenes
02cfad84aa586edb1aa221a0aaea0aeebced5b01,Russula,cf,,alpigenes,Russula alpigenes
03cdb00a9963c5d41a3a95430811da5359873edb,Russula,cf,,alpigenes,Russula alpigenes
08b984dc9e5e207dabd20efc1d5a78f5a140b2ed,Russula,cf,,alpigenes,Russula alpigenes
08b984dc9e5e207dabd20efc1d5a78f5a140b2ed,Russula,cf,,alpigenes,Russula alpigenes
0afc4a99c9eccc59e4162052c9cd2055167ec7f2,Russula,cf,,alpigenes,Russula alpigenes
0eba0a6ce90cf7393ec4133d925e6785f1ba1087,Russula,cf,,alpigenes,Russula alpigenes
0fe6eaf6e42e070e42c57835b9ca2d699ae9ca12,Russula,cf,,alpigenes,Russula alpigenes
168882d6cc201969fe699dbdf72674445e604a9c,Russula,cf,,alpigenes,Russula alpigenes
1a69d152e54f59673657fa460b5d74632d91950f,Russula,cf,,alpigenes,Russula alpigenes
1dd22e5ae4255fe7f0fff13c42f6c8af96a0ec35,Russula,cf,,alpigenes,Russula alpigenes
1dd58567f354283351144651fafc74b3a1ad22a4,Russula,cf,,alpigenes,Russula alpigenes
218e1b564d6cffd3cfdd9bc500e9b2441aef62de,Russula,cf,,alpigenes,Russula alpigenes
315d37506eb6acde8e908a562a05b257ba2754ff,Russula,cf,,alpigenes,Russula alpigenes
3542fa116732549ca95c52f59d5fd85026759972,Russula,cf,,alpigenes,Russula alpigenes
383bee9dad736beb28e0098eb5101b7bc642d122,Russula,cf,,alpigenes,Russula alpigenes
3ae95004a969a91141563a02de525c95e96046eb,Russula,cf,,alpigenes,Russula alpigenes
3ae95004a969a91141563a02de525c95e96046eb,Russula,cf,,alpigenes,Russula alpigenes
3ae95004a969a91141563a02de525c95e96046eb,Russula,cf,,alpigenes,Russula alpigenes
4bf53fafac737eba23495323825dae8a6d2a0bdc,Russula,cf,,alpigenes,Russula alpigenes
4e89e7a735471065528718bc1956ae12b2eb007c,Russula,cf,,alpigenes,Russula alpigenes
60b9da0fc25f479c2d83284a929fed21c2a3b324,Russula,cf,,alpigenes,Russula alpigenes
6ee2d27fc853564256cae6558eb2f55335405bde,Russula,cf,,alpigenes,Russula alpigenes
7cd47c3c0ed70dcb87f39426bf2b29133ff5934c,Russula,cf,,alpigenes,Russula alpigenes
7e87c3f780b10518965050ca7479ff361a91e013,Russula,cf,,alpigenes,Russula alpigenes
898eb915144e215d70dda21a4ecb09a72a3bd866,Russula,cf,,alpigenes,Russula alpigenes
89c2b6494fc9c65568515a676989e4a0f6ea20e2,Russula,cf,,alpigenes,Russula alpigenes
9785a05233151feb63468f29dc50d460987be2c2,Russula,cf,,alpigenes,Russula alpigenes
9785a05233151feb63468f29dc50d460987be2c2,Russula,cf,,alpigenes,Russula alpigenes
9f6f1113f9aba5a2c58b8c5f44ce82c0e494ffe5,Russula,cf,,alpigenes,Russula alpigenes
a29e7b4ef274f1ed1bc58bbe203ae62ffdc8b18b,Russula,cf,,alpigenes,Russula alpigenes
a29e7b4ef274f1ed1bc58bbe203ae62ffdc8b18b,Russula,cf,,alpigenes,Russula alpigenes
ac7bff0d6060ee4b60861271e173bdcc022d2f63,Russula,cf,,alpigenes,Russula alpigenes
bcb2229349bb4bc6b9b6d4383e138b407ef51de4,Russula,cf,,alpigenes,Russula alpigenes
bf866aac845840bc3879e42622c40ce3803b8ee4,Russula,cf,,alpigenes,Russula alpigenes
c665ce75f04cc5b660919fb15420fe771db09e41,Russula,cf,,alpigenes,Russula alpigenes
e5ba64353732b29407651fa13ee4ece156123583,Russula,cf,,alpigenes,Russula alpigenes
e719b5a3028faaefc42025c8b16473294141c2ec,Russula,cf,,alpigenes,Russula alpigenes
ed83b3cf2320f01ca29e7d961f6934d73eda5824,Russula,cf,,alpigenes,Russula alpigenes
f05c63c5d2f201fc24930014b72eaaab58d335c7,Russula,cf,,alpigenes,Russula alpigenes
f05c63c5d2f201fc24930014b72eaaab58d335c7,Russula,cf,,alpigenes,Russula alpigenes
f05c63c5d2f201fc24930014b72eaaab58d335c7,Russula,cf,,alpigenes,Russula alpigenes
f05c63c5d2f201fc24930014b72eaaab58d335c7,Russula,cf,,alpigenes,Russula alpigenes
f411e38de6ca9069cecb647900bd09eda5530510,Russula,cf,,alpigenes,Russula alpigenes
fc42a81bbbb5f17bb4802cc7f53147f9c1a86e75,Russula,cf,,alpigenes,Russula alpigenes
fe640881ddbb7412d189b3972f52517b94f2d4a0,Russula,cf,,alpigenes,Russula alpigenes
01bc4f3fb725d9f102c692559dfc079b9acab660,Russula,cf,,aquosa,Russula aquosa
025fc23dd4264b6433e653c0c457a0da4b66b158,Russula,aff,,aquosa,Russula aquosa
02acef9c032df2af8d8ae4f199bffeeb8c314229,Russula,cf,,aquosa,Russula aquosa
08a5ae3cbb2858ad7b2ee33869f826f9fcd4cd75,Russula,aff,,aquosa,Russula aquosa
0c0f1299def073f403f08c328ea804db52dd86a8,Russula,cf,,aquosa,Russula aquosa
12538cb3d65e160dca95d3759874c3f8c28feb53,Russula,cf,,aquosa,Russula aquosa
1b83a0b4cd8304bf818072b39e99b1dfae545f52,Russula,aff,,aquosa,Russula aquosa
1d91395e4ac57aa8a80d2af5631d4275d9331161,Russula,cf,,aquosa,Russula aquosa
22a81d92db509e71286ebcf596d71857f61bd663,Russula,cf,,aquosa,Russula aquosa
71730fe99be24869ac5b6daa5b0df334beb38e79,Russula,cf,,aquosa,Russula aquosa
aecc550265a3bbc9b6655721bf53acced554a20b,Russula,cf,,aquosa,Russula aquosa
bb3975b8332ede33c0cf3de6aa171d11fb22d9cb,Russula,cf,,aquosa,Russula aquosa
c7aa577ecc443e1cc3327173300549602e1d16f8,Russula,aff,,aquosa,Russula aquosa
d3a9ff0ffcb78003a06db653f239ca106f861be2,Russula,aff,,aquosa,Russula aquosa
000ecb340f26342fecc00288c6f5a36ea11207a7,Russula,,,arvernensis,Russula arvernensis
04a45fca6e7a2d41fb339f19d801bae93e1b0bc0,Russula,aff,,arvernensis,Russula arvernensis
04df08a27bfd58c004752057733d24f336672247,Russula,,,arvernensis,Russula arvernensis
09a9bcb37a3313fcddf0d175c6728f64172dfecc,Russula,,,arvernensis,Russula arvernensis
192cfcdcc1a08952924ce8312caaec929b595592,Russula,,,arvernensis,Russula arvernensis
1aa1e124b9548cf6038c3848f689fcbd5b2fcc80,Russula,aff,,arvernensis,Russula arvernensis
74fd3e8dbb6b60fad093648ba3961965bb16cd6a,Russula,aff,,arvernensis,Russula arvernensis
74fd3e8dbb6b60fad093648ba3961965bb16cd6a,Russula,aff,,arvernensis,Russula arvernensis
bcfbf94c30b0beee7c20d3e6650d072dff546f00,Russula,aff,,arvernensis,Russula arvernensis
cf56ffa009f5f2833bc151b729a2b3ab4c576a3b,Russula,aff,,arvernensis,Russula arvernensis
0098dfa6f49302fe86f31878aa57f7df2f060f11,Russula,cf,,atroglauca,Russula atroglauca
65f0e270d163e66ac69e05a2529afd82a33527a3,Russula,cf,,atrorubens,Russula atrorubens
085e07456dbe48705be384a8070915656d1b1281,Russula,cf,,aurantiolutea,Russula aurantiolutea
215765372e532f9668a4b5c5bc9275cacd06c16d,Russula,cf,,aurantiolutea,Russula aurantiolutea
215765372e532f9668a4b5c5bc9275cacd06c16d,Russula,cf,,aurantiolutea,Russula aurantiolutea
495bc69f8d06fb7ac263e36626f8ed1206e6e976,Russula,cf,,aurantiolutea,Russula aurantiolutea
5f9382f40b9611aaed2712f0983f459c4db2172b,Russula,cf,,aurantiolutea,Russula aurantiolutea
e949ba0af355d199e7b545911a15bb5e698c4201,Russula,cf,,aurantiolutea,Russula aurantiolutea
e949ba0af355d199e7b545911a15bb5e698c4201,Russula,cf,,aurantiolutea,Russula aurantiolutea
f2ff262a329bad26ab0cef25ed41503e1c7c0263,Russula,cf,,aurantiolutea,Russula aurantiolutea
0e82503b14089ae2757582521548c19a5dd1dcb8,Russula,cf,,brevipes,Russula brevipes
1cc089ee3949c7adc10fa98eca036f1f4e5d7b9f,Russula,cf,,brevipes,Russula brevipes
2786418350ff68bf3be56ecf6876e9d5b1069ebe,Russula,cf,,brevipes,Russula brevipes
bc1fcddd3b30223cd06b6c611e699c310bb7abe9,Russula,cf,,brevipes,Russula brevipes
c1ec6a760db2c84917c3296ef8a24488ed8410d4,Russula,cf,,brevipes,Russula brevipes
c656bf00bd701b67b6c5be415dc6324b560921a1,Russula,cf,,brevipes,Russula brevipes
c852c6cf7af306092ed1f2d817305b4924e47b24,Russula,cf,,brevipes,Russula brevipes
c852c6cf7af306092ed1f2d817305b4924e47b24,Russula,cf,,brevipes,Russula brevipes
df4aeb86425c85cfcc1efda8a02e43eee20281d8,Russula,cf,,brevipes,Russula brevipes
10374a1d884fdcac8ab99b500e5a41da152c27bf,Russula,cf,,citrinochlora,Russula citrinochlora
434fa85563e9df514cef7836bc52685390ad6ccd,Russula,cf,,citrinochlora,Russula citrinochlora
467a6a33312508134cabc3288ccb550c9d78789a,Russula,cf,,citrinochlora,Russula citrinochlora
616dd97e497086b8504f118035090d027b65d844,Russula,cf,,citrinochlora,Russula citrinochlora
be6e62c77c55d012dd46053b98bafe6b338cba70,Russula,cf,,citrinochlora,Russula citrinochlora
d861394317fc733c90e309c1390262f5d5508e1e,Russula,cf,,citrinochlora,Russula citrinochlora
d861394317fc733c90e309c1390262f5d5508e1e,Russula,cf,,citrinochlora,Russula citrinochlora
e101e96d1204d86d04700fa1940a7f4c4fea77c6,Russula,cf,,citrinochlora,Russula citrinochlora
f9c3094265159a75cde0a6a2caaa11cab132626a,Russula,cf,,citrinochlora,Russula citrinochlora
0175750c9964d332c30d092998df80bd79f2d341,Russula,,,claroflava,Russula claroflava
019c62f9433c511f5c5fe300e73889be9c115bcc,Russula,cf,,claroflava,Russula claroflava
030624040b668890e1301ad1b8254278024f0534,Russula,cf,,claroflava,Russula claroflava
0661dbd2ef89fd1685cc649576044a557bc3a1cb,Russula,cf,,claroflava,Russula claroflava
06bf9b602c7d65cadb8e2cee3340ce544cf3139d,Russula,cf,,claroflava,Russula claroflava
0896efbb1b6d551dc0ab47708fdac1a7b730e3ad,Russula,,,claroflava,Russula claroflava
0a3f785d91ecd1aa307901de06f4d3daeec0dca6,Russula,cf,,claroflava,Russula claroflava
0aeaba3d493242e3b2822d369e1b9bef3cda0924,Russula,cf,,claroflava,Russula claroflava
0b2c53e29381378cabe8bcdff957f88e7dee8748,Russula,cf,,claroflava,Russula claroflava
114960120cda02bf71a1a724b15fb36d9ad709a5,Russula,cf,,claroflava,Russula claroflava
134e4a33f5d7c04d9ac937636a0484f720af9607,Russula,cf,,claroflava,Russula claroflava
17af6d6cc822e6c5cab14353ed3e3b776edbdd7d,Russula,cf,,claroflava,Russula claroflava
1827295ae861773087dadde97d2ace2828afdcb2,Russula,cf,,claroflava,Russula claroflava
1a22f8fba12f2105add76036888adc872a55c5e8,Russula,cf,,claroflava,Russula claroflava
1bbdddd8ebb96bb49159758f0e434e16be0e6320,Russula,,,claroflava,Russula claroflava
1d44b6174e8726863ece779a3fe13b31c1ba3d09,Russula,cf,,claroflava,Russula claroflava
1ebea70ddf67b76ef3f238196527d906f3a5c5e9,Russula,,,claroflava,Russula claroflava
1fb415cdab33f2f618ddc8942daa51edaa1cd8ee,Russula,,,claroflava,Russula claroflava
267386f5ec1e86b1b33a8aa8b0404e2a142dcc3d,Russula,cf,,claroflava,Russula claroflava
32df80e9805adcccdd9c16203fc5e8c9fcce06d2,Russula,,,claroflava,Russula claroflava
33eae82c1bc799d358be4ac4fa1825cb46aa7345,Russula,cf,,claroflava,Russula claroflava
34d72e4a22fbe303d47564b7cba738b71219d4f2,Russula,cf,,claroflava,Russula claroflava
38089f4e09fc9df9d38fe7169830cdbc6a5f47d2,Russula,,,claroflava,Russula claroflava
399cff95b37e094c8b26b11b56f0d1d557130243,Russula,,,claroflava,Russula claroflava
39d982023176291c660fc5e9377339d3cdb06a73,Russula,,,claroflava,Russula claroflava
3c08d5ea779186cfd13c5ea4bf55d6f9880b7bcb,Russula,cf,,claroflava,Russula claroflava
3f0b68b5fcf6f42bf2044c852e469ba0eb22b240,Russula,,,claroflava,Russula claroflava
4035aa8d941df7b43df15e7ee19d723f29d4c3c6,Russula,,,claroflava,Russula claroflava
4b89a83ad43788c1d470781f6015d330b4c7b0d4,Russula,cf,,claroflava,Russula claroflava
561cf9dc89ec3a32405187d693a28376ee8acbab,Russula,cf,,claroflava,Russula claroflava
561cf9dc89ec3a32405187d693a28376ee8acbab,Russula,cf,,claroflava,Russula claroflava
561cf9dc89ec3a32405187d693a28376ee8acbab,Russula,cf,,claroflava,Russula claroflava
63957ad5268605444f7e2c6fb5668de66cbf6f98,Russula,cf,,claroflava,Russula claroflava
6ed689414025cee1685a83e5e269d1d0847dadd8,Russula,,,claroflava,Russula claroflava
7a0d17d2b24e9ff07b7138ad8d989fd9576f9f21,Russula,,,claroflava,Russula claroflava
7decd729688ecbc7c9583ea656e7b371ddc220d5,Russula,cf,,claroflava,Russula claroflava
854a70f7dda1e0b3a1ae7faf6463459e4b8cf032,Russula,cf,,claroflava,Russula claroflava
8a397969ac589739d06ccfb0fff2ea64432e8f51,Russula,,,claroflava,Russula claroflava
95030384d6dbc2cdfdbbbda1ace37fe347964bad,Russula,,,claroflava,Russula claroflava
966794b79e541617e2196e98737f884231c1c5ba,Russula,cf,,claroflava,Russula claroflava
985a5f9ba1caa7581a7ce344ae32640b2de6987c,Russula,cf,,claroflava,Russula claroflava
99b36e56a308d224d1b2430f8de62a43c81269c9,Russula,,,claroflava,Russula claroflava
9a5c2dd22f8e57582c6ac097e4dc3fa9bfaddee3,Russula,cf,,claroflava,Russula claroflava
b597d03ffd90cd860512f7751ab3e787bd40aed0,Russula,cf,,claroflava,Russula claroflava
b6c9fcbfa473a69edeb106289e5711bdd052f22c,Russula,,,claroflava,Russula claroflava
b6c9fcbfa473a69edeb106289e5711bdd052f22c,Russula,,,claroflava,Russula claroflava
b6c9fcbfa473a69edeb106289e5711bdd052f22c,Russula,,,claroflava,Russula claroflava
b6c9fcbfa473a69edeb106289e5711bdd052f22c,Russula,,,claroflava,Russula claroflava
c0c4bac7b546d80e69e35e9092e2f7a065c37371,Russula,,,claroflava,Russula claroflava
c2de3201f6ae1e631ba105b2139af8d60200865d,Russula,cf,,claroflava,Russula claroflava
c3f0f3d8647c116e8e2c988469fb59370592ef6c,Russula,cf,,claroflava,Russula claroflava
c610e0b95800732fde1c9bd02d2d143738dc399c,Russula,cf,,claroflava,Russula claroflava
c95a46f33c7fd4a67c1f2ec996c8189b3c93c618,Russula,cf,,claroflava,Russula claroflava
cc016cf6ad1bf957d77bd290bcae299b51a1706d,Russula,,,claroflava,Russula claroflava
d28f380b05250b3814c4ab8a08187f2b914500d6,Russula,,,claroflava,Russula claroflava
d3938082f5a7b9f09d0f5f7a322b5745e349f889,Russula,,,claroflava,Russula claroflava
d3938082f5a7b9f09d0f5f7a322b5745e349f889,Russula,,,claroflava,Russula claroflava
d3938082f5a7b9f09d0f5f7a322b5745e349f889,Russula,,,claroflava,Russula claroflava
de2cc6dd5e6015a18bbddac56d4138271e51e24c,Russula,,,claroflava,Russula claroflava
e10a55f15f76d491a6671b9d0823c4f9d35a8a82,Russula,cf,,claroflava,Russula claroflava
e344f2cc95d33eb07d634c13d7ca1f7d4f6af9a2,Russula,cf,,claroflava,Russula claroflava
e3bfc4d22d4487fe9da717a873ac1ee19fe9e807,Russula,,,claroflava,Russula claroflava
e697a98c4104d8e24848a072a2fa7e46aa9fc066,Russula,cf,,claroflava,Russula claroflava
f807a3ad22029a4a7370b1bbfcd16378d097bd25,Russula,cf,,claroflava,Russula claroflava
f95f4b3ff8fe721a7560272ead8056bbc3420dea,Russula,,,claroflava,Russula claroflava
00d452ad17d9405c4d6ad4b98e7e493ca66091c4,Russula,,,consobrina,Russula consobrina
28550b1886496ed58739222776f77f274f9547fc,Russula,,,consobrina,Russula consobrina
74ba9ac582d596548a05378b1271e9aa5f703a70,Russula,,,consobrina,Russula consobrina
06c345d4355c903c628ef15a0a88e998a2bce2fc,Russula,aff,2,cremicolor,Russula cremicolor
09ad8e8fbbab2faee7ced511a39d63b2257fed34,Russula,aff,2,cremicolor,Russula cremicolor
18f3a0289887f9600ffa176d9aaa6434ff71fb38,Russula,aff,2,cremicolor,Russula cremicolor
253d47e7b57a8a2e69bd442db01edf36ffbbaf6c,Russula,aff,2,cremicolor,Russula cremicolor
3c2e0d0404c68648918bec3f2eea88bde904ae19,Russula,aff,2,cremicolor,Russula cremicolor
3f13e9b2e079d8b2da68f78a8f507b06a8e96425,Russula,aff,2,cremicolor,Russula cremicolor
62e2ffdc908b673711b6b2ceb3dcf93df1916d03,Russula,aff,2,cremicolor,Russula cremicolor
947f020fbd1523d5e5ffa6d1c025948f448f482a,Russula,aff,2,cremicolor,Russula cremicolor
971f5887c23b36d53e11a3e47d420f7ad932fcc3,Russula,aff,2,cremicolor,Russula cremicolor
abbf13e9399f9cd532f8197c7cc0ac9334267a38,Russula,aff,2,cremicolor,Russula cremicolor
c03bd87d96684daa147ccc0555d670557835f881,Russula,aff,2,cremicolor,Russula cremicolor
c6600854655a727481f5a3235a5cdf91c6c53977,Russula,aff,2,cremicolor,Russula cremicolor
d016c13b6a2e0d8a2e1d9e1f76fb8382bc3294b4,Russula,aff,2,cremicolor,Russula cremicolor
d79182ea7ff89c5bf75f7b2d3ea2998eca1dc5b3,Russula,aff,2,cremicolor,Russula cremicolor
dcb37191afd5784f476faefe095c48923e4a1b68,Russula,aff,2,cremicolor,Russula cremicolor
de18e856a2682d8f1aefd585164b9c0d65217267,Russula,aff,2,cremicolor,Russula cremicolor
de18e856a2682d8f1aefd585164b9c0d65217267,Russula,aff,2,cremicolor,Russula cremicolor
de18e856a2682d8f1aefd585164b9c0d65217267,Russula,aff,2,cremicolor,Russula cremicolor
e3b136067eef9ebd6baf9c5ae30f7fec8a821b8a,Russula,aff,2,cremicolor,Russula cremicolor
e3b136067eef9ebd6baf9c5ae30f7fec8a821b8a,Russula,aff,2,cremicolor,Russula cremicolor
fe54c9614fc45c3b651ca1e4c60d1301bcf004a5,Russula,aff,2,cremicolor,Russula cremicolor
0c22569ee044d8dca4a2bdf5d7f5b6d05b9a610e,Russula,cf,,delica,Russula delica
0c835b4e09da97dde233c2607b1b68b999b2cb5a,Russula,cf,,delica,Russula delica
0ce8f70954f94b37fd69a0f9ea27095a74c0adfb,Russula,cf,,delica,Russula delica
121dc6f317f5f38a3d727eac080c5c1278534382,Russula,cf,,delica,Russula delica
30a0685dbd7a0ddc7e4b0756c64d67f3520cb599,Russula,cf,,delica,Russula delica
32c41d68a42df4228426d4f8eaf81d1c457822b9,Russula,cf,,delica,Russula delica
32c41d68a42df4228426d4f8eaf81d1c457822b9,Russula,cf,,delica,Russula delica
32c41d68a42df4228426d4f8eaf81d1c457822b9,Russula,cf,,delica,Russula delica
32c41d68a42df4228426d4f8eaf81d1c457822b9,Russula,cf,,delica,Russula delica
32c41d68a42df4228426d4f8eaf81d1c457822b9,Russula,cf,,delica,Russula delica
32c41d68a42df4228426d4f8eaf81d1c457822b9,Russula,cf,,delica,Russula delica
32c41d68a42df4228426d4f8eaf81d1c457822b9,Russula,cf,,delica,Russula delica
3a94f174e14eaf00612c0e83d00c25ceee9394e8,Russula,cf,,delica,Russula delica
40643f95578b796fcfcdd9a13d81ec0b179cc05f,Russula,cf,,delica,Russula delica
4240e1bd42054100ea9a4f5eb8af37bba3790d40,Russula,cf,,delica,Russula delica
4240e1bd42054100ea9a4f5eb8af37bba3790d40,Russula,cf,,delica,Russula delica
4240e1bd42054100ea9a4f5eb8af37bba3790d40,Russula,cf,,delica,Russula delica
4240e1bd42054100ea9a4f5eb8af37bba3790d40,Russula,cf,,delica,Russula delica
4ab5acbce0d6be0bea34abd3ef55b4a4990feec0,Russula,cf,,delica,Russula delica
551a50e5ca2c05f762e8224f210d341faf963726,Russula,cf,,delica,Russula delica
5cafc6ead4f8c658b293f3ff62aa538e6c833a0f,Russula,cf,,delica,Russula delica
5cafc6ead4f8c658b293f3ff62aa538e6c833a0f,Russula,cf,,delica,Russula delica
5cafc6ead4f8c658b293f3ff62aa538e6c833a0f,Russula,cf,,delica,Russula delica
6bd301103b7f175a2eea4478c57ae08d1189338c,Russula,cf,,delica,Russula delica
7b464838eec071c144d6734fa226351836358594,Russula,cf,,delica,Russula delica
828b46240a3ac23e2958910081044cbed674890e,Russula,cf,,delica,Russula delica
9611c074235358291d0a6f54f62eac0f90e06707,Russula,cf,,delica,Russula delica
bb895d0dabb07af4bd3d4f426ff872c79f5fb803,Russula,cf,,delica,Russula delica
bd59572c633070dc47347d128478fd5f4e00f10c,Russula,cf,,delica,Russula delica
c852c6cf7af306092ed1f2d817305b4924e47b24,Russula,cf,,delica,Russula delica
cc09089266c960df77dbd9daa492421ff75fd2e9,Russula,cf,,delica,Russula delica
e692da836e9e6d2b1c51ea7f782060bd5c9b1d4f,Russula,cf,,delica,Russula delica
2797246edf0ddf7e0ac3b04e802d0878d75e4086,Russula,cf,,depallens,Russula depallens
41b625421c76c9d2e21049c62b28d57f8b39d26d,Russula,cf,,depallens,Russula depallens
5af2bb5cc0f4601f44640f55f6edae8589d5f732,Russula,cf,,depallens,Russula depallens
ee7fd4d31f0b0cbef5722cf83ca3e4335ef7437b,Russula,cf,,depallens,Russula depallens
005d3e270b4e63b5861c888921185f3e3c3e6388,Russula,,,emetica,Russula emetica
8048e058fc80ad5f963e45fd4617459b2dc9a6f8,Russula,cf,,emetica,Russula emetica
0595b12d9896513f88777e73e2ce365bccc25248,Russula,cf,,exalbicans,Russula exalbicans
ce4bdcc64b53604d13ec6bf6b2e4abfb8ef1b212,Russula,cf,,exalbicans,Russula exalbicans
7a231a48f107b9b8f173822ecfa0fabe83f7623f,Russula,,,favrei,Russula favrei
0b5c89ec777ca989e608a8542229dcf677074507,Russula,cf,,fragilis,Russula fragilis
1347f04e596e5abf2db3205f7ddf7a6fb4c2cbea,Russula,cf,,fragilis,Russula fragilis
3ed7b7304b004a5b21e639166f7f6d479cc776ca,Russula,cf,,fragilis,Russula fragilis
6a8f5fe31d4f0c160e658427224ed19f1c77ac0a,Russula,cf,,fragilis,Russula fragilis
6d76d309237ba7350f1d8d8cd53566f21816d817,Russula,cf,,fragilis,Russula fragilis
75c0ae169310865f3f4b5e73c2084d7073e53b0d,Russula,cf,,fragilis,Russula fragilis
93b91c895c3a0d0a5a3be9720223021864fd534a,Russula,cf,,fragilis,Russula fragilis
01694719743f9945f3948acddaae977d54b47327,Russula,,,gracillima,Russula gracillima
01fa66ed9715e414ae29d09c86c71d7651535fb7,Russula,,,gracillima,Russula gracillima
02739a62175ac24377ea017a0dc873d02da25a1b,Russula,,,gracillima,Russula gracillima
02eb0985e5e43c15064091343e61df7917b98476,Russula,,,gracillima,Russula gracillima
04ae2b76752581b117bce78b9b0aa11283a3af4f,Russula,,,gracillima,Russula gracillima
0671ba092f8ddbde1d923fb81c62e9b8446db212,Russula,,,gracillima,Russula gracillima
0671ba092f8ddbde1d923fb81c62e9b8446db212,Russula,,,gracillima,Russula gracillima
0a29cf698825b2f1349246f851985763854a9df9,Russula,,,gracillima,Russula gracillima
0a713cf98bcc10ee0c307ac4aec689e2cc16375a,Russula,,,gracillima,Russula gracillima
0b57779931d2b512661c2663305d6394b103d3c8,Russula,,,gracillima,Russula gracillima
0c156db5bfba8ac40712ecb3eb791f3bbe045d8b,Russula,,,gracillima,Russula gracillima
0c72802fb7ec3080cd885b7643307cdcd90c74cd,Russula,,,gracillima,Russula gracillima
0c72802fb7ec3080cd885b7643307cdcd90c74cd,Russula,,,gracillima,Russula gracillima
0c72802fb7ec3080cd885b7643307cdcd90c74cd,Russula,,,gracillima,Russula gracillima
0ceae209164afa6ab6e9456597caadc8dab500a9,Russula,,,gracillima,Russula gracillima
0d1feac17558fc8736d4fc354c674fb61e182739,Russula,,,gracillima,Russula gracillima
0eb8c92ae80b3fb0a3d5f41bd600227134567706,Russula,,,gracillima,Russula gracillima
0f36f198b9ce97d1f14c53416fdd2bfc3f7cf059,Russula,,,gracillima,Russula gracillima
10d455656c538aa1e77cf884cbb833c0db6a99cb,Russula,,,gracillima,Russula gracillima
11bb1980571b305a7f5e656d0a309ca8e4dfbf57,Russula,,,gracillima,Russula gracillima
1212c112d84da277dd0510612c15eb5993505583,Russula,,,gracillima,Russula gracillima
14e0884c1b3ebfc9d1e3851924881e5cf45ba839,Russula,,,gracillima,Russula gracillima
159fab6d19ad2203e599120f628d996269ced53d,Russula,,,gracillima,Russula gracillima
15acd2413a381f6f1862da8a347e8ea9a2b75f6e,Russula,,,gracillima,Russula gracillima
1696ba504c4e2bc8ec36062b4798a4b41022a159,Russula,,,gracillima,Russula gracillima
1751f41b5c82cdbadba787f122253e3b524da913,Russula,,,gracillima,Russula gracillima
17da18c31dfd380b40c89356347e1cb72bd9a8fb,Russula,,,gracillima,Russula gracillima
18e6269257cbba86beb9af693ac6aa6ef6b3d1dc,Russula,,,gracillima,Russula gracillima
18e6269257cbba86beb9af693ac6aa6ef6b3d1dc,Russula,,,gracillima,Russula gracillima
18e6269257cbba86beb9af693ac6aa6ef6b3d1dc,Russula,,,gracillima,Russula gracillima
18e6269257cbba86beb9af693ac6aa6ef6b3d1dc,Russula,,,gracillima,Russula gracillima
18e6269257cbba86beb9af693ac6aa6ef6b3d1dc,Russula,,,gracillima,Russula gracillima
18e6269257cbba86beb9af693ac6aa6ef6b3d1dc,Russula,,,gracillima,Russula gracillima
18e6269257cbba86beb9af693ac6aa6ef6b3d1dc,Russula,,,gracillima,Russula gracillima
198d16de0abd29fee4ec69df8414c1c6edce6ca9,Russula,,,gracillima,Russula gracillima
19f04b1d2419711cd3f3304b1e93d6ecd13a87ef,Russula,,,gracillima,Russula gracillima
1f73997aea4e901b73e22136afe4c7c20fefeda3,Russula,,,gracillima,Russula gracillima
218515de27ef24ba83cea48102123fff6b368a8f,Russula,,,gracillima,Russula gracillima
21a3c7f7df2e7e6681d7b61353c2be6797813a2c,Russula,,,gracillima,Russula gracillima
28022d9518462eae5e79f443e744ee7db4df049f,Russula,,,gracillima,Russula gracillima
28af2dd0c325bf3ec9b863aea8dcaf70b5c54922,Russula,,,gracillima,Russula gracillima
2af4aa173957482c4434eeeea1b59142996c2300,Russula,,,gracillima,Russula gracillima
2d0070afc36666d19b01e252e97bf0b9eb023353,Russula,,,gracillima,Russula gracillima
34b3c26ceda40739d62a0e3cdd496ced64f97c11,Russula,,,gracillima,Russula gracillima
34b3c26ceda40739d62a0e3cdd496ced64f97c11,Russula,,,gracillima,Russula gracillima
350619445c7db934786106dfa41e89de26571953,Russula,,,gracillima,Russula gracillima
3d4fc7eb24234644fcac6217ffbe002bea2165b1,Russula,,,gracillima,Russula gracillima
40a6439fb2c432e2a5c5a8f5ab90531bdc168805,Russula,,,gracillima,Russula gracillima
420c2d608d09a494f4a34a6c140a7b215e38af2a,Russula,,,gracillima,Russula gracillima
4da8059bdef5f49dc1765447113cbc3d34014e60,Russula,aff,,gracillima,Russula gracillima
53e3798baed3e4c5a57902d1b61a7fcd8fde2eeb,Russula,,,gracillima,Russula gracillima
53e3798baed3e4c5a57902d1b61a7fcd8fde2eeb,Russula,,,gracillima,Russula gracillima
53e3798baed3e4c5a57902d1b61a7fcd8fde2eeb,Russula,,,gracillima,Russula gracillima
57a0aaa215b316e8dd953cfab653faa717cbcc3f,Russula,,,gracillima,Russula gracillima
5d7161c75995eb2348c2b8f0c5dd9654519a4b2e,Russula,,,gracillima,Russula gracillima
5d7161c75995eb2348c2b8f0c5dd9654519a4b2e,Russula,,,gracillima,Russula gracillima
693fa98867dbce9d7ba50a40d0c4c2350010cb9e,Russula,,,gracillima,Russula gracillima
71b0a7e4180935aa55c4e11cfce8db15acfac8da,Russula,,,gracillima,Russula gracillima
8979f492f1c4f3fc825975f521b376266e766a74,Russula,,,gracillima,Russula gracillima
9341820b693d0f4cefe6acf1b2ea77689b0caa86,Russula,,,gracillima,Russula gracillima
9546039d631fd103e909984f65913aa0fa8818dc,Russula,,,gracillima,Russula gracillima
97b7d41311f4be9f4107a4bf282a69c36508ac25,Russula,,,gracillima,Russula gracillima
a474e87b2fc875f2801f6e6331fcb30406975f93,Russula,,,gracillima,Russula gracillima
c156728dc5a9625d9e85c4b64ae4abbb67747807,Russula,,,gracillima,Russula gracillima
f2de8d3ddabfb902394e376ec03d4627f6fdad51,Russula,,,gracillima,Russula gracillima
056e26c592b950ef1cab9b708a4c813ac10a3a53,Russula,cf,,intermedia,Russula intermedia
8afd1f52f32bce0120cc9e255192b2e29874387b,Russula,cf,,intermedia,Russula intermedia
077f255ca68685fe566d19a3866bfedf726fb816,Russula,,,laccata,Russula laccata
0939af3dbaebe664ce79292d9613fc7456a418ea,Russula,,,laccata,Russula laccata
3c7e80c9bf292ee4049fdd1595c438ae333cd3d6,Russula,,,laccata,Russula laccata
4e4ff04bfb0c89f392baf08d0510ca2f2280af7a,Russula,,,laccata,Russula laccata
70f5cb138ecec8d061094ac94920838c8999aa0a,Russula,,,laccata,Russula laccata
75fe264d2d391f935f7b2b9bca1241c5be872f05,Russula,,,laccata,Russula laccata
81b6fa671081d4f0cb406221234520a8ea29c6b9,Russula,,,laccata,Russula laccata
cd60581c686e4120e1bc9715e7772b8661766ac4,Russula,,,laccata,Russula laccata
4c9cf0e2c00bdb679fb97706059df449c801562e,Russula,aff,2,laevis,Russula laevis
5c45c694cff63c911ed24b3a2dce4c124a7beeaf,Russula,aff,,laevis,Russula laevis
a839cefff223f971fc1b6eeda36a641b1e2a74e0,Russula,,,laevis,Russula laevis
0dea43835a1fca705765e777d3a8f1fdfd5d0546,Russula,aff,,laricina,Russula laricina
1cf820e044fca0f8c25e8c06281d905674691f9f,Russula,aff,,laricina,Russula laricina
3d028e17609cd4c3cb7182bc7b1400f0e10d8f50,Russula,aff,,laricina,Russula laricina
4ce45b9b22b8f1e1029e47a3143384a18fd60ffa,Russula,cf,,laricina,Russula laricina
54b6c703e13b3684bda48afdbcb84e5fbf06ba50,Russula,aff,,laricina,Russula laricina
54e843a2b191c5478152ffbf13fc74b646b5c4fe,Russula,cf,,laricina,Russula laricina
753c363a169b99aff6fbb3d27f317b41046eaa62,Russula,cf,,laricina,Russula laricina
7a6fd70f57f5f00652137c624c989ff80819de51,Russula,aff,,laricina,Russula laricina
7b45d79b76775a6a84b43da83f2c3c34fda17221,Russula,cf,,laricina,Russula laricina
07c9a60f6c0e5b02754c658c6fd951562df1a5d9,Russula,,,nana,Russula nana
0a99a112fc77f95afce4170f4461e983c4a677a1,Russula,,,nana,Russula nana
0aa6b427a4a0984cef210c0a1b17b37e69a3b88d,Russula,,,nana,Russula nana
0ae551c8cf1b6a03df15fa20ee4b5a5e2cb30093,Russula,,,nana,Russula nana
0fff7fc10456e3976e29ad53d7ecccaf38970dcf,Russula,,,nana,Russula nana
101b5862abf0c404c13bc653e26496da648399f6,Russula,,,nana,Russula nana
10dc29367270ed06afd1eaf2bdaed835993560ae,Russula,,,nana,Russula nana
13a7ae49603f1e6f0597a3bf45c2853a5e7fdf34,Russula,,,nana,Russula nana
13bebda595d10466b5c9b6bb655c189b69081891,Russula,,,nana,Russula nana
3891d17b1d08d52027244c2760a5f7190a6209ad,Russula,,,nana,Russula nana
b4ad6b93d1cba229b185319e04bd1d4d1ccbaaa5,Russula,,,nana,Russula nana
be5b6ff22c6958cda48dde7a7890c5571c7ca825,Russula,,,nana,Russula nana
11c21bd203c6d745a2df717f3fbe7778734d34a8,Russula,,,nuoljae,Russula nuoljae
1c2859a05c1bc2c80773666dbf611e697ed701a9,Russula,,,nuoljae,Russula nuoljae
239afd7425d3e016f025b2202a02b3c2104aad0e,Russula,,,nuoljae,Russula nuoljae
72b0ac170eb6e7b51cc81729a7fb03dce02098d5,Russula,,,nuoljae,Russula nuoljae
ced6160d7f64e0327a93b785a50fa2db02938c1d,Russula,,,nuoljae,Russula nuoljae
00a7f7083326df56f1c3c08bbcbdcede45b68a7d,Russula,cf,2,odorata,Russula odorata
00b109acac9a5dd5474117267dfbad04ca1c2318,Russula,cf,2,odorata,Russula odorata
02ab5a741d544767ed9646f2eba5cc39f58daa17,Russula,cf,2,odorata,Russula odorata
02cc20869f1e2229b3f07d9764ff7cee7a342045,Russula,cf,2,odorata,Russula odorata
02e114851099030626290f6c898f29ff15e40af3,Russula,cf,2,odorata,Russula odorata
0391ba978ad73fd6dfa330cc2ce44b10162e172a,Russula,cf,2,odorata,Russula odorata
03a972d81b4d13d6b883aaf8ce9e9af36b0cc716,Russula,cf,2,odorata,Russula odorata
03b61f1d6ffcafe3e9cb5a2eb76fa24987dc2868,Russula,cf,2,odorata,Russula odorata
04125c586f3882e44f6b0f9032e9c428d37a5957,Russula,cf,2,odorata,Russula odorata
044020ee58a932523bb57256483ac03c71f0fc6a,Russula,cf,2,odorata,Russula odorata
05c9ed102fb87c62d1717a9be287daa447864891,Russula,cf,2,odorata,Russula odorata
068675a82c79db6b3d5734ff7b8816e756201d43,Russula,cf,2,odorata,Russula odorata
06deddc5fdc3b1fb6bc5150d31008aad44c8bdd7,Russula,cf,2,odorata,Russula odorata
07f102957c58da0e6104c33fc743719d6d264101,Russula,cf,2,odorata,Russula odorata
09bb148aa7be5d3e0d0950b36eafd543e68489d2,Russula,cf,2,odorata,Russula odorata
0a29dee3cf24baf1e8a79b142e398abdf581ef15,Russula,cf,2,odorata,Russula odorata
0ceeb647cabf2a88b2bad8863f196c43f884d862,Russula,cf,2,odorata,Russula odorata
0d06ce81e90ec1b33ecf575930291bd539cef800,Russula,cf,2,odorata,Russula odorata
0d7c8974863389a8d642bd67a96db77041186a32,Russula,cf,2,odorata,Russula odorata
113c450ff3e988d146b2b5525d63523a04465947,Russula,cf,2,odorata,Russula odorata
113c450ff3e988d146b2b5525d63523a04465947,Russula,cf,2,odorata,Russula odorata
113c450ff3e988d146b2b5525d63523a04465947,Russula,cf,2,odorata,Russula odorata
113c450ff3e988d146b2b5525d63523a04465947,Russula,cf,2,odorata,Russula odorata
113c450ff3e988d146b2b5525d63523a04465947,Russula,cf,2,odorata,Russula odorata
13310ee9f18d63ed712c92dfdcb0944c40807fb0,Russula,cf,2,odorata,Russula odorata
177e4915df804561a4526e9030bf96982d043ace,Russula,cf,2,odorata,Russula odorata
1d2aa93639460c971417b7e423339c17cfe78042,Russula,cf,2,odorata,Russula odorata
1e080232898a777f97c1a11e902eacfd04e58009,Russula,cf,2,odorata,Russula odorata
1efc3081045804d12987b2f899f585d4aca0abc7,Russula,cf,2,odorata,Russula odorata
1f7a235a24edc0e1f6a3daab492e31de9bb6ea1b,Russula,cf,2,odorata,Russula odorata
296f206b67c8f3ebb7b32ed9ad905278f0e7f031,Russula,cf,2,odorata,Russula odorata
2e55bbdfb1bb2b7ec22d516e5c323c0b0eba29b8,Russula,cf,2,odorata,Russula odorata
311ffd0c3f839ac5c1c713c35af1b7d09e560265,Russula,cf,2,odorata,Russula odorata
3130aa9f8021346529d8fdec3e60f78dff20eabd,Russula,cf,2,odorata,Russula odorata
3130aa9f8021346529d8fdec3e60f78dff20eabd,Russula,cf,2,odorata,Russula odorata
34aa617c51eee1a2e13423a104fe2eafdce7d261,Russula,cf,2,odorata,Russula odorata
37df2d2c0ce2b73268cf6579e65986696a57674f,Russula,cf,2,odorata,Russula odorata
38d1de67593e793a66e573356f693a70449577dd,Russula,cf,2,odorata,Russula odorata
46de95df0c2255f2686200a48de2c40c9a3eecb4,Russula,cf,2,odorata,Russula odorata
4c055f80ec27eebb2a2a0396b399244822f08240,Russula,cf,2,odorata,Russula odorata
4d914b0e991a2d5636d64d1d6ed11553763c2069,Russula,cf,2,odorata,Russula odorata
5278fb145a278471f74d5d4f525536cb254c1300,Russula,cf,2,odorata,Russula odorata
55caccb13281921ca642761640a4f6cb1571bad7,Russula,cf,2,odorata,Russula odorata
6a3dd76714fcd982d268fd44c0958313c15a3091,Russula,cf,2,odorata,Russula odorata
772580cf9f4b4e1ac754899e5a3814a2f38e6f53,Russula,cf,2,odorata,Russula odorata
7efd2a96bb3bd9d6ce617d6aab322dea7c208f89,Russula,cf,2,odorata,Russula odorata
872580beb6eca5b5f79106876dcf5f6e7632edae,Russula,cf,2,odorata,Russula odorata
88877f1eef83f4ada3f1c171f44ae37e3324dbd3,Russula,cf,2,odorata,Russula odorata
9460be9987a93279289c38be304c239c53ef9f23,Russula,cf,2,odorata,Russula odorata
95dccfc36a96fb81de420c245fa11a5163b4b49f,Russula,cf,2,odorata,Russula odorata
a2c5126656319229cdb828d047b7dd80b49cb161,Russula,cf,2,odorata,Russula odorata
aa7c9291813e20021e6478fa4033bd7635157a24,Russula,cf,2,odorata,Russula odorata
ad64137974736897c902f7c15558e513abcd2b08,Russula,cf,2,odorata,Russula odorata
b08c686eac940f3ac7d116a48ce2624a12b0886c,Russula,cf,2,odorata,Russula odorata
b08c686eac940f3ac7d116a48ce2624a12b0886c,Russula,cf,2,odorata,Russula odorata
b08c686eac940f3ac7d116a48ce2624a12b0886c,Russula,cf,2,odorata,Russula odorata
b08c686eac940f3ac7d116a48ce2624a12b0886c,Russula,cf,2,odorata,Russula odorata
b08c686eac940f3ac7d116a48ce2624a12b0886c,Russula,cf,2,odorata,Russula odorata
b08c686eac940f3ac7d116a48ce2624a12b0886c,Russula,cf,2,odorata,Russula odorata
b08c686eac940f3ac7d116a48ce2624a12b0886c,Russula,cf,2,odorata,Russula odorata
b15ad904f45525eba889b657a3c9571fc7c55bc1,Russula,cf,2,odorata,Russula odorata
bb33cd45e1b558e80fecf2bdf96b8badf194840e,Russula,cf,2,odorata,Russula odorata
bdce4dd24f4eb113cef0e6de103f1f508de82e17,Russula,cf,2,odorata,Russula odorata
c377bc8b09a9dc17b16dd2cf9791393e112e5280,Russula,cf,2,odorata,Russula odorata
c69c607db49bf0cc539970d23e2a2132df2b094f,Russula,cf,2,odorata,Russula odorata
d2298b3264ab700599cae2e895818e78e1bb3aef,Russula,cf,2,odorata,Russula odorata
d2298b3264ab700599cae2e895818e78e1bb3aef,Russula,cf,2,odorata,Russula odorata
d2298b3264ab700599cae2e895818e78e1bb3aef,Russula,cf,2,odorata,Russula odorata
d2298b3264ab700599cae2e895818e78e1bb3aef,Russula,cf,2,odorata,Russula odorata
d2298b3264ab700599cae2e895818e78e1bb3aef,Russula,cf,2,odorata,Russula odorata
d73c92f66a3061594ba5365bdf74973c5f69deb4,Russula,cf,2,odorata,Russula odorata
d90178a968e8f4c4d8d0fd4ec35e485aa6af9597,Russula,cf,2,odorata,Russula odorata
e34af2738a3ed679dc26fe5b211d29c982766ad4,Russula,cf,2,odorata,Russula odorata
ef87e800070d98b5dabb4b3a1e842cf79c612fdb,Russula,cf,2,odorata,Russula odorata
023799dc40c16ddfd8c18cc3d304c48753825418,Russula,aff,,odorata,Russula odorata
09719dc9fa71b4264d487fc06f1f4cbec5bb9519,Russula,aff,,odorata,Russula odorata
1346b8543f4bde382006fc4e16036431c39bb50d,Russula,aff,,odorata,Russula odorata
13a23be08625a3ae3a610cf17796cc5a40f7225f,Russula,aff,,odorata,Russula odorata
28d59312095719600f8316b98060246912ec258e,Russula,aff,,odorata,Russula odorata
2ab307309a4d196cecf8e50f210a524ec540a9e1,Russula,aff,,odorata,Russula odorata
2d1a207576a56a107664c6d63a33c493cacfdd11,Russula,aff,,odorata,Russula odorata
2d6a2ef094b1b17d1c9d839be37e31003b3471e6,Russula,aff,,odorata,Russula odorata
31191b3a255fc3d24c21cff078609a3fb5c96373,Russula,aff,,odorata,Russula odorata
3899098c53040307fab94225a6aef5f06c9e045e,Russula,aff,,odorata,Russula odorata
3be0efa82521c80445f9f44a40a2570a0534f8a0,Russula,aff,,odorata,Russula odorata
4e4c2c8026eab17723400b77b3d71858d37b465f,Russula,aff,,odorata,Russula odorata
4f9e8458ccc162fec88c4aa79eabd4586b1267e0,Russula,aff,,odorata,Russula odorata
515681ab2ccb9ee76b63abc5c07f7accf462ea35,Russula,aff,,odorata,Russula odorata
58c2e7681d1d0972d729352a7220e63fabf3b8c3,Russula,aff,,odorata,Russula odorata
5b0f8081ccc0e6e47e50ac7ae078a9f4fc11e30d,Russula,aff,,odorata,Russula odorata
74c76539ccd0c35eea19235a652ea17c6e2aa8a4,Russula,aff,,odorata,Russula odorata
74d1e281e52464325fade170edbae7b3a1927b3a,Russula,aff,,odorata,Russula odorata
861c1620d1a27664249af0c4e1e9181f185677d2,Russula,aff,,odorata,Russula odorata
8740275bb5895f43bbb362b39751f091416ba68d,Russula,aff,,odorata,Russula odorata
8adaa0cd152ee8efc033332f3e2765af3fc5c326,Russula,aff,,odorata,Russula odorata
bf99877617e4526deba7d07506cb9765a5e1b832,Russula,aff,,odorata,Russula odorata
c13398e0992729dc2d10793d9693848162afeab2,Russula,aff,,odorata,Russula odorata
c13398e0992729dc2d10793d9693848162afeab2,Russula,aff,,odorata,Russula odorata
c13398e0992729dc2d10793d9693848162afeab2,Russula,aff,,odorata,Russula odorata
c13398e0992729dc2d10793d9693848162afeab2,Russula,aff,,odorata,Russula odorata
c13398e0992729dc2d10793d9693848162afeab2,Russula,aff,,odorata,Russula odorata
c13398e0992729dc2d10793d9693848162afeab2,Russula,aff,,odorata,Russula odorata
c6c29b4deb60f2b0e2b7973d6676230b59c284e4,Russula,aff,,odorata,Russula odorata
d1057ebf4a9f69e81fb9c02606ca901a864cfefe,Russula,aff,,odorata,Russula odorata
db5d0c1e343e04eda3c177bdef8a3688e9eacecd,Russula,aff,,odorata,Russula odorata
db5d0c1e343e04eda3c177bdef8a3688e9eacecd,Russula,aff,,odorata,Russula odorata
db5d0c1e343e04eda3c177bdef8a3688e9eacecd,Russula,aff,,odorata,Russula odorata
e2d6d8b9b430ff498df32e79b0357894e731d90a,Russula,aff,,odorata,Russula odorata
1b65b53e975487f9e76223dd1ff8827e2e3abf2a,Russula,,,pallescens,Russula pallescens
1b65b53e975487f9e76223dd1ff8827e2e3abf2a,Russula,,,pallescens,Russula pallescens
01eb31b7868f138bffbe7c8201ab9ff6ead9dfdc,Russula,,,pascua,Russula pascua
36f6900dba8e84a29b8d053a1d59238e87063fe1,Russula,,,pascua,Russula pascua
39d40ad175b560a22b8d764e0003cc9551f99dbd,Russula,,,pascua,Russula pascua
5831c319d362d9781d96a7411c8d95336b0f8bcc,Russula,,,pascua,Russula pascua
67abf4dff7e97cf21692a41e345e1014f0b1c285,Russula,,,pascua,Russula pascua
6c634051adc0329e868686e5717e0dac6ce6cab0,Russula,,,pascua,Russula pascua
d4b3838fa2fd432eb6c2e42f4ebda0e1de2512a6,Russula,,,pascua,Russula pascua
d99cdabaa5147d1a2ad7c6aa8ba2b00f9abbeb87,Russula,,,pascua,Russula pascua
ff6d1e6c70a39d5670f8bfda7f8233621d20d2d4,Russula,,,pascua,Russula pascua
0e4897117093133bad5d8c1f08948dc909a27ed5,Russula,cf,,pelargonia,Russula pelargonia
03c30d5f6897c856b0ccf3e1e66c1689ab1f9033,Russula,cf,,pubescens,Russula pubescens
369978fb6b33afa0a7707416c83257e5d5f92599,Russula,cf,,pubescens,Russula pubescens
87050b88eee15be485adda07550a4c1f070adde5,Russula,cf,,pubescens,Russula pubescens
8e6f6d29201a8bcff0b6d1b47fdb65d0452d8032,Russula,cf,,pubescens,Russula pubescens
be72d64d355f06eeee5c6f66a26d29b5e7d07482,Russula,cf,,pubescens,Russula pubescens
f6617b266d026e2e0003bbdd3c54fdf9114c6c00,Russula,cf,,pubescens,Russula pubescens
08fe8f01fbb55d82d3f42f2a7823e033073938da,Russula,,,queletii,Russula queletii
1f8ef4bace58bd00a7cac199e024b6285958454a,Russula,,,queletii,Russula queletii
29200ac9fda90517922f14d0f1ea27fa3ccb1101,Russula,,,queletii,Russula queletii
3a7b297fa710baf81443770179eb640c5d41b92d,Russula,,,queletii,Russula queletii
3b387486f55c4d9c44b81aed598dcb4fb4be296a,Russula,,,queletii,Russula queletii
3ef85ed6520bb875599884ac6a3f52009f67dfe5,Russula,,,queletii,Russula queletii
4655fc3398bbc8cc27d0d5fa4c0629615e3f21a8,Russula,,,queletii,Russula queletii
48972cff735e880e2c052f3fb1ee779b1e0808da,Russula,aff,,queletii,Russula queletii
533d9bee401e78eb4b1c40574afb536a545a785a,Russula,,,queletii,Russula queletii
6b1f2d4db6a4510d82bde3401838e3c8989ac175,Russula,,,queletii,Russula queletii
6cdbc28226c07d1b88c0f86cbfb24f5607012273,Russula,,,queletii,Russula queletii
a102c3834b8795e38626f484653eb2194e7817eb,Russula,,,queletii,Russula queletii
a8230b79c02bb67474f30e33d3135c87c66737ce,Russula,,,queletii,Russula queletii
b46f66465a6e13556675bf87b194f2a5633cbe3c,Russula,,,queletii,Russula queletii
e2ec1f06e142a76e71e4c9e7d90467abffbf6a48,Russula,,,queletii,Russula queletii
ebbbc1dc614461c81ce01a125cce8872b3d03ba2,Russula,,,queletii,Russula queletii
4d8e16e207d152ac1210e981a77a00ea5fbf76d8,Russula,cf,,subfoetens,Russula subfoetens
1f0e6fa557f572420621d17a3088523c4df13b6c,Russula,,,suecica,Russula suecica
02a971c440d8c260cd2f3f5cfd6bfaebc09d05ee,Russula,,,velenovskyi,Russula velenovskyi
02a971c440d8c260cd2f3f5cfd6bfaebc09d05ee,Russula,,,velenovskyi,Russula velenovskyi
33bbe2f1913154ccfb29dd7ea2b6f20049fe4604,Russula,,,velenovskyi,Russula velenovskyi
5597013811fc2bb490648b1360acae81d5225310,Russula,,,velenovskyi,Russula velenovskyi
77e51d61775b40290b0a3ed34d14f82b0df16956,Russula,,,velenovskyi,Russula velenovskyi
77e51d61775b40290b0a3ed34d14f82b0df16956,Russula,,,velenovskyi,Russula velenovskyi
a6cb354c3caed3a9dbe1355386655ed7b283ef9a,Russula,,,velenovskyi,Russula velenovskyi
cd3cd9e2181e8724347c3960779030586144ea66,Russula,,,velenovskyi,Russula velenovskyi
2d7edeae9320ad4bf600b9015d52adf910fea5e3,Russula,,,vesca,Russula vesca
30081b8cfe6a4abde9aa7c81ac63065a72646be3,Russula,,,vesca,Russula vesca
de74a11ff68e66e94d0f7931c41a1f121e86e5b2,Russula,,,vesca,Russula vesca
f7c2a89d58b1bb9c0be82aa7f787d0d84b8ab2b1,Russula,,,vesca,Russula vesca
103260c70c32d57082948cb7b663770a6140f3d6,Russula,,,vinosa,Russula vinosa
1ce49063779cfd302168a9dc478ea939b03e3d78,Russula,,,vinosa,Russula vinosa
336366f5aa197b44fe17a39fcd35397596d3e683,Russula,aff,,viridofusca,Russula viridofusca
7dcaeb7173f4b532cb84bc658948c2cfad281159,Russula,cf,,viscida,Russula viscida
11ca59e7baaac2172b7394d433b03ed7275d5e5d,Schizophyllaceae,sp,,,Schizophyllaceae 
4bdf3c1cd8b894a814460a10e0455a6ee806df1a,Siphonaria,sp,2,,Siphonaria 
e99454f066664a3bc98fc85810e33843c093f362,Sistotrema,sp,,,Sistotrema 
e99454f066664a3bc98fc85810e33843c093f362,Sistotrema,sp,,,Sistotrema 
42693f7bbc7b62adca21d60a71c95357b9e0f240,Sistotrema,sp,2,,Sistotrema 
a054274ca9a9dbe0037b309e833432c22caf436e,Sistotrema,sp,3,,Sistotrema 
eb12757019aa3d49f57b2604fed0676b1ff90b2c,Sistotrema,sp,4,,Sistotrema 
35b91ac9f479ac72ff0263d425e25374bd6c0523,Sistotrema,sp,5,,Sistotrema 
3bcd0434cf501050f952ace46411079215774990,Sistotrema,sp,5,,Sistotrema 
3f74d61b7ecbb53efe3ddcbdd03ae3ebdcccf621,Sistotrema,sp,5,,Sistotrema 
c5b7b47d19ceb8b8e16ed880fe6c148d803d8876,Sistotrema,sp,5,,Sistotrema 
0e32cf788b6a244ec4316fad5335010e06f6d6a0,Sistotrema,cf,,albopallescens,Sistotrema albopallescens
bb0c2d54c6402bb3e241038382981ab1ffcc007d,Sistotrema,cf,,albopallescens,Sistotrema albopallescens
e1999a26b49527455fa9027431fb1f01844e5a4d,Sistotrema,cf,,albopallescens,Sistotrema albopallescens
e22643697a1236136a57dfa7f941d0562e93f758,Sistotrema,cf,,albopallescens,Sistotrema albopallescens
51174765a8443f621f5a4301c7b88f24f90afb42,Sistotremastrum,aff,,suecicum,Sistotremastrum suecicum
596e99b8621b39c76a29384568897204664c4848,Sistotremastrum,aff,,suecicum,Sistotremastrum suecicum
1efa1eafe4aa104d6d92210c9e8b4f2e444aac3f,Sordariomycetes,sp,,,Sordariomycetes 
1efa1eafe4aa104d6d92210c9e8b4f2e444aac3f,Sordariomycetes,sp,,,Sordariomycetes 
1efa1eafe4aa104d6d92210c9e8b4f2e444aac3f,Sordariomycetes,sp,,,Sordariomycetes 
00ba01da70d87a7a941518e5f248c254d6fce1e7,Sphaerobolus,,,stellatus,Sphaerobolus stellatus
06c1998b86bf72227699ed02a13988467387d599,Sphaerobolus,,,stellatus,Sphaerobolus stellatus
2a2da23f8a379c2e5beea40c7f1700ed138dd50a,Sphaerobolus,,,stellatus,Sphaerobolus stellatus
81a54f5b48a0e6e3e47b6369118839ac69369a94,Sphaerobolus,,,stellatus,Sphaerobolus stellatus
81a54f5b48a0e6e3e47b6369118839ac69369a94,Sphaerobolus,,,stellatus,Sphaerobolus stellatus
ab83d1af595cf55f2b2d833dd00e8dd0961fb560,Sphaerobolus,,,stellatus,Sphaerobolus stellatus
ef5d1d6100f5a660d1a48ecd408266723d5ad5dd,Sphaerobolus,,,stellatus,Sphaerobolus stellatus
241cdf15ec368433caa70f4bbd73ef1cf17e154d,Sphagnurus,,,paluster,Sphagnurus paluster
2736a20ba4273ccba71c21323e1af2aa0bb38389,Sphagnurus,,,paluster,Sphagnurus paluster
5ee45844c7590efc0ecce5e167f7c7c882e4f8fd,Sphagnurus,,,paluster,Sphagnurus paluster
62f9876685c3cb9abad05024705664616f02dac1,Sphagnurus,,,paluster,Sphagnurus paluster
763ca17eb1dbf7f40761db1634349220ab97209a,Sphagnurus,,,paluster,Sphagnurus paluster
c563dda67e01be488a94f27962040e94b3d20d73,Sphagnurus,,,paluster,Sphagnurus paluster
c563dda67e01be488a94f27962040e94b3d20d73,Sphagnurus,,,paluster,Sphagnurus paluster
c563dda67e01be488a94f27962040e94b3d20d73,Sphagnurus,,,paluster,Sphagnurus paluster
c563dda67e01be488a94f27962040e94b3d20d73,Sphagnurus,,,paluster,Sphagnurus paluster
c563dda67e01be488a94f27962040e94b3d20d73,Sphagnurus,,,paluster,Sphagnurus paluster
c563dda67e01be488a94f27962040e94b3d20d73,Sphagnurus,,,paluster,Sphagnurus paluster
3da56fafa5329f7ac1674d8a14770d33ed35b7e8,Sterigmatomyces,sp,,,Sterigmatomyces 
1caf6c987783f4c6d549967c2e2e4af6886f4031,Stropharia,,,hornemanii,Stropharia hornemanii
1d998ecc4c364fd38b4afae7428b27c8020075a6,Stropharia,,,hornemanii,Stropharia hornemanii
f3f2c7e9d59ff9d6b170d2e8a5c419f04a222a80,Stropharia,,,hornemanii,Stropharia hornemanii
04ddee25a70b45552f18582801de354107c9abb3,Suillus,sp,,,Suillus 
08f29bfac7f30ae699f4f4784ae6f70ac01cb348,Suillus,sp,,,Suillus 
281ed69b7b30bc6addc15771fc2818e7718f2e24,Suillus,sp,1,,Suillus 
fc414a5fe047ab6b97ca13e7b1079644a5b4c75c,Suillus,aff,,asiaticus,Suillus asiaticus
0f117e4a71a058ccff2d434daf229859d1f5dce5,Suillus,,,bovinus,Suillus bovinus
15207cd4c84f3b230846d9ab021e841c22fdf495,Suillus,,,bovinus,Suillus bovinus
15207cd4c84f3b230846d9ab021e841c22fdf495,Suillus,,,bovinus,Suillus bovinus
15c1e852e6d2c607ad16502b53d7921949bbc270,Suillus,,,bovinus,Suillus bovinus
32bb258807f53af8ec22d392829ff7df83628875,Suillus,,,bovinus,Suillus bovinus
d4b7090db9ebc74251d0895e770ad18221f59b18,Suillus,,,bovinus,Suillus bovinus
edb3db7423b8d7bbdc17ee67aa9702224d1316ea,Suillus,,,bovinus,Suillus bovinus
23b88a65ac9641891883d862da1a75c95ba92a07,Suillus,,,cavipes,Suillus cavipes
58e61c1b5963c23b329256b04ed5b78fa1fade66,Suillus,,,cavipes,Suillus cavipes
7585f3fc9a8cd0429d34dfd9d71fa1de9e96cb51,Suillus,,,cavipes,Suillus cavipes
d523d929c0a5111e18cad9f986ff04f842288403,Suillus,,,cavipes,Suillus cavipes
1e8637a28c9e96427ccfbc6c79cf9846950df1f5,Suillus,,,flavidus,Suillus flavidus
208b15c95a9f6c5d8f46b7379c4279587e72702f,Suillus,,,flavidus,Suillus flavidus
27dc735e0d12051bbbe67a5716ecb0ba3f04c0ba,Suillus,,,flavidus,Suillus flavidus
2a6b7ae60945df8c6d052251905ccca193c81478,Suillus,,,flavidus,Suillus flavidus
31a583ba3f75ab815708aa6de08e8a08e0257f2f,Suillus,,,flavidus,Suillus flavidus
38f735e046d59a51bd449ffa779259fa4d0b4b10,Suillus,,,flavidus,Suillus flavidus
41615be8b026a9c828c2a55411a0185abe0c745a,Suillus,,,flavidus,Suillus flavidus
502cfa7547759803c7eb9f71c5df17be33aab763,Suillus,,,flavidus,Suillus flavidus
6f4e4e90c3fba6688b6400e26faf8acda78271b5,Suillus,,,flavidus,Suillus flavidus
91c2b4217ec58931a70f2b61b1e730d7c2ee650b,Suillus,,,flavidus,Suillus flavidus
e370edd9d86b1f4b79735f72e26844bade8e402c,Suillus,,,flavidus,Suillus flavidus
e370edd9d86b1f4b79735f72e26844bade8e402c,Suillus,,,flavidus,Suillus flavidus
e370edd9d86b1f4b79735f72e26844bade8e402c,Suillus,,,flavidus,Suillus flavidus
e370edd9d86b1f4b79735f72e26844bade8e402c,Suillus,,,flavidus,Suillus flavidus
a66fe2d76ef2ea5b782a4de801015d6148efebc1,Suillus,,,glandulosus,Suillus glandulosus
c1491261db9bd964286a5be5e0534fe5ca4aff42,Suillus,,,glandulosus,Suillus glandulosus
2bbf838b2ccc04c5880505e74f03e6b30c34e9db,Suillus,,,granulatus,Suillus granulatus
ff55ec59941dafcc0e652a73e2afaf376f3416bf,Suillus,,,granulatus,Suillus granulatus
06abc66ab4a9c0e9c16bd64707d7fc455f5163e7,Suillus,,,grevillei,Suillus grevillei
074b1c57d0bf5ab98e9417624c3eeecdbf712c05,Suillus,,,grevillei,Suillus grevillei
16d69bfae121396c675086f945aee2577a391a8f,Suillus,,,grevillei,Suillus grevillei
2019508407b78fb26d06a7ad37cf5964f3e7bfe5,Suillus,,,grevillei,Suillus grevillei
2019508407b78fb26d06a7ad37cf5964f3e7bfe5,Suillus,,,grevillei,Suillus grevillei
2019508407b78fb26d06a7ad37cf5964f3e7bfe5,Suillus,,,grevillei,Suillus grevillei
2276a73817a4f93bca4e964b73f08bcdc98681ca,Suillus,,,grevillei,Suillus grevillei
2276a73817a4f93bca4e964b73f08bcdc98681ca,Suillus,,,grevillei,Suillus grevillei
2276a73817a4f93bca4e964b73f08bcdc98681ca,Suillus,,,grevillei,Suillus grevillei
37da94b28694747f05dfcc2f19866c9b24e92683,Suillus,,,grevillei,Suillus grevillei
6007d3b643959518f4943d3d5bb65dbc12146693,Suillus,,,grevillei,Suillus grevillei
67fbfa88287c7b51c7d800814732c0deaf4cb31b,Suillus,,,grevillei,Suillus grevillei
6b3c5d22457323ac136cbb342d3e4119ed5984bb,Suillus,,,grevillei,Suillus grevillei
6cd1ea69518cdedeebe13ecf7090042276d04d4f,Suillus,,,grevillei,Suillus grevillei
7f8a6247d12e7a723e2e1fcb035655f56c0fcb75,Suillus,,,grevillei,Suillus grevillei
7f8a6247d12e7a723e2e1fcb035655f56c0fcb75,Suillus,,,grevillei,Suillus grevillei
959fa6ff01392e2de8ffc5c690744d0891cbadd4,Suillus,,,grevillei,Suillus grevillei
f44badffaee6592e5dc4c61a56ae058924347bbb,Suillus,,,grevillei,Suillus grevillei
fbf0d2b92ed3244c1394f15995bd289b6c0bfeba,Suillus,,,grevillei,Suillus grevillei
8bbab3c658b23448f3ed3410f8eb7bb78d699608,Suillus,,,luteus,Suillus luteus
a675a8bfd264d42d4ad13c8b6fcc16fa321a7ce6,Suillus,,,luteus,Suillus luteus
bf9686dd44d7cadaaa2137cc3b192dc28d327f9b,Suillus,,,luteus,Suillus luteus
d2e8cda6399e22d03bf476accf059d7d7c39b414,Suillus,,,luteus,Suillus luteus
d50e47865717d88381c3fac93c69495eb9f9b037,Suillus,,,luteus,Suillus luteus
d5b97f33d44d9716e62f8c0c1923281686fda42f,Suillus,,,luteus,Suillus luteus
d6e7ebf80277c2347d7d88f5fe746772a38ecad3,Suillus,,,luteus,Suillus luteus
f5db5bfb4b6d981dd08f3cf7c84ededf9ca2de75,Suillus,,,luteus,Suillus luteus
f5db5bfb4b6d981dd08f3cf7c84ededf9ca2de75,Suillus,,,luteus,Suillus luteus
fd89246d3f53292faf924ab6ba7055ca28304ea2,Suillus,,,luteus,Suillus luteus
8a5f9bd4252c9e80d02b049f0b1767c7f644e015,Suillus,,,ochraceoroseus,Suillus ochraceoroseus
8df03377d793ae25e35f7fccb80f80d852db71fb,Suillus,,,ochraceoroseus,Suillus ochraceoroseus
93c3431428a1558217a4c9d1632ee141ddf3381d,Suillus,,,ochraceoroseus,Suillus ochraceoroseus
b5fa5b4db12f777e04e817c24384a1b9ea540578,Suillus,,,ochraceoroseus,Suillus ochraceoroseus
f40fd478360b621956579db80aa3ceb1f18bf8b1,Suillus,,,ochraceoroseus,Suillus ochraceoroseus
13fd27f770668bcecf58383c2cbd039fc0776711,Suillus,,,placidus,Suillus placidus
237697c8cda9ff3acc6dfaf534f947fd91558ba2,Suillus,,,placidus,Suillus placidus
386577bf5d8a278b497cf8a75f6942d94c21d323,Suillus,,,placidus,Suillus placidus
67c5d77efcdb006548f74b54986d3150af8ebdd4,Suillus,,,placidus,Suillus placidus
7e0da2a3f8a0476add98ee31c6b6f914d7655dec,Suillus,,,placidus,Suillus placidus
036ebff4bf0aff88a4d68dcc734936da8424d34c,Suillus,,,praetermissus,Suillus praetermissus
052222600e45372bea201f425e0bdd905bcab2c5,Suillus,,,praetermissus,Suillus praetermissus
052222600e45372bea201f425e0bdd905bcab2c5,Suillus,,,praetermissus,Suillus praetermissus
052222600e45372bea201f425e0bdd905bcab2c5,Suillus,,,praetermissus,Suillus praetermissus
052222600e45372bea201f425e0bdd905bcab2c5,Suillus,,,praetermissus,Suillus praetermissus
052222600e45372bea201f425e0bdd905bcab2c5,Suillus,,,praetermissus,Suillus praetermissus
052222600e45372bea201f425e0bdd905bcab2c5,Suillus,,,praetermissus,Suillus praetermissus
052222600e45372bea201f425e0bdd905bcab2c5,Suillus,,,praetermissus,Suillus praetermissus
052222600e45372bea201f425e0bdd905bcab2c5,Suillus,,,praetermissus,Suillus praetermissus
052222600e45372bea201f425e0bdd905bcab2c5,Suillus,,,praetermissus,Suillus praetermissus
052222600e45372bea201f425e0bdd905bcab2c5,Suillus,,,praetermissus,Suillus praetermissus
052222600e45372bea201f425e0bdd905bcab2c5,Suillus,,,praetermissus,Suillus praetermissus
052222600e45372bea201f425e0bdd905bcab2c5,Suillus,,,praetermissus,Suillus praetermissus
052222600e45372bea201f425e0bdd905bcab2c5,Suillus,,,praetermissus,Suillus praetermissus
052222600e45372bea201f425e0bdd905bcab2c5,Suillus,,,praetermissus,Suillus praetermissus
052b93cd807813c1dd17258b2374b565a9bf6176,Suillus,,,praetermissus,Suillus praetermissus
052b93cd807813c1dd17258b2374b565a9bf6176,Suillus,,,praetermissus,Suillus praetermissus
052b93cd807813c1dd17258b2374b565a9bf6176,Suillus,,,praetermissus,Suillus praetermissus
0640f571dedbc5058d43637ee1f6524be17d523c,Suillus,,,praetermissus,Suillus praetermissus
06e2fdac8641afc4552d2d07d6b2084c45f18b3b,Suillus,,,praetermissus,Suillus praetermissus
1956c68010b866e6d5734c904766641ef0fe01d1,Suillus,,,praetermissus,Suillus praetermissus
283b31ce77744d952001e286efd4a43106c5d7c0,Suillus,,,praetermissus,Suillus praetermissus
2842de85c0d98cf9e26c4db14d10a4ea5768cac3,Suillus,,,praetermissus,Suillus praetermissus
2aaa5c892f8574e22b01239137fb168501ed8cc3,Suillus,aff,,praetermissus,Suillus praetermissus
30285b680cf190ca7b1fc643a28ebdd36447255c,Suillus,,,praetermissus,Suillus praetermissus
34da11b919d330dea546a792aaf1835c46ef7bfb,Suillus,,,praetermissus,Suillus praetermissus
44932ad2a5358cc1da38cc0c21e40698ee1dcda4,Suillus,,,praetermissus,Suillus praetermissus
44932ad2a5358cc1da38cc0c21e40698ee1dcda4,Suillus,,,praetermissus,Suillus praetermissus
4e3bbc9240402e596dd41ef61ac14b58d867ccb1,Suillus,,,praetermissus,Suillus praetermissus
4e3bbc9240402e596dd41ef61ac14b58d867ccb1,Suillus,,,praetermissus,Suillus praetermissus
56ab9647bdc85dc7618d6aaa2fe301ee020a1ed8,Suillus,,,praetermissus,Suillus praetermissus
6e8bf612961ae1baad590587cdcb326e406d486e,Suillus,,,praetermissus,Suillus praetermissus
708980cf807f19e81c8a1f5f99cf58d4249bd53c,Suillus,,,praetermissus,Suillus praetermissus
7c352d40b177b6734c88f39dd42f931145c23499,Suillus,,,praetermissus,Suillus praetermissus
955787abeb63ca3b92fbb96c7460557ab2eda56b,Suillus,,,praetermissus,Suillus praetermissus
a52070dc403a74863a9a1f3b2d2c0e74e184aff6,Suillus,,,praetermissus,Suillus praetermissus
a7820895efc96e8472fc97808bed88dfdb39cf68,Suillus,,,praetermissus,Suillus praetermissus
a7820895efc96e8472fc97808bed88dfdb39cf68,Suillus,,,praetermissus,Suillus praetermissus
a7820895efc96e8472fc97808bed88dfdb39cf68,Suillus,,,praetermissus,Suillus praetermissus
a7820895efc96e8472fc97808bed88dfdb39cf68,Suillus,,,praetermissus,Suillus praetermissus
a7820895efc96e8472fc97808bed88dfdb39cf68,Suillus,,,praetermissus,Suillus praetermissus
c54e7fabfb4d69b454a19e7cca1e4b0575ba66de,Suillus,,,praetermissus,Suillus praetermissus
e0c4ae1aa692ea7e1eae4ebee5c17a04aa5da8b6,Suillus,,,praetermissus,Suillus praetermissus
e657ec35dc2d3cc19d70d5567b609da268ccf3e1,Suillus,,,praetermissus,Suillus praetermissus
067d99f8628cedaaa55d898b7acd754034677b5c,Suillus,,,punctipes,Suillus punctipes
0b965efef6fa9fbdc602da3b9085a8304513ec53,Suillus,,,punctipes,Suillus punctipes
2bdf09d3818dedce80b3b06e096981231499a061,Suillus,,,punctipes,Suillus punctipes
2bdf09d3818dedce80b3b06e096981231499a061,Suillus,,,punctipes,Suillus punctipes
39c36a4c18769df900c8f8aac159cbd5f780fb45,Suillus,,,punctipes,Suillus punctipes
52fe0821c46d50d132762bf1d46225d0b7f6561b,Suillus,,,punctipes,Suillus punctipes
987c88fe3a2c779796dcf5f367d58f65b0961f7a,Suillus,,,punctipes,Suillus punctipes
9ca81f23eaa39d278bacf41acdb435724e6521b5,Suillus,,,punctipes,Suillus punctipes
cde4a2c71be90c9370338c27d0b89775f4f20669,Suillus,,,punctipes,Suillus punctipes
d7627352a7bb61953a0e8dbaa697d677b9f20f95,Suillus,,,punctipes,Suillus punctipes
ed3bcee9b4b3d3a0d8ca1dc5268c734fb123a989,Suillus,,,punctipes,Suillus punctipes
ed3bcee9b4b3d3a0d8ca1dc5268c734fb123a989,Suillus,,,punctipes,Suillus punctipes
ed3bcee9b4b3d3a0d8ca1dc5268c734fb123a989,Suillus,,,punctipes,Suillus punctipes
fb6625810efffaf584a1f8a8df5c904cd3064faa,Suillus,,,punctipes,Suillus punctipes
038f297a8d057198c951a824c8f5b6d5e2746083,Suillus,,,sibiricus,Suillus sibiricus
06d62c6306874a94ee52c328e149ddf8b19ec433,Suillus,,,sibiricus,Suillus sibiricus
22d54b8900ee7b1d17d9220e8f9ccfdb17bfae9b,Suillus,,,sibiricus,Suillus sibiricus
93395afc37871a59aa37c23ceac8bbcd98383504,Suillus,,,sibiricus,Suillus sibiricus
129e7891e50f56448a0a6b162c3480c3c94c80b8,Suillus,,,spectabilis,Suillus spectabilis
0253eac81ec4d521d3f744cbc59b0f607f5b52e6,Suillus,,,variegatus,Suillus variegatus
0253eac81ec4d521d3f744cbc59b0f607f5b52e6,Suillus,,,variegatus,Suillus variegatus
02eae542695a88feecbbfc8080e73ce33fb0e938,Suillus,,,variegatus,Suillus variegatus
02eae542695a88feecbbfc8080e73ce33fb0e938,Suillus,,,variegatus,Suillus variegatus
046cdadc0e3859c34214db0358c1ba1aa7708628,Suillus,,,variegatus,Suillus variegatus
04e3b647965f798d2321ba4866cbfb79eb1cd02f,Suillus,,,variegatus,Suillus variegatus
068b063bc64f50d31c585fe2818826f2244120bc,Suillus,,,variegatus,Suillus variegatus
0963c82250e0796a091adf1f88a543effcb0da95,Suillus,,,variegatus,Suillus variegatus
0ac96bb93662700b778f81b10d8bd5c4b631ac11,Suillus,,,variegatus,Suillus variegatus
0c8b6dad7ce2ae3615a98d3a45e112be550ca553,Suillus,,,variegatus,Suillus variegatus
0d1a9758d607f070f48e569423ef2af658a1df85,Suillus,,,variegatus,Suillus variegatus
1160ff14bc7afafef78dcd93279681031c917394,Suillus,,,variegatus,Suillus variegatus
12ff5edaa736b9120b5d2235c186c4a3aa6a510b,Suillus,,,variegatus,Suillus variegatus
139784872a3a9befe6967c5125a43408a0db832d,Suillus,,,variegatus,Suillus variegatus
152509754ee57e6ac48df16d2e7c455fc611332d,Suillus,,,variegatus,Suillus variegatus
1b23bdfbb24a40c77baa6e5201af3c9e710d0f39,Suillus,,,variegatus,Suillus variegatus
1be31afc904b0f91dd106d6f300628a4950051b9,Suillus,,,variegatus,Suillus variegatus
1ce8808b1158c3410fc5d3dd6a93c0bdd983f3ff,Suillus,,,variegatus,Suillus variegatus
21f22d077052e1ae704852f890b8ad583ade3bb8,Suillus,,,variegatus,Suillus variegatus
27096ede8f112a134c3cf9946a136e439d70d5f1,Suillus,,,variegatus,Suillus variegatus
2cc73de37d24288b6b9d54b0d16cf218b836b391,Suillus,,,variegatus,Suillus variegatus
2d942b6f9492d5c80b05eadbd3416a2fefcdcf2c,Suillus,,,variegatus,Suillus variegatus
2ef26a005c9c83ad6e8cc19fd226610c489f28ea,Suillus,,,variegatus,Suillus variegatus
380b0ce88248749254fba82f9bf21af1cab4f98b,Suillus,,,variegatus,Suillus variegatus
3cec364eba9354da574eef5f576178259858db44,Suillus,,,variegatus,Suillus variegatus
3fb2250668bf9dcb490d0953c484110d60193838,Suillus,,,variegatus,Suillus variegatus
437223f8baf4ac11aa5912a1be64d53c6ff1e481,Suillus,,,variegatus,Suillus variegatus
48bbd250409b5bbb283a68d3e1f8faa41a1d850c,Suillus,,,variegatus,Suillus variegatus
4c1dde690bcf854f441397c5c99abc0727c6a992,Suillus,,,variegatus,Suillus variegatus
4c1dde690bcf854f441397c5c99abc0727c6a992,Suillus,,,variegatus,Suillus variegatus
4c71022ae4d369faeef9efdfc7a0a46d33f1767d,Suillus,,,variegatus,Suillus variegatus
504eda90eacf79d88c75f632e4ea0e6e9700787b,Suillus,,,variegatus,Suillus variegatus
547c8f35e800e1c6df89e7485cbf4c6615b5e1bb,Suillus,,,variegatus,Suillus variegatus
5813a56da6f630e27695c9ad6c1b722ecfd2c817,Suillus,,,variegatus,Suillus variegatus
5d95668d8f498af4712ac196485b0f2fe1ba874c,Suillus,,,variegatus,Suillus variegatus
603aef50a148fcde63e5ff8ef54d77439ba063d7,Suillus,,,variegatus,Suillus variegatus
62462effc309ff3915f8081d196cc834551c3487,Suillus,,,variegatus,Suillus variegatus
632d1b45934788132f1ff88102e161e76c1e12cb,Suillus,,,variegatus,Suillus variegatus
63a17f300c59e7e79992edecad727fb219ef2d8f,Suillus,,,variegatus,Suillus variegatus
65cb4d43fa443921a0253ac4c9fbcb5232b739cf,Suillus,,,variegatus,Suillus variegatus
6e862069015dc5b0ef3ba45b4d2a5540540cfb28,Suillus,,,variegatus,Suillus variegatus
7011547ba61a67806c97cd38cc9735f239d1de4b,Suillus,,,variegatus,Suillus variegatus
72149aa90e33be5e59b2760024ae9edc0825282e,Suillus,,,variegatus,Suillus variegatus
75a0cbcd81dcf3a5302086b6776d1802182a9036,Suillus,,,variegatus,Suillus variegatus
7c0d504e816497e4e9d46b9ac84990d23aca0126,Suillus,,,variegatus,Suillus variegatus
85657d8aaa5e0040072bfebd9aa3969bebf72865,Suillus,,,variegatus,Suillus variegatus
9afa9994dd97c196d7ebeb4e6ac1ce61fb1a74ba,Suillus,,,variegatus,Suillus variegatus
acb916f4c850a143a7450e62dbdd655f06cef69d,Suillus,,,variegatus,Suillus variegatus
acb916f4c850a143a7450e62dbdd655f06cef69d,Suillus,,,variegatus,Suillus variegatus
b2ec9035d6689233370e418babe29dd124297d8a,Suillus,,,variegatus,Suillus variegatus
b33fefc58abc538a79a314154287ff03a52c1792,Suillus,,,variegatus,Suillus variegatus
b4d8619fff1d004260b34dab6a8dba362bac8381,Suillus,,,variegatus,Suillus variegatus
b83ff980095e4d0c4a757dbb44636cebdf427272,Suillus,,,variegatus,Suillus variegatus
bc32c0db600604e4a46cf8fdbeae8bfd080df7a5,Suillus,,,variegatus,Suillus variegatus
cc8ca4d7bfed5a4615fba344c26f1098487476a6,Suillus,,,variegatus,Suillus variegatus
dd6591ff06e2ef75828af08603a97ae60f540db6,Suillus,,,variegatus,Suillus variegatus
dd6591ff06e2ef75828af08603a97ae60f540db6,Suillus,,,variegatus,Suillus variegatus
dd6591ff06e2ef75828af08603a97ae60f540db6,Suillus,,,variegatus,Suillus variegatus
dd6591ff06e2ef75828af08603a97ae60f540db6,Suillus,,,variegatus,Suillus variegatus
dd6591ff06e2ef75828af08603a97ae60f540db6,Suillus,,,variegatus,Suillus variegatus
dd6591ff06e2ef75828af08603a97ae60f540db6,Suillus,,,variegatus,Suillus variegatus
dd6591ff06e2ef75828af08603a97ae60f540db6,Suillus,,,variegatus,Suillus variegatus
dd6591ff06e2ef75828af08603a97ae60f540db6,Suillus,,,variegatus,Suillus variegatus
dd6591ff06e2ef75828af08603a97ae60f540db6,Suillus,,,variegatus,Suillus variegatus
dd6591ff06e2ef75828af08603a97ae60f540db6,Suillus,,,variegatus,Suillus variegatus
dd6591ff06e2ef75828af08603a97ae60f540db6,Suillus,,,variegatus,Suillus variegatus
e0d538db092fb011cbebff522721a26af6b2514d,Suillus,,,variegatus,Suillus variegatus
e62c4bd750cc2896aa01949a1151a37ec74f2a3b,Suillus,,,variegatus,Suillus variegatus
f44690088ad8ab76868cd357ddab9f44be72109c,Suillus,,,variegatus,Suillus variegatus
fb8f4f4b51868d8eaec41a932c4e6af38f7bd4dc,Suillus,,,variegatus,Suillus variegatus
fb8f4f4b51868d8eaec41a932c4e6af38f7bd4dc,Suillus,,,variegatus,Suillus variegatus
23bcaf3a3ae2fd499bb9e915823413d7a48d09a8,Sydowia,sp,,,Sydowia 
3241c2fed1d14521936218f16a3fe18cbf13aef9,Tephrocybe,sp,1,,Tephrocybe 
370c9d9c5ea4ff69212d7c8140c7f46a52159227,Tephrocybe,aff,,anthracophila,Tephrocybe anthracophila
3e6942858694c8e32a1d0d9aeb6326ad9a344bf8,Tephrocybe,aff,,anthracophila,Tephrocybe anthracophila
4909924748aee0fe841fc1497a3b8c97e99ee129,Tephrocybe,aff,,anthracophila,Tephrocybe anthracophila
8814c691eb693c8c319e5dc2876007be9bcd22a3,Tephrocybe,aff,,anthracophila,Tephrocybe anthracophila
0a391a79c10c03644c373331044b081b8bda3160,Tephrocybe,,,platypus,Tephrocybe platypus
e1f0cdc7385226e8544ef764ec6122672e0e86ab,Tephrocybe,,,platypus,Tephrocybe platypus
f4e85bff2655d539566ad4c99d50a04d9fe3d3c6,Tephrocybe,,,platypus,Tephrocybe platypus
00f61e1d578f56968d1678858e904a513c33e2a2,Tephrocybe,,,rancida,Tephrocybe rancida
1e063747805eaf045ef4fa7f94272ea3c563ef16,Tephrocybe,,,rancida,Tephrocybe rancida
298833020ff2f424b8f8b56c672520dc8cc9e0a1,Tephrocybe,,,rancida,Tephrocybe rancida
298833020ff2f424b8f8b56c672520dc8cc9e0a1,Tephrocybe,cf,,rancida,Tephrocybe rancida
298833020ff2f424b8f8b56c672520dc8cc9e0a1,Tephrocybe,cf,,rancida,Tephrocybe rancida
298833020ff2f424b8f8b56c672520dc8cc9e0a1,Tephrocybe,cf,,rancida,Tephrocybe rancida
2a867a2dd6b32f4b48f1f1e75b2ed1c6a35f5b61,Tephrocybe,,,rancida,Tephrocybe rancida
302401c51fbdd0085c2edc386971a6a8136a2825,Tephrocybe,,,rancida,Tephrocybe rancida
36c57c525285e6e709dc773f5a923948eb4fd39d,Tephrocybe,,,rancida,Tephrocybe rancida
5cdef1e4b12676c960a36ac140f7d1d5ec38578c,Tephrocybe,,,rancida,Tephrocybe rancida
7a854c9c16b76ab6eee26d661e37b7605bba913e,Tephrocybe,,,rancida,Tephrocybe rancida
7ff642999060b314eb4efcb594c654a60eb572c0,Tephrocybe,cf,,rancida,Tephrocybe rancida
8ba8cad9c3af564823c4e5f0d2d31cc1b6b2a506,Tephrocybe,,,rancida,Tephrocybe rancida
ad89e743cec250b6bb88b2f7d07c1fbe8673bdd3,Tephrocybe,,,rancida,Tephrocybe rancida
cf92f5a0f33c3ea38650c814f30701927495578d,Tephrocybe,,,rancida,Tephrocybe rancida
e13dc07edacd183dca9e973d8aba9e8d7829f247,Tephrocybe,,,rancida,Tephrocybe rancida
37de70f1418aa1eca48f84546c1bae165bc94079,Thaxterogaster,,,causticus,Thaxterogaster causticus
858b20db82cf45e4c48f8cbc8e7ab4aa34772827,Thaxterogaster,,,causticus,Thaxterogaster causticus
2ab78dbad4623243682ebb0768dc6aca5ce73028,Thaxterogaster,,,comarostaphylidis,Thaxterogaster comarostaphylidis
2ab78dbad4623243682ebb0768dc6aca5ce73028,Thaxterogaster,,,comarostaphylidis,Thaxterogaster comarostaphylidis
3f9e8ff35041ef7b1c88e3e2b98b5bc41d034c67,Thaxterogaster,,,comarostaphylidis,Thaxterogaster comarostaphylidis
809988e68fe97dba2877531338a35297674c883a,Thaxterogaster,,,comarostaphylidis,Thaxterogaster comarostaphylidis
b07427a73d54ea364d317e4858423647446bc912,Thaxterogaster,,,comarostaphylidis,Thaxterogaster comarostaphylidis
b07427a73d54ea364d317e4858423647446bc912,Thaxterogaster,,,comarostaphylidis,Thaxterogaster comarostaphylidis
b07427a73d54ea364d317e4858423647446bc912,Thaxterogaster,,,comarostaphylidis,Thaxterogaster comarostaphylidis
b07427a73d54ea364d317e4858423647446bc912,Thaxterogaster,,,comarostaphylidis,Thaxterogaster comarostaphylidis
b07427a73d54ea364d317e4858423647446bc912,Thaxterogaster,,,comarostaphylidis,Thaxterogaster comarostaphylidis
b07427a73d54ea364d317e4858423647446bc912,Thaxterogaster,,,comarostaphylidis,Thaxterogaster comarostaphylidis
e447398119b4f5d03580ee10e9e1cf02958de7cc,Thaxterogaster,,,comarostaphylidis,Thaxterogaster comarostaphylidis
53651e8f9a157b887a3209096f346cb70600cdaf,Thaxterogaster,aff,,leucophanes,Thaxterogaster leucophanes
6705972c04dc14efe45f0ef1ffaa42b24493f6d8,Thaxterogaster,,,mitipes,Thaxterogaster mitipes
c221c5fb59fd22361817bb92f9de0a9ec36efffd,Thaxterogaster,,,mitipes,Thaxterogaster mitipes
481d80db6a2b6e388bd7e1df3a114ef0f9304dea,Thaxterogaster,,,multiformis,Thaxterogaster multiformis
72a00dd0079f05326e5c1613b3179acdc4e470c3,Thaxterogaster,,,multiformis,Thaxterogaster multiformis
72a00dd0079f05326e5c1613b3179acdc4e470c3,Thaxterogaster,,,multiformis,Thaxterogaster multiformis
72a00dd0079f05326e5c1613b3179acdc4e470c3,Thaxterogaster,,,multiformis,Thaxterogaster multiformis
72a00dd0079f05326e5c1613b3179acdc4e470c3,Thaxterogaster,,,multiformis,Thaxterogaster multiformis
72cc809912ae2cac7205d84e04e53f62dc1e8427,Thaxterogaster,,,multiformis,Thaxterogaster multiformis
0951d097a4ad424c5191a485aa33fadb45df9d6d,Thaxterogaster,aff,2,pinophilus,Thaxterogaster pinophilus
035c4d45fe57947ae05384c126ccef9280c2f7b7,Thaxterogaster,,,pinophilus,Thaxterogaster pinophilus
035c4d45fe57947ae05384c126ccef9280c2f7b7,Thaxterogaster,,,pinophilus,Thaxterogaster pinophilus
035c4d45fe57947ae05384c126ccef9280c2f7b7,Thaxterogaster,,,pinophilus,Thaxterogaster pinophilus
035c4d45fe57947ae05384c126ccef9280c2f7b7,Thaxterogaster,,,pinophilus,Thaxterogaster pinophilus
035c4d45fe57947ae05384c126ccef9280c2f7b7,Thaxterogaster,,,pinophilus,Thaxterogaster pinophilus
035c4d45fe57947ae05384c126ccef9280c2f7b7,Thaxterogaster,,,pinophilus,Thaxterogaster pinophilus
035c4d45fe57947ae05384c126ccef9280c2f7b7,Thaxterogaster,,,pinophilus,Thaxterogaster pinophilus
035c4d45fe57947ae05384c126ccef9280c2f7b7,Thaxterogaster,,,pinophilus,Thaxterogaster pinophilus
035c4d45fe57947ae05384c126ccef9280c2f7b7,Thaxterogaster,,,pinophilus,Thaxterogaster pinophilus
035c4d45fe57947ae05384c126ccef9280c2f7b7,Thaxterogaster,,,pinophilus,Thaxterogaster pinophilus
035c4d45fe57947ae05384c126ccef9280c2f7b7,Thaxterogaster,,,pinophilus,Thaxterogaster pinophilus
1c809404133b92b97a9fac48a6acb5ca36b1f6ea,Thaxterogaster,,,pinophilus,Thaxterogaster pinophilus
2561f951482d2ce36c3ea0448968541af7aefe7f,Thaxterogaster,aff,,pinophilus,Thaxterogaster pinophilus
3af01b24b51a72b959df465d77eedad0510ddb37,Thaxterogaster,,,pinophilus,Thaxterogaster pinophilus
604b491ebed146466390825bc54d661e93d1a396,Thaxterogaster,,,pinophilus,Thaxterogaster pinophilus
636171a53e21d8d893fb8ca5d4c2bd0e61857e02,Thaxterogaster,,,pinophilus,Thaxterogaster pinophilus
6a42996b3383231a5c09ddb98454b6571f4b7770,Thaxterogaster,,,pinophilus,Thaxterogaster pinophilus
8b293eecfa700dbfb4abb60d7269ffc5d1697f50,Thaxterogaster,,,pinophilus,Thaxterogaster pinophilus
adca0d11605d467ab6c620ed9f967d1c2449a2d8,Thaxterogaster,,,pinophilus,Thaxterogaster pinophilus
f39353e406b6539d9e48b9aaa4e32f51f57fe593,Thaxterogaster,,,pinophilus,Thaxterogaster pinophilus
f86bea0c9e793d3b7ef4811e47a0a99b65b13761,Thaxterogaster,,,pinophilus,Thaxterogaster pinophilus
bd9f207539bf968ad2b97752572db7a7aa61481c,Thaxterogaster,aff,,pinophilus,Thaxterogaster pinophilus
46c1c11cf0e4b42864e926df5162d758ee9496a8,Thaxterogaster,aff,,pluvius,Thaxterogaster pluvius
5be6f161f8aab37498675472c991c1d4dd5ae6d0,Thaxterogaster,aff,,pluvius,Thaxterogaster pluvius
9e8f0465e00b384d65c923cbe467f996bca2cb20,Thaxterogaster,aff,,pluvius,Thaxterogaster pluvius
9f75b729835b622b5b2e8c9d1a807dd37336d250,Thaxterogaster,aff,,pluvius,Thaxterogaster pluvius
a8c8f6e0e0c6d576a30c598e44e7c499cf77b065,Thaxterogaster,,,porphyropus,Thaxterogaster porphyropus
07214f5b6f22f5d443be6651c57f4374f25c28b0,Thaxterogaster,,,scaurus,Thaxterogaster scaurus
317afe2fd4bc9eec1c6ac2cd7351463783021117,Thaxterogaster,,,scaurus,Thaxterogaster scaurus
317afe2fd4bc9eec1c6ac2cd7351463783021117,Thaxterogaster,,,scaurus,Thaxterogaster scaurus
0d47a536afb47b1b6fcd34aced679a4bf62356ad,Thaxterogaster,aff,,scaurus,Thaxterogaster scaurus
0ebdcd90834ec8215ffcad1adebe032a3c055ce9,Thaxterogaster,aff,,scaurus,Thaxterogaster scaurus
14f6110f98b0d99af88eb41496c6140a9b46bc94,Thaxterogaster,aff,,scaurus,Thaxterogaster scaurus
1609ea8dd86ddf9e3a16ca21d55d8743f0b9ce3e,Thaxterogaster,aff,,scaurus,Thaxterogaster scaurus
468f206774f87a0987352ccc3f94f8ce13b62686,Thaxterogaster,aff,,scaurus,Thaxterogaster scaurus
4ff81a6edaffe55055555641cc66502493f1d5ed,Thaxterogaster,aff,,scaurus,Thaxterogaster scaurus
4ff81a6edaffe55055555641cc66502493f1d5ed,Thaxterogaster,aff,,scaurus,Thaxterogaster scaurus
bb8c292624f0c7de0d93cc5b9487b1c6ecbe324a,Thaxterogaster,aff,,scaurus,Thaxterogaster scaurus
bb8c292624f0c7de0d93cc5b9487b1c6ecbe324a,Thaxterogaster,aff,,scaurus,Thaxterogaster scaurus
bb8c292624f0c7de0d93cc5b9487b1c6ecbe324a,Thaxterogaster,aff,,scaurus,Thaxterogaster scaurus
bb8c292624f0c7de0d93cc5b9487b1c6ecbe324a,Thaxterogaster,aff,,scaurus,Thaxterogaster scaurus
0b489b6c8b4d51b8b8c60466dc500cbeb8959ae4,Thaxterogaster,,,talus,Thaxterogaster talus
110177bcab00cbfe00becd69733fcb402d16c626,Thaxterogaster,,,talus,Thaxterogaster talus
110177bcab00cbfe00becd69733fcb402d16c626,Thaxterogaster,,,talus,Thaxterogaster talus
110177bcab00cbfe00becd69733fcb402d16c626,Thaxterogaster,,,talus,Thaxterogaster talus
110177bcab00cbfe00becd69733fcb402d16c626,Thaxterogaster,,,talus,Thaxterogaster talus
110177bcab00cbfe00becd69733fcb402d16c626,Thaxterogaster,,,talus,Thaxterogaster talus
110177bcab00cbfe00becd69733fcb402d16c626,Thaxterogaster,,,talus,Thaxterogaster talus
110177bcab00cbfe00becd69733fcb402d16c626,Thaxterogaster,,,talus,Thaxterogaster talus
110177bcab00cbfe00becd69733fcb402d16c626,Thaxterogaster,,,talus,Thaxterogaster talus
110177bcab00cbfe00becd69733fcb402d16c626,Thaxterogaster,,,talus,Thaxterogaster talus
110177bcab00cbfe00becd69733fcb402d16c626,Thaxterogaster,,,talus,Thaxterogaster talus
110177bcab00cbfe00becd69733fcb402d16c626,Thaxterogaster,,,talus,Thaxterogaster talus
110177bcab00cbfe00becd69733fcb402d16c626,Thaxterogaster,,,talus,Thaxterogaster talus
110177bcab00cbfe00becd69733fcb402d16c626,Thaxterogaster,,,talus,Thaxterogaster talus
110177bcab00cbfe00becd69733fcb402d16c626,Thaxterogaster,,,talus,Thaxterogaster talus
110177bcab00cbfe00becd69733fcb402d16c626,Thaxterogaster,,,talus,Thaxterogaster talus
110177bcab00cbfe00becd69733fcb402d16c626,Thaxterogaster,,,talus,Thaxterogaster talus
110177bcab00cbfe00becd69733fcb402d16c626,Thaxterogaster,,,talus,Thaxterogaster talus
110177bcab00cbfe00becd69733fcb402d16c626,Thaxterogaster,,,talus,Thaxterogaster talus
110177bcab00cbfe00becd69733fcb402d16c626,Thaxterogaster,,,talus,Thaxterogaster talus
110177bcab00cbfe00becd69733fcb402d16c626,Thaxterogaster,,,talus,Thaxterogaster talus
1b5dd5aa622a42325c5cd5c8bc40c6d801d6511c,Thaxterogaster,,,talus,Thaxterogaster talus
3177ca0e874179e4512f43eb3e1a40f144254db0,Thaxterogaster,,,talus,Thaxterogaster talus
3177ca0e874179e4512f43eb3e1a40f144254db0,Thaxterogaster,,,talus,Thaxterogaster talus
3177ca0e874179e4512f43eb3e1a40f144254db0,Thaxterogaster,,,talus,Thaxterogaster talus
3177ca0e874179e4512f43eb3e1a40f144254db0,Thaxterogaster,,,talus,Thaxterogaster talus
3177ca0e874179e4512f43eb3e1a40f144254db0,Thaxterogaster,,,talus,Thaxterogaster talus
3177ca0e874179e4512f43eb3e1a40f144254db0,Thaxterogaster,,,talus,Thaxterogaster talus
3177ca0e874179e4512f43eb3e1a40f144254db0,Thaxterogaster,,,talus,Thaxterogaster talus
3177ca0e874179e4512f43eb3e1a40f144254db0,Thaxterogaster,,,talus,Thaxterogaster talus
3177ca0e874179e4512f43eb3e1a40f144254db0,Thaxterogaster,,,talus,Thaxterogaster talus
3177ca0e874179e4512f43eb3e1a40f144254db0,Thaxterogaster,,,talus,Thaxterogaster talus
3177ca0e874179e4512f43eb3e1a40f144254db0,Thaxterogaster,,,talus,Thaxterogaster talus
3177ca0e874179e4512f43eb3e1a40f144254db0,Thaxterogaster,,,talus,Thaxterogaster talus
428930e37326aaf6e395d61ba860a8fe1d5d968d,Thaxterogaster,,,talus,Thaxterogaster talus
517984bad201eb379222e3204bc0eb6b85146951,Thaxterogaster,,,talus,Thaxterogaster talus
696a2f49c26fd2da43b7994a498d88b265b02fd9,Thaxterogaster,,,talus,Thaxterogaster talus
7e43b75c1ebd9ba664e094012a5af85c18cbb7c7,Thaxterogaster,,,talus,Thaxterogaster talus
95200856d5035ec9679548483988c06b07c6c786,Thaxterogaster,,,talus,Thaxterogaster talus
aac8cec400084e2b255dc46518e789ea830a9c19,Thaxterogaster,,,talus,Thaxterogaster talus
d86b8673779c27762028d2b5719eaabf083cf3b2,Thaxterogaster,,,talus,Thaxterogaster talus
f41f03e15f9f7fe7e6fe538a0ca0e50eaaa74f3e,Tomentella,sp,1,,Tomentella 
49b16626dd4bb5645994c6e257212a6f75f05388,Tomentella,sp,2,,Tomentella 
66740575dfdbcb10a18986042a2c5c730e8534cf,Tomentella,sp,2,,Tomentella 
d0caf6574a7f4291fc45bcf7ee98d95636fff33c,Tomentella,sp,2,,Tomentella 
0b0f8259379aa665cc631cfa2248da2d525c77a8,Tomentella,sp,3,,Tomentella 
18d6c351258588470dfe113d7c5ec4e5c882e8bd,Tomentella,sp,3,,Tomentella 
1c69277676e2e40e194437af80dd4d51471b13e0,Tomentella,sp,3,,Tomentella 
212a4f9a139f95f623fe8bed72ed3df586854634,Tomentella,sp,3,,Tomentella 
27a4f19edd1d8f455ee44f49136c2daefc25b269,Tomentella,sp,3,,Tomentella 
e0716bf357d3d0fa56e71b391949a05b88b3dd53,Tomentella,sp,3,,Tomentella 
e16168fc386f6e6ace29a1960c806d8f0f1a0153,Tomentella,sp,3,,Tomentella 
2febe36186f979dcc3d308fadecfb806ec0d350c,Tomentella,sp,4,,Tomentella 
2febe36186f979dcc3d308fadecfb806ec0d350c,Tomentella,sp,4,,Tomentella 
2febe36186f979dcc3d308fadecfb806ec0d350c,Tomentella,sp,4,,Tomentella 
2febe36186f979dcc3d308fadecfb806ec0d350c,Tomentella,sp,4,,Tomentella 
2febe36186f979dcc3d308fadecfb806ec0d350c,Tomentella,sp,4,,Tomentella 
2febe36186f979dcc3d308fadecfb806ec0d350c,Tomentella,sp,4,,Tomentella 
2febe36186f979dcc3d308fadecfb806ec0d350c,Tomentella,sp,4,,Tomentella 
2febe36186f979dcc3d308fadecfb806ec0d350c,Tomentella,sp,4,,Tomentella 
2febe36186f979dcc3d308fadecfb806ec0d350c,Tomentella,sp,4,,Tomentella 
2febe36186f979dcc3d308fadecfb806ec0d350c,Tomentella,sp,4,,Tomentella 
2febe36186f979dcc3d308fadecfb806ec0d350c,Tomentella,sp,4,,Tomentella 
2febe36186f979dcc3d308fadecfb806ec0d350c,Tomentella,sp,4,,Tomentella 
2febe36186f979dcc3d308fadecfb806ec0d350c,Tomentella,sp,4,,Tomentella 
2febe36186f979dcc3d308fadecfb806ec0d350c,Tomentella,sp,4,,Tomentella 
2febe36186f979dcc3d308fadecfb806ec0d350c,Tomentella,sp,4,,Tomentella 
2febe36186f979dcc3d308fadecfb806ec0d350c,Tomentella,sp,4,,Tomentella 
2febe36186f979dcc3d308fadecfb806ec0d350c,Tomentella,sp,4,,Tomentella 
2febe36186f979dcc3d308fadecfb806ec0d350c,Tomentella,sp,4,,Tomentella 
2febe36186f979dcc3d308fadecfb806ec0d350c,Tomentella,sp,4,,Tomentella 
2febe36186f979dcc3d308fadecfb806ec0d350c,Tomentella,sp,4,,Tomentella 
2febe36186f979dcc3d308fadecfb806ec0d350c,Tomentella,sp,4,,Tomentella 
2febe36186f979dcc3d308fadecfb806ec0d350c,Tomentella,sp,4,,Tomentella 
2febe36186f979dcc3d308fadecfb806ec0d350c,Tomentella,sp,4,,Tomentella 
2febe36186f979dcc3d308fadecfb806ec0d350c,Tomentella,sp,4,,Tomentella 
2febe36186f979dcc3d308fadecfb806ec0d350c,Tomentella,sp,4,,Tomentella 
2febe36186f979dcc3d308fadecfb806ec0d350c,Tomentella,sp,4,,Tomentella 
2febe36186f979dcc3d308fadecfb806ec0d350c,Tomentella,sp,4,,Tomentella 
2febe36186f979dcc3d308fadecfb806ec0d350c,Tomentella,sp,4,,Tomentella 
2febe36186f979dcc3d308fadecfb806ec0d350c,Tomentella,sp,4,,Tomentella 
2febe36186f979dcc3d308fadecfb806ec0d350c,Tomentella,sp,4,,Tomentella 
2febe36186f979dcc3d308fadecfb806ec0d350c,Tomentella,sp,4,,Tomentella 
2febe36186f979dcc3d308fadecfb806ec0d350c,Tomentella,sp,4,,Tomentella 
2febe36186f979dcc3d308fadecfb806ec0d350c,Tomentella,sp,4,,Tomentella 
2febe36186f979dcc3d308fadecfb806ec0d350c,Tomentella,sp,4,,Tomentella 
2febe36186f979dcc3d308fadecfb806ec0d350c,Tomentella,sp,4,,Tomentella 
2febe36186f979dcc3d308fadecfb806ec0d350c,Tomentella,sp,4,,Tomentella 
2febe36186f979dcc3d308fadecfb806ec0d350c,Tomentella,sp,4,,Tomentella 
2febe36186f979dcc3d308fadecfb806ec0d350c,Tomentella,sp,4,,Tomentella 
2febe36186f979dcc3d308fadecfb806ec0d350c,Tomentella,sp,4,,Tomentella 
2febe36186f979dcc3d308fadecfb806ec0d350c,Tomentella,sp,4,,Tomentella 
2febe36186f979dcc3d308fadecfb806ec0d350c,Tomentella,sp,4,,Tomentella 
2febe36186f979dcc3d308fadecfb806ec0d350c,Tomentella,sp,4,,Tomentella 
2febe36186f979dcc3d308fadecfb806ec0d350c,Tomentella,sp,4,,Tomentella 
2febe36186f979dcc3d308fadecfb806ec0d350c,Tomentella,sp,4,,Tomentella 
2febe36186f979dcc3d308fadecfb806ec0d350c,Tomentella,sp,4,,Tomentella 
2febe36186f979dcc3d308fadecfb806ec0d350c,Tomentella,sp,4,,Tomentella 
032aff74fc925f22c5e87811304bcd57308188e0,Tomentella,sp,5,,Tomentella 
006e7713ab2d73f970171b73dc9f24392b8d6171,Tomentella,,,,Tomentella 
014f53b3e18408c23187e386008fff1c31b50a20,Tomentella,,,,Tomentella 
014f53b3e18408c23187e386008fff1c31b50a20,Tomentella,,,,Tomentella 
04297914dfa13c9201726212c9a79fbaf8781a85,Tomentella,,,,Tomentella 
04c6bf13286d6747e0eaa03438399534b58d6604,Tomentella,,,,Tomentella 
05139c4d9a3f7bf34e74811f4d863c468a28c62d,Tomentella,,,,Tomentella 
05b9e74c4162afd306680a4bc4e0310b920f38df,Tomentella,,,,Tomentella 
081ef0b7f8b40f0a924dbf781169dcffd4b3837e,Tomentella,,,,Tomentella 
0925fc8bfe7bd244028a42a979e1b11c83796683,Tomentella,,,,Tomentella 
0bb099b3d733e52609b32b94bbf9dfedd50540e5,Tomentella,,,,Tomentella 
0df8b97af91d1dc79986322fcc1c437ade55bc25,Tomentella,,,,Tomentella 
0e25ab85451cdedbfa99279441653b6056629ba9,Tomentella,,,,Tomentella 
0f794343ca523b40cefc924ff59cb3d7b64c0a84,Tomentella,,,,Tomentella 
12bac7006070eca95d37cf35af51cf43f2fa266d,Tomentella,,,,Tomentella 
135ae437b1f2e01a40ccaa69f48888277f4c7635,Tomentella,,,,Tomentella 
15f154cf6a499d4e52acfc128f8f33d8b359a469,Tomentella,,,,Tomentella 
1693fff04118db3b6b2d9faf7d853f541f4c2aba,Tomentella,,,,Tomentella 
171dad2821660576de2357b756abf17b49a8e881,Tomentella,,,,Tomentella 
171dad2821660576de2357b756abf17b49a8e881,Tomentella,,,,Tomentella 
17818201d19a8fe9639891df347a05eee2411661,Tomentella,,,,Tomentella 
194c43ab0ec70769a9b3b5b0529deac5fb43c5f6,Tomentella,,,,Tomentella 
1afb91afaa24c47c0993b5292b8682e87a7e875b,Tomentella,,,,Tomentella 
1f19cca5b04e473db8bde37cf5b528e448961ece,Tomentella,,,,Tomentella 
1f50a92c9c3844b726bdc470a69b69b93255ffe6,Tomentella,,,,Tomentella 
1fdd78243d28260fc5def2cc9c46910125163c7b,Tomentella,,,,Tomentella 
210feb94bfb6f2fd23a86fa2a70d7ea145390a61,Tomentella,,,,Tomentella 
2153b8595293a09058815b21f088513637234ac1,Tomentella,,,,Tomentella 
21549109b994b6526552bc91100bebf32595b78a,Tomentella,,,,Tomentella 
237f1b7a5208852df2e1b2a9c8451589305c1757,Tomentella,,,,Tomentella 
23d66e45851b06aecc9cd63c888fe730df16bd80,Tomentella,,,,Tomentella 
2518b618c61e7b19406c44d1f98368266f5d2008,Tomentella,,,,Tomentella 
260bccf03f9c60304ca1e16a7041bada41ecfe74,Tomentella,,,,Tomentella 
2648904854ce91a1c5d0251dbc34aba419e1e652,Tomentella,,,,Tomentella 
28aef0b1be07211bb887de95db3cd9fcbf13bd00,Tomentella,,,,Tomentella 
2b1e1717423cad14f315a656a7b973a4bc1ff1c4,Tomentella,,,,Tomentella 
2b1e1717423cad14f315a656a7b973a4bc1ff1c4,Tomentella,,,,Tomentella 
2c238266d62b5527d56f586ba0baf54378beeec1,Tomentella,,,,Tomentella 
2df9b8cf602a84cf661e3c8fdf6005eec9755882,Tomentella,,,,Tomentella 
2e45611ebd7f558799710a96898b80561504a1e9,Tomentella,,,,Tomentella 
303ad7eb6fb6580d0a6598320ebefbb355457fe2,Tomentella,,,,Tomentella 
307c9a8ffd06c4f12ca30fb8d562462275890eca,Tomentella,,,,Tomentella 
31185bbcd87c5b91c59733a0d134883d3136f187,Tomentella,,,,Tomentella 
33c6d66bcebb076dd4da34c9b1da51041ce2c51a,Tomentella,,,,Tomentella 
347c3e708a353a10c301901aff2c620518624742,Tomentella,,,,Tomentella 
34a897f9a1ada4dc1def61e79d08e4849dcb45fb,Tomentella,,,,Tomentella 
350969374ba659af958276d69df8e81bbed1e8de,Tomentella,,,,Tomentella 
3956d6f5f54208b92663c6e34bd67d0a39e9434b,Tomentella,,,,Tomentella 
3baf62b096a748d79289f445bee411c1dc94974e,Tomentella,,,,Tomentella 
3c9e81056c8b492d171579134840179d9ab4304c,Tomentella,,,,Tomentella 
3d109941cd0fa0fe4d12fcec1251d67f4d888029,Tomentella,,,,Tomentella 
40a3d21877baadc5486add534a73e3d69600ab4d,Tomentella,,,,Tomentella 
44ae2dc70a08e9ce8eecbd75a635c2003341fd86,Tomentella,,,,Tomentella 
4771a75049a854c0650d53103fe1510350153366,Tomentella,,,,Tomentella 
4de92fd629230ce8503267c44dc0d75f1a67e43b,Tomentella,,,,Tomentella 
4f971f22d9411bee90427b9c5632e57de2b8cf44,Tomentella,,,,Tomentella 
4ff616fc5a5dd0066ae1d0a354052b8e1a98cffb,Tomentella,,,,Tomentella 
5436e846fc5f9a5840ceb56a0d056da5bc946093,Tomentella,,,,Tomentella 
5db572d6adc288ee6227d3a2cff4e6559a07ff63,Tomentella,,,,Tomentella 
5fad1ecd031008bc282ad8e6801f5327ff5518c0,Tomentella,,,,Tomentella 
661cf36c2e9a64265ebe37a7f1c4a2719402f9a2,Tomentella,,,,Tomentella 
661cf36c2e9a64265ebe37a7f1c4a2719402f9a2,Tomentella,,,,Tomentella 
66513a634c5f0c5e4eb6f10540b481ca962bc07d,Tomentella,,,,Tomentella 
66b674a98897b1938b26d2fe30626311f8e67ff9,Tomentella,,,,Tomentella 
6a2724a67aa11339ac5f98ad5fd9c279ff9fb945,Tomentella,,,,Tomentella 
6ffaffa0ea75a48bea9b37978c15b6dac85508ee,Tomentella,,,,Tomentella 
6ffaffa0ea75a48bea9b37978c15b6dac85508ee,Tomentella,,,,Tomentella 
6ffaffa0ea75a48bea9b37978c15b6dac85508ee,Tomentella,,,,Tomentella 
6ffaffa0ea75a48bea9b37978c15b6dac85508ee,Tomentella,,,,Tomentella 
6ffaffa0ea75a48bea9b37978c15b6dac85508ee,Tomentella,,,,Tomentella 
6ffaffa0ea75a48bea9b37978c15b6dac85508ee,Tomentella,,,,Tomentella 
6ffaffa0ea75a48bea9b37978c15b6dac85508ee,Tomentella,,,,Tomentella 
6ffaffa0ea75a48bea9b37978c15b6dac85508ee,Tomentella,,,,Tomentella 
6ffaffa0ea75a48bea9b37978c15b6dac85508ee,Tomentella,,,,Tomentella 
6ffaffa0ea75a48bea9b37978c15b6dac85508ee,Tomentella,,,,Tomentella 
6ffaffa0ea75a48bea9b37978c15b6dac85508ee,Tomentella,,,,Tomentella 
6ffaffa0ea75a48bea9b37978c15b6dac85508ee,Tomentella,,,,Tomentella 
6ffaffa0ea75a48bea9b37978c15b6dac85508ee,Tomentella,,,,Tomentella 
6ffaffa0ea75a48bea9b37978c15b6dac85508ee,Tomentella,,,,Tomentella 
7076c76d7aa831502e4b97e2a36d374973b3c433,Tomentella,,,,Tomentella 
72e4dda54e62f418700f4553abf20a7ed6ae9d9a,Tomentella,,,,Tomentella 
7739a3ee96a0d1e064d71a65805406822f7a222d,Tomentella,,,,Tomentella 
7b6bd673d27ae2fe71f780b707c7916f62212bac,Tomentella,,,,Tomentella 
80e29b368989314150afcb45de3c39c11f2b1129,Tomentella,,,,Tomentella 
83313326f67a7056288208bcec9088c860886056,Tomentella,,,,Tomentella 
83313326f67a7056288208bcec9088c860886056,Tomentella,,,,Tomentella 
838438d5ce4181b1df1320ed41aa32048657d200,Tomentella,,,,Tomentella 
87abec0be7949807e68803943eb0db3e798f79dd,Tomentella,,,,Tomentella 
87c80bfb60779fc03501289fb9470360b812a734,Tomentella,,,,Tomentella 
8dab9018927ae0cb7ff1ff631d05e2361137fbee,Tomentella,,,,Tomentella 
8dab9018927ae0cb7ff1ff631d05e2361137fbee,Tomentella,,,,Tomentella 
916836859d86c8f20129ad63915561baa047f1aa,Tomentella,,,,Tomentella 
920d73192484dd5e719845f8f6ed7245706e06f3,Tomentella,,,,Tomentella 
952ff18c14ae82203bec90869f8e57ab832e5f60,Tomentella,,,,Tomentella 
98fbdc86fa6f8a69c52a2fe7696a3cd5b9569075,Tomentella,,,,Tomentella 
9c83f8de0f742d167600ef923df8b922ecc503ad,Tomentella,,,,Tomentella 
9df5690d82eb08387d24025ee3b2074c4ce061e3,Tomentella,,,,Tomentella 
9ee4a8e92358fd0237ac3727ad5eca8c41457107,Tomentella,,,,Tomentella 
a310ce20109d1f6addd687bd161afb04c4612d35,Tomentella,,,,Tomentella 
a78a3a04e20f9370fcb3ec5e648ff88f02426cdc,Tomentella,,,,Tomentella 
a7c7bdafd1e3544d2e604e04dafcdf316bad64e5,Tomentella,,,,Tomentella 
aa9754161a770aeac38d70b7f91dbcb59e1ac015,Tomentella,,,,Tomentella 
af14248645350692311975540eabad764df28602,Tomentella,,,,Tomentella 
af14248645350692311975540eabad764df28602,Tomentella,,,,Tomentella 
b3ecdaf698ba6477a69d7c6cd7ba50118aa3ce43,Tomentella,,,,Tomentella 
b6961e3bc8e26c5ef112e8aa81d2f9236553e9d6,Tomentella,,,,Tomentella 
b6961e3bc8e26c5ef112e8aa81d2f9236553e9d6,Tomentella,,,,Tomentella 
b6961e3bc8e26c5ef112e8aa81d2f9236553e9d6,Tomentella,,,,Tomentella 
bc5ad67f472d29587dc4b8c278ee0bcfc71ca364,Tomentella,,,,Tomentella 
c27082ca2b5f8fd3ca42dc6b2b8db5c9789b549f,Tomentella,,,,Tomentella 
c35488b2cb3ba22868e5e5a433e3ec7ecdc6c21a,Tomentella,,,,Tomentella 
c68df1d3c7b3150e8197e9c8ae91a74a78064ffe,Tomentella,,,,Tomentella 
cc039da9524114edadbec2480b401b259357f38f,Tomentella,,,,Tomentella 
dc09bfa65ee0aec9e6e47c6f7e574b08a4db2e93,Tomentella,,,,Tomentella 
dc09bfa65ee0aec9e6e47c6f7e574b08a4db2e93,Tomentella,,,,Tomentella 
e13784703041ed96eb8629a4deb5ef3deec12a4b,Tomentella,,,,Tomentella 
e28a89ee6a9fc044068f7d32e59bd1e42cceda79,Tomentella,,,,Tomentella 
e868e177ddf045ad871f7464ad69facae3222b4f,Tomentella,,,,Tomentella 
e960610431d3628b506c6d27899ae1600598fe23,Tomentella,,,,Tomentella 
ec3d39ec63b225f843e90143c0a59a6f535a01df,Tomentella,,,,Tomentella 
f1198293358342116fc4f8ce1757c97843ad4ded,Tomentella,,,,Tomentella 
082310cf3a875aff3911c407a14d75c3e4f6b06b,Tomentellopsis,cf,1,echinospora,Tomentellopsis echinospora
1fcdeff8726b399c354f576ee675040d03f78b25,Tomentellopsis,cf,1,echinospora,Tomentellopsis echinospora
4f7b025447e085d0d22cee0aaf244e4a15f2012e,Tomentellopsis,cf,1,echinospora,Tomentellopsis echinospora
2237111143fbd50e067c9ae58be92b5e244f693c,Trebouxia,,,jamesii,Trebouxia jamesii
402ce8588319a3da56862eb4ac66c8454e6c28d5,Tremella,,,,Tremella 
9e9f2ce92442dce483c892c6b4ee75ebe0bf4a7a,Tremella,,,,Tremella 
11281265b89e5a9f0d44f108089472468072f307,Tricholoma,,,argyraceum,Tricholoma argyraceum
1daabf3f832487239c35266f495b9a99915fba53,Tricholoma,,,argyraceum,Tricholoma argyraceum
083cbcd0a10d7b5759c0e0255cd57c18b650ec79,Tricholoma,,,fulvum,Tricholoma fulvum
0da2fbdcd6bac4ccd30501549f25be6a60bfe810,Tricholoma,,,fulvum,Tricholoma fulvum
1fec7503a133ea73d12c3092a07f8f4e6c26bf7a,Tricholoma,,,fulvum,Tricholoma fulvum
28ada405a3e2f495160ade3bba973157257edc90,Tricholoma,,,fulvum,Tricholoma fulvum
3134ccbbffe0758662a1005188e898efff83341d,Tricholoma,,,fulvum,Tricholoma fulvum
3ef87626b9c35a00eed7fd8b172d587dd5177af6,Tricholoma,,,fulvum,Tricholoma fulvum
41ccc3d6f99c56e03727ab9f556533d8cd4dd7b1,Tricholoma,,,fulvum,Tricholoma fulvum
4c6c4b77cb9f722cf0587ac8514eec0c6c5de413,Tricholoma,,,fulvum,Tricholoma fulvum
50f7d07f3c3f54de24225b590c108ee6bde866f0,Tricholoma,,,fulvum,Tricholoma fulvum
7e315fabfce6d1349a957885faece93dc5fa2ddd,Tricholoma,,,fulvum,Tricholoma fulvum
a62c8afbd1148ed4724ec40acf2a84edc573271c,Tricholoma,,,fulvum,Tricholoma fulvum
af8160e39bfad01f58d8e4543026dc470641dd3a,Tricholoma,,,fulvum,Tricholoma fulvum
bf83f7af37c88c7fbf285f26e0623c816c22885b,Tricholoma,,,fulvum,Tricholoma fulvum
d7b917c1543990e84c1be8c21eeece28b36bd3b0,Tricholoma,,,fulvum,Tricholoma fulvum
c404586f78e514e2002d68cba5697e6d8096163c,Tricholoma,,,muricatum,Tricholoma muricatum
180eb7e1d622fc0d0df57adbf5c4160fc8850902,Tricholoma,aff,1,psammopus,Tricholoma psammopus
67086919d6fa0e52d386f0e665eeceae0a0df599,Tricholoma,aff,2,psammopus,Tricholoma psammopus
69f49a4e30f67aee1a95dbc517093414090d96d2,Tricholoma,aff,3,psammopus,Tricholoma psammopus
1d0efbed93f73aed8061ed5703794ee97ad677cf,Tricholoma,,,saponaceum,Tricholoma saponaceum
7d2fd040db6309345d0d120aa8e10bfc5afcc394,Tricholoma,,,saponaceum,Tricholoma saponaceum
17eff153f4996dcaca1b5b6c6520802a65e74804,Tricholoma,,,stiparophyllum,Tricholoma stiparophyllum
d06cf6ec30d2695cb170bf83cbc1b6c66adae772,Tricholoma,,,stiparophyllum,Tricholoma stiparophyllum
117e27b92d9214cf0425d9dab5d591d30e6aff14,Tricholoma,,,terreum,Tricholoma terreum
bee472918fbe6c6463bf9bba40175292921b50db,Tricholoma,,,virgatum,Tricholoma virgatum
ea6eb79a3f29cd1761761b3e5e7107fc3bdae26f,Tricholoma,,,viridilutescens,Tricholoma viridilutescens
01c2dcc62778e4a5d3ff187e8ff3d1dc13323c9c,Tubaria,,,romagnesiana,Tubaria romagnesiana
0535b4ca4081dc61a1729f44ef0b3295c9d4f7a3,Tubaria,,,romagnesiana,Tubaria romagnesiana
1559ccc5a6acf7f63682f19b27e1de28f3b68e23,Tubaria,,,romagnesiana,Tubaria romagnesiana
1d77fa810d1243141bd248dfb9616469c5c09bd2,Tubaria,,,romagnesiana,Tubaria romagnesiana
1ebd90750f8abe2e63d431925db080f3b25c8f1f,Tubaria,,,romagnesiana,Tubaria romagnesiana
23413e7931191db882e03c818b8e2ff4d7814f82,Tubaria,,,romagnesiana,Tubaria romagnesiana
2fd4a95b545278f03d8fca129de058715a281aa7,Tubaria,,,romagnesiana,Tubaria romagnesiana
2fd4a95b545278f03d8fca129de058715a281aa7,Tubaria,,,romagnesiana,Tubaria romagnesiana
2fd4a95b545278f03d8fca129de058715a281aa7,Tubaria,,,romagnesiana,Tubaria romagnesiana
48dbbb4af43fdafe6c0eda792ba7bf7cf0a7e6cc,Tubaria,,,romagnesiana,Tubaria romagnesiana
4c27fad3a1451fda4a401a3a0302ff07984c6b3a,Tubaria,,,romagnesiana,Tubaria romagnesiana
4c27fad3a1451fda4a401a3a0302ff07984c6b3a,Tubaria,,,romagnesiana,Tubaria romagnesiana
4c27fad3a1451fda4a401a3a0302ff07984c6b3a,Tubaria,,,romagnesiana,Tubaria romagnesiana
4c27fad3a1451fda4a401a3a0302ff07984c6b3a,Tubaria,,,romagnesiana,Tubaria romagnesiana
4c27fad3a1451fda4a401a3a0302ff07984c6b3a,Tubaria,,,romagnesiana,Tubaria romagnesiana
4c27fad3a1451fda4a401a3a0302ff07984c6b3a,Tubaria,,,romagnesiana,Tubaria romagnesiana
4c27fad3a1451fda4a401a3a0302ff07984c6b3a,Tubaria,,,romagnesiana,Tubaria romagnesiana
4c27fad3a1451fda4a401a3a0302ff07984c6b3a,Tubaria,,,romagnesiana,Tubaria romagnesiana
4c27fad3a1451fda4a401a3a0302ff07984c6b3a,Tubaria,,,romagnesiana,Tubaria romagnesiana
4c27fad3a1451fda4a401a3a0302ff07984c6b3a,Tubaria,,,romagnesiana,Tubaria romagnesiana
4c27fad3a1451fda4a401a3a0302ff07984c6b3a,Tubaria,,,romagnesiana,Tubaria romagnesiana
4c27fad3a1451fda4a401a3a0302ff07984c6b3a,Tubaria,,,romagnesiana,Tubaria romagnesiana
4c27fad3a1451fda4a401a3a0302ff07984c6b3a,Tubaria,,,romagnesiana,Tubaria romagnesiana
64d646f9a02df60bb231aaf457b32adec601cb43,Tubaria,,,romagnesiana,Tubaria romagnesiana
6a8902510e4159ae24bba96dbcea554ee2dcf0e4,Tubaria,,,romagnesiana,Tubaria romagnesiana
75b53cdb5376eb16e1383e82b1f63604ba1fc505,Tubaria,,,romagnesiana,Tubaria romagnesiana
761ca55dfd306ae648f92746f95857cadc40c57d,Tubaria,,,romagnesiana,Tubaria romagnesiana
7c457d1343e34068470eebd4ad6b0e85d4a11176,Tubaria,,,romagnesiana,Tubaria romagnesiana
7cdf044c3765f3dfbf6434d7bdbac79e78ef83c3,Tubaria,,,romagnesiana,Tubaria romagnesiana
7cdf044c3765f3dfbf6434d7bdbac79e78ef83c3,Tubaria,,,romagnesiana,Tubaria romagnesiana
7cdf044c3765f3dfbf6434d7bdbac79e78ef83c3,Tubaria,,,romagnesiana,Tubaria romagnesiana
7cdf044c3765f3dfbf6434d7bdbac79e78ef83c3,Tubaria,,,romagnesiana,Tubaria romagnesiana
7cdf044c3765f3dfbf6434d7bdbac79e78ef83c3,Tubaria,,,romagnesiana,Tubaria romagnesiana
7cdf044c3765f3dfbf6434d7bdbac79e78ef83c3,Tubaria,,,romagnesiana,Tubaria romagnesiana
7cdf044c3765f3dfbf6434d7bdbac79e78ef83c3,Tubaria,,,romagnesiana,Tubaria romagnesiana
7cdf044c3765f3dfbf6434d7bdbac79e78ef83c3,Tubaria,,,romagnesiana,Tubaria romagnesiana
7cdf044c3765f3dfbf6434d7bdbac79e78ef83c3,Tubaria,,,romagnesiana,Tubaria romagnesiana
7cdf044c3765f3dfbf6434d7bdbac79e78ef83c3,Tubaria,,,romagnesiana,Tubaria romagnesiana
7cdf044c3765f3dfbf6434d7bdbac79e78ef83c3,Tubaria,,,romagnesiana,Tubaria romagnesiana
7cdf044c3765f3dfbf6434d7bdbac79e78ef83c3,Tubaria,,,romagnesiana,Tubaria romagnesiana
7cdf044c3765f3dfbf6434d7bdbac79e78ef83c3,Tubaria,,,romagnesiana,Tubaria romagnesiana
7cdf044c3765f3dfbf6434d7bdbac79e78ef83c3,Tubaria,,,romagnesiana,Tubaria romagnesiana
8b7cd9679ecea82600fc31add414ab3bc09a1a8d,Tubaria,,,romagnesiana,Tubaria romagnesiana
9225eaf11f62b8399763f6d88263105da4dab2f7,Tubaria,,,romagnesiana,Tubaria romagnesiana
a4f404fb639f55fadb85f2e1e87361ce186e3bd1,Tubaria,,,romagnesiana,Tubaria romagnesiana
d7a5a9cc9199e03f160c3dfec77724c3858e5de6,Tubaria,,,romagnesiana,Tubaria romagnesiana
dcb6186c78988a1f2135b68b31fdd5a6fc7da97f,Tubaria,,,romagnesiana,Tubaria romagnesiana
3df85ba482791cbbf5ddd2fd8fc78996de392481,Tygervalleyomyces,aff,,podocarpi,Tygervalleyomyces podocarpi
13de3eadfe6dc4973224f480f3a3800fccf93f77,Tylopilus,,,felleus,Tylopilus felleus
00140ed6ff93b267067a70eeb1417e1172e3d97b,Tylospora,sp,,,Tylospora 
01e5da9c1d0a56f262475837c27a5b133e8435bf,Tylospora,sp,,,Tylospora 
0a022909092866b2dc3446eb3f104c7aed0f51a6,Tylospora,sp,,,Tylospora 
18deae6001a5740a4bcab3433189ecb35021075c,Tylospora,sp,,,Tylospora 
1cbf9633ff632c0a49f2b3569a06416807f0c667,Tylospora,sp,,,Tylospora 
2191feb3f5448ae5f5f00f97e5d249dfbc3ff3ad,Tylospora,sp,,,Tylospora 
2dffd980c1868420420a84a8a208c2a1eca7891a,Tylospora,sp,,,Tylospora 
307775560e16b49d405d8d20eb9fef28272f0b1b,Tylospora,sp,,,Tylospora 
489e499075fd0c46738ab749029fa90be294c5d0,Tylospora,sp,,,Tylospora 
51c904c23e84847e23596cc5d5986290cdb05ae2,Tylospora,sp,,,Tylospora 
53179ac3c81e9e201f20446e4ff626c560436b16,Tylospora,sp,,,Tylospora 
57b0b801f9a608ce660e353c19f5463a0ef3e1f4,Tylospora,sp,,,Tylospora 
6b8c84fe0a522a473740a883e3e5b8500ee0deb2,Tylospora,sp,,,Tylospora 
6c0eec04a2bee8fd609a35606d3277b31236238f,Tylospora,sp,,,Tylospora 
764391650de7aa8f843530c4353c4ce91dde39e0,Tylospora,sp,,,Tylospora 
7e93141bc373f1b65578288812eba2a8c54d7e24,Tylospora,sp,,,Tylospora 
88186b1c0f1b34bc172aa4927ecc380251cb435c,Tylospora,sp,,,Tylospora 
a428b04e102e0f0401c9a1b88c1c808a2626b85d,Tylospora,sp,,,Tylospora 
e3e0d1efeda767153b5755bca2754273d818d049,Tylospora,sp,,,Tylospora 
ee39a0c123a917b0f83605fd3f4f367385adb054,Tylospora,sp,,,Tylospora 
f0917d006598ad5d3c3ad4f0fbf196ab9cb2209e,Tylospora,sp,,,Tylospora 
f2561bb034af53cf35932bffb324971c1f595dfd,Tylospora,sp,,,Tylospora 
ff430a870ea15aef86cd14d40264c5c74487f1f2,Tylospora,sp,,,Tylospora 
7136a12433a3c56e86bd3063bcd5267769cda845,Typhula,sp,,,Typhula 
1c100ffe363b2de4b7d77699d192e6d4db67edf8,Typhula,sp,2,,Typhula 
4916006f3920bc1a0db7ae2e34a30a0da23d01f4,Typhula,sp,2,,Typhula 
6fdde9816bc82e68f1da7110583e929508d086f0,Typhula,sp,2,,Typhula 
b02d34318fbb9fd33ee62d27b590f5f8baac94e9,Typhula,sp,2,,Typhula 
b272e73cb29125ad14c27d96b3dd22059ed08ffe,Typhula,sp,2,,Typhula 
c61ff9b39afd6b4766f6887766a5cf4a6ec85ea0,Typhula,sp,2,,Typhula 
b752851e9c38268f40d9fbc8986dc71790fca7df,Umbelopsis,aff,,vinacea,Umbelopsis vinacea
0d37c3b0646780d430328193e7026332584a808d,Unclassified,,,,Unclassified 
27b128dfcb6ee973e3e4f8a61b1d26dff994e0d0,Unclassified,,,,Unclassified 
2b5d9fd3967fe4aca6cc90381cb59056588bf181,Unclassified,,,,Unclassified 
4e12065106ca8a9d22fb82a2c6aea53aa9aed244,Unclassified,,,,Unclassified 
281e88f8eb8fe0f518319a6bcc37f91121368f9a,Uncobasidium,,,luteolum,Uncobasidium luteolum
281e88f8eb8fe0f518319a6bcc37f91121368f9a,Uncobasidium,,,luteolum,Uncobasidium luteolum
4b38a676034b7454bfb313f3f3149600e678bf8d,Uncobasidium,,,luteolum,Uncobasidium luteolum
6954d27d93eda21aec4dd40f07135c117cff9c7a,Uncobasidium,,,luteolum,Uncobasidium luteolum
9d5c2c0d7d0fe3b44587286fa917da1a94cdb7fa,Uncobasidium,,,luteolum,Uncobasidium luteolum
9d5c2c0d7d0fe3b44587286fa917da1a94cdb7fa,Uncobasidium,,,luteolum,Uncobasidium luteolum
9d5c2c0d7d0fe3b44587286fa917da1a94cdb7fa,Uncobasidium,,,luteolum,Uncobasidium luteolum
012814bfc780467da1ec8337e4a4a8d117ca7dbe,Xerocomus,,,ferrugineus,Xerocomus ferrugineus
18076f9568e6368332bc88d18aced3678d009151,Xerocomus,,,ferrugineus,Xerocomus ferrugineus
3badeb04fbf26b44d24f8e01a1125af1132200ee,Xerocomus,,,ferrugineus,Xerocomus ferrugineus
ee7f0793b3b49c0e84a391f1825f216f1153c6a3,Xerocomus,,,ferrugineus,Xerocomus ferrugineus
ef7288390436f5482c2fb01cef08cfac6d80fcd3,Xerocomus,,,ferrugineus,Xerocomus ferrugineus
2576a8afbf08bc684cc364b06e8eb93ad8732dc2,Xeromphalina,sp,,,Xeromphalina 
cca347fd153da46f38fe307e1984293a78d6a07b,Xeromphalina,sp,,,Xeromphalina 
171f0b784662bc3b03e404677ed27c2f742d5d38,Xeromphalina,sp,1,,Xeromphalina 
db9ed41820951b0b9a81af830e69ec893882331b,Xeromphalina,,,enigmatica,Xeromphalina enigmatica
00b04f93d64bd320581c06bd2329c2dde3169603,Xeromphalina,,,setulipes,Xeromphalina setulipes
a3106a86301dc086a4cf267d37d3b4c68aab109d,Xeromphalina,,,setulipes,Xeromphalina setulipes
d447b7583fb781709dc0e524733f602aea555ae7,Xeromphalina,,,setulipes,Xeromphalina setulipes
06ea1d29238fbed725ec2ae3d68c1857757f6344,Yunzhangia,sp,,,Yunzhangia 
17f048be86e64da792a2ba0012b1bd2c718174d3,Zhuliangomyces,,,illinitus,Zhuliangomyces illinitus
2cddc17a1115a71ada7eddc7af87d94b9f8ddde1,Zhuliangomyces,,,illinitus,Zhuliangomyces illinitus
